Position	Consensus	DRM	Reduced_Consensus	Reduced_DRM	Mutant_MSA_frequency(based_on_unreduced)	Mutant_MSA_frequency(based_on_reduced)
140	G	S	C	D	0.19918032786885245	0.19918032786885245
155	N	H	A	C	0.19836065573770492	0.19836065573770492
148	Q	H	D	B	0.1860655737704918	0.1860655737704918
151	V	I	A	B	0.09836065573770492	0.09836065573770492
97	T	A	A	B	0.09098360655737706	0.09098360655737706
157	E	Q	B	A	0.06475409836065574	0.06475409836065574
143	Y	R	D	C	0.05491803278688524	0.05491803278688524
148	Q	R	D	C	0.05081967213114754	0.05081967213114754
74	L	I	A	C	0.04262295081967213	0.04262295081967213
74	L	M	A	B	0.04016393442622951	0.04016393442622951
232	D	N	C	D	0.03278688524590164	0.03278688524590164
138	E	K	D	A	0.03278688524590164	0.03442622950819672
92	E	Q	A	C	0.03114754098360656	0.03278688524590164
163	G	R	A	D	0.02622950819672131	0.04180327868852459
143	Y	C	D	A	0.023770491803278688	0.023770491803278688
230	S	R	D	C	0.022950819672131147	0.022950819672131147
138	E	D	D	C	0.022131147540983605	0.022131147540983605
138	E	A	D	B	0.01721311475409836	0.01721311475409836
147	S	G	B	A	0.013114754098360656	0.013114754098360656
163	G	K	A	C	0.012295081967213115	0.05491803278688524
140	G	A	C	A	0.011475409836065573	0.011475409836065573
140	G	C	C	B	0.005737704918032787	0.005737704918032787
143	Y	H	D	B	0.004918032786885246	0.01721311475409836
143	Y	S	D	B	0.004918032786885246	0.01721311475409836
148	Q	K	D	A	0.004918032786885246	0.006557377049180328
95	Q	K	D	A	0.004918032786885246	0.004918032786885246
143	Y	G	D	B	0.004098360655737705	0.01721311475409836
143	Y	K	D	B	0.002459016393442623	0.01721311475409836
121	F	Y	B	A	0.002459016393442623	0.002459016393442623
66	T	I	D	C	0.001639344262295082	0.001639344262295082
148	Q	N	D	A	0.001639344262295082	0.006557377049180328
92	E	G	A	C	0.001639344262295082	0.03278688524590164
263	R	K	A	B	0.001639344262295082	0.001639344262295082
143	Y	A	D	B	0.000819672131147541	0.01721311475409836
66	T	K	D	A	0.000819672131147541	0.000819672131147541
138	E	T	D	A	0.000819672131147541	0.03442622950819672
92	E	V	A	D	0.000819672131147541	0.001639344262295082
66	T	A	D	B	0.000819672131147541	0.000819672131147541
75	V	A	C	A	0.0	0.002459016393442623
74	L	F	A	A	0.0	0.9155737704918033
51	H	Y	B	D	0.0	0.0
122	T	N	C	A	0.0	0.000819672131147541
140	G	R	C	A	0.0	0.011475409836065573
118	G	R	A	A	0.0	1.0
121	F	C	B	B	0.0	0.9975409836065574
145	P	S	A	A	0.0	1.0
151	V	A	A	B	0.0	0.09836065573770492
151	V	L	A	A	0.0	0.9016393442622951
146	Q	L	A	A	0.0	1.0
146	Q	P	A	A	0.0	1.0
155	N	T	A	A	0.0	0.8008196721311476
155	N	S	A	A	0.0	0.8008196721311476
153	S	Y	A	D	0.0	0.0
153	S	F	A	A	0.0	0.9983606557377049
