Mutation Pairs	ΔΔE	Energy Type	ΔE(M1,M2)	ΔE(M1)	ΔE(M2)
D30N_N88D	4.6108785	Wildtype	-4.8736153	-3.3826494	-6.101837
D30N_N88D	4.6108785	Rescue example	2.182047	-0.94966507	-1.4791632
D30N_N88D	4.6108785	Compensate example	-2.1058712	-1.2527208	-5.464025
D30N_N88D	4.6108785	Antagonistic example	-5.6063213	-4.6131735	-5.604015
D30N_N88D	4.6108785	flip example	0.60025597	-2.047474	-1.9631433
V32I_I47V	3.4506056	Wildtype	-7.4023676	-4.8156433	-6.0373354
V32I_I47V	3.4506056	Rescue example	6.372223	3.7773395	2.5948877
V32I_I47V	3.4506056	Compensate example	5.6462183	7.364147	1.7326765
V32I_I47V	3.4506056	Antagonistic example	-4.201536	-3.4516516	-4.200491
V32I_I47V	3.4506056	flip example	2.5160866	-1.0294275	0.094919205
G48V_I54A	3.1376057	Wildtype	-11.476565	-5.687656	-8.926517
G48V_I54A	3.1376057	Rescue example	3.2705717	0.16085434	1.0277929
G48V_I54A	3.1376057	Compensate example	5.7678022	-2.4476032	6.133487
G48V_I54A	3.1376057	Antagonistic example	-0.43967247	-0.43837547	1.0543904
G48V_I54A	3.1376057	flip example	3.2705717	0.16085434	1.0277929
D30N_K45Q	3.081643	Wildtype	-7.607358	-3.3826494	-7.306343
D30N_K45Q	3.081643	Rescue example	-1.1502514	-1.9683943	-2.2634892
D30N_K45Q	3.081643	Compensate example	1.7485409	5.090331	-3.3417826
D30N_K45Q	3.081643	Antagonistic example	-7.16329	-3.0822296	-7.162693
D30N_K45Q	3.081643	flip example	3.6521664	2.8515406	3.8822718
I54A_V82A	2.9455953	Wildtype	-9.210552	-8.926517	-3.2296362
I54A_V82A	2.9455953	Rescue example	13.708156	8.430667	8.223079
I54A_V82A	2.9455953	Compensate example	6.631871	0.70117927	8.792951
I54A_V82A	2.9455953	Antagonistic example	-7.8272877	-7.824754	-2.9481292
I54A_V82A	2.9455953	flip example	13.708156	8.430667	8.223079
I54V_V82A	2.8622637	Wildtype	-5.2233877	-4.8560233	-3.2296362
I54V_V82A	2.8622637	Rescue example	9.517582	5.2275915	5.1272626
I54V_V82A	2.8622637	Compensate example	3.5026083	4.623398	-3.14578
I54V_V82A	2.8622637	Antagonistic example	-4.230565	-4.2293997	-2.8634315
I54V_V82A	2.8622637	flip example	9.517582	5.2275915	5.1272626
M46I_L76V	2.665547	Wildtype	-7.147024	-3.361691	-6.450879
M46I_L76V	2.665547	Rescue example	3.362671	2.1725955	-0.06936169
M46I_L76V	2.665547	Compensate example	1.3892345	7.508278	-6.119046
M46I_L76V	2.665547	Antagonistic example	-4.9637604	-2.6659503	-4.9633646
M46I_L76V	2.665547	flip example	-1.3435116	-2.1964703	-1.8125944
I54V_V82T	2.476119	Wildtype	-7.0959435	-4.8560233	-4.7160444
I54V_V82T	2.476119	Rescue example	5.1457014	1.1939821	1.756763
I54V_V82T	2.476119	Compensate example	2.4265575	4.623398	-4.3917985
I54V_V82T	2.476119	Antagonistic example	0.53030777	2.8595226	0.53305006
I54V_V82T	2.476119	flip example	9.372118	6.138081	5.963764
I54A_V82T	2.3435872	Wildtype	-11.298969	-8.926517	-4.7160444
I54A_V82T	2.3435872	Rescue example	12.100888	8.430667	6.6158133
I54A_V82T	2.3435872	Compensate example	0.7873316	-3.0318522	1.756763
I54A_V82T	2.3435872	Antagonistic example	-0.40722275	-0.40429783	2.4731927
I54A_V82T	2.3435872	flip example	12.100888	8.430667	6.6158133
G48V_V82A	2.3191676	Wildtype	-6.598114	-5.687656	-3.2296362
G48V_V82A	2.3191676	Rescue example	7.8417053	4.5501776	5.610693
G48V_V82A	2.3191676	Compensate example	4.1874247	-3.9877572	8.17518
G48V_V82A	2.3191676	Antagonistic example	-4.2548065	-4.2543063	-2.3196745
G48V_V82A	2.3191676	flip example	3.7315588	2.0954285	1.6361327
I54A_A71I	2.26015	Wildtype	-14.104578	-8.926517	-7.4382095
I54A_A71I	2.26015	Rescue example	9.154715	6.133487	3.5814507
I54A_A71I	2.26015	Compensate example	4.04158	6.159316	-3.1888008
I54A_A71I	2.26015	Antagonistic example	-2.6222343	0.2155683	-2.6191368
I54A_A71I	2.26015	flip example	9.154715	6.133487	3.5814507
M46I_N88T	2.2406816	Wildtype	-8.950181	-3.361691	-7.8291693
M46I_N88T	2.2406816	Rescue example	3.0114536	2.965816	2.2863173
M46I_N88T	2.2406816	Compensate example	1.2163668	7.7571745	-6.540811
M46I_N88T	2.2406816	Antagonistic example	0.42180443	2.2398324	0.4226513
M46I_N88T	2.2406816	flip example	-1.3609219	-2.0121574	-1.2975693
L90M_C95F	2.0020018	Wildtype	-10.117173	-3.569047	-8.550135
L90M_C95F	2.0020018	Rescue example	0.13072586	-1.0174751	-0.8538017
L90M_C95F	2.0020018	Compensate example	2.049508	8.141314	-6.091799
L90M_C95F	2.0020018	Antagonistic example	-5.6002436	-2.0021582	-5.600099
L90M_C95F	2.0020018	flip example	0.13072586	-1.0174751	-0.8538017
V32I_M46I	1.9782121	Wildtype	-6.1991167	-4.8156433	-3.361691
V32I_M46I	1.9782121	Rescue example	7.419672	3.7773395	3.6423264
V32I_M46I	1.9782121	Compensate example	0.64751625	-7.109661	7.7571745
V32I_M46I	1.9782121	Antagonistic example	-6.355076	-6.353857	-1.9794383
V32I_M46I	1.9782121	flip example	7.419672	3.7773395	3.6423264
G48V_V82T	1.9567208	Wildtype	-8.446971	-5.687656	-4.7160444
G48V_V82T	1.9567208	Rescue example	6.6129932	4.5216684	4.410491
G48V_V82T	1.9567208	Compensate example	1.3721895	-4.1515145	5.5236998
G48V_V82T	1.9567208	Antagonistic example	-2.6303596	-2.6201887	0.35227156
G48V_V82T	1.9567208	flip example	6.6129932	4.5216684	4.410491
I54V_T91S	1.9268732	Wildtype	-11.344474	-4.8560233	-8.415323
I54V_T91S	1.9268732	Rescue example	9.358952	8.071686	3.2141337
I54V_T91S	1.9268732	Compensate example	7.2634478	8.454239	-0.47930336
I54V_T91S	1.9268732	Antagonistic example	-2.8272514	-0.008158684	-2.819087
I54V_T91S	1.9268732	flip example	-0.17875767	-0.6540928	0.4753418
M46I_F53Y	1.8669852	Wildtype	-10.2549515	-3.361691	-8.760241
M46I_F53Y	1.8669852	Rescue example	8.468054	5.5814543	4.7535896
M46I_F53Y	1.8669852	Compensate example	0.49797535	7.7571745	-7.259203
M46I_F53Y	1.8669852	Antagonistic example	-8.360226	-1.8671036	-8.360104
M46I_F53Y	1.8669852	flip example	-5.5180206	-3.044814	-2.473206
M46L_K55R	1.8074695	Wildtype	-8.30777	-4.1704254	-5.944815
M46L_K55R	1.8074695	Rescue example	1.0279016	-0.22332096	-0.5562477
M46L_K55R	1.8074695	Compensate example	2.0818892	3.2081203	-2.9337077
M46L_K55R	1.8074695	Antagonistic example	-4.5960293	-1.8108673	-4.592638
M46L_K55R	1.8074695	flip example	1.5120535	0.42222452	1.0483341
M46L_V82A	1.8062705	Wildtype	-5.593793	-4.1704254	-3.2296362
M46L_V82A	1.8062705	Rescue example	11.454313	5.8923454	6.1075087
M46L_V82A	1.8062705	Compensate example	7.3850822	-1.0730462	7.751751
M46L_V82A	1.8062705	Antagonistic example	-2.3846006	-1.8065891	-2.3842854
M46L_V82A	1.8062705	flip example	9.780847	6.071362	4.2550287
M46I_K55R	1.7659798	Wildtype	-7.5405245	-3.361691	-5.944815
M46I_K55R	1.7659798	Rescue example	3.0691261	1.4869394	-0.18379688
M46I_K55R	1.7659798	Compensate example	5.0026407	7.508278	-2.505642
M46I_K55R	1.7659798	Antagonistic example	-4.158904	-0.0018873215	-4.15702
M46I_K55R	1.7659798	flip example	0.44182777	0.20895958	0.23286963
