mutation pair,count_total,count_with_mutation,observed_frequency
G140S-Q148H,1220,221,0.18114754098360655
Y143C-S230R,1220,22,0.018032786885245903
G140A-Q148K,1220,4,0.003278688524590164
G140S-Q148R,1220,19,0.01557377049180328
G140S-Q148K,1220,2,0.001639344262295082
G140A-Q148R,1220,10,0.00819672131147541
E138K-Q148K,1220,4,0.003278688524590164
G140A-Q148H,1220,0,0.0
E138K-Q148R,1220,22,0.018032786885245903
Y143C-S230K,1220,1,0.000819672131147541
N155H-E170A,1220,5,0.004098360655737705
E138K-S147G,1220,13,0.010655737704918032
S147G-Q148R,1220,11,0.009016393442622951
Y143R-V151V,1220,67,0.05491803278688524
E138K-Q148H,1220,11,0.009016393442622951
S147G-L158V,1220,1,0.000819672131147541
E92Q-K215R,1220,1,0.000819672131147541
E138A-Q148H,1220,15,0.012295081967213115
E138K-S230K,1220,1,0.000819672131147541
E138K-Y194C,1220,2,0.001639344262295082
Y143R-N155H,1220,1,0.000819672131147541
Q148H-N155H,1220,1,0.000819672131147541
G140S-N155H,1220,1,0.000819672131147541
G140S-S147G,1220,0,0.0
Y143R-Q148H,1220,0,0.0
Q148R-N155H,1220,1,0.000819672131147541
G140S-Y143R,1220,0,0.0
E92Q-Y143R,1220,0,0.0
G140A-S147G,1220,0,0.0
E92Q-Q148H,1220,0,0.0
N155H-G193D,1220,0,0.0
E92Q-G140S,1220,0,0.0
Y143R-Q148R,1220,0,0.0
G140A-S230N,1220,0,0.0
S147G-V151V,1220,10,0.00819672131147541
Q148R-V165I,1220,0,0.0
N155H-V176L,1220,0,0.0
N155H-K160R,1220,0,0.0
Y143C-L234I,1220,0,0.0
E92Q-G163R,1220,0,0.0
