wildtype_aa1	pos1	mutate_aa1	wildtype_aa2	pos2	mutate_aa2	ddE	mutation_rate_1	mutation_rate_2
B	116	C	D	151	C	4.382362	0.024226320725226635	0.02954048140043764
D	41	C	D	215	C	3.4362667	0.4001771386891737	0.36980306345733044
A	75	D	C	77	D	3.3571672	0.06059185162029801	0.027612795665312075
C	101	A	D	190	C	3.3036745	0.07387725330832552	0.03282275711159737
A	75	C	C	132	D	2.900959	0.02855058872564343	0.0
C	70	D	C	219	A	2.772025	0.20021881838074398	0.08190059393560488
A	67	D	C	219	D	2.7301908	0.3273939772845681	0.1262894654579556
C	70	D	C	219	D	2.719706	0.20021881838074398	0.1262894654579556
A	210	D	D	215	C	2.6954288	0.274981765134938	0.36980306345733044
B	116	C	D	151	B	2.675765	0.024226320725226635	0.0008856934458685005
C	103	A	B	179	C	2.6426065	0.02417422111076378	0.021412941544232574
C	101	A	D	190	B	2.642376	0.07387725330832552	0.13691778680837763
C	103	B	D	225	A	2.635779	0.3761071168073356	0.052099614462852974
B	65	C	D	68	C	2.627472	0.030321975617380433	0.0
C	100	B	C	103	B	2.58845	0.05460039595706992	0.3761071168073356
A	75	C	C	77	D	2.534711	0.02855058872564343	0.027612795665312075
D	41	C	D	215	B	2.4847035	0.4001771386891737	0.13186412420548088
A	67	C	C	219	A	2.4163756	0.03693862665416276	0.08190059393560488
A	67	D	C	219	A	2.381989	0.3273939772845681	0.08190059393560488
C	101	D	C	103	D	2.3547902	0.015004688965301657	0.023184328435969574
A	210	D	D	215	A	2.2769861	0.274981765134938	0.03355215171407731
D	41	C	D	215	A	2.2717772	0.4001771386891737	0.03355215171407731
A	67	D	C	70	D	2.2054775	0.3273939772845681	0.20021881838074398
B	218	C	C	219	D	2.179316	0.0	0.1262894654579556
A	67	C	C	219	D	2.1590638	0.03693862665416276	0.1262894654579556
D	74	B	D	115	A	2.13481	0.10482442429926019	0.021829738459935397
A	67	C	C	70	D	2.133395	0.03693862665416276	0.20021881838074398
D	74	B	C	100	B	2.0359862	0.10482442429926019	0.05460039595706992
B	62	D	A	75	C	2.0352395	0.049182036052933205	0.02855058872564343
C	101	B	D	190	C	2.028583	0.0	0.03282275711159737
B	116	C	D	151	A	1.9941566	0.024226320725226635	0.0
A	67	C	B	69	C	1.9708596	0.03693862665416276	0.07814942169427946
B	62	D	A	75	B	1.9484322	0.049182036052933205	0.025268313014483693
D	106	A	B	179	C	1.9371679	0.008544336771907888	0.021412941544232574
A	75	C	D	151	C	1.8707886	0.02855058872564343	0.02954048140043764
C	102	B	D	188	B	1.8230608	0.0	0.05027612795665312
A	210	D	C	219	D	-0.91691184	0.274981765134938	0.1262894654579556
D	106	C	D	225	A	-0.9231576	0.04511826612483068	0.052099614462852974
D	74	B	B	116	C	-0.9333198	0.10482442429926019	0.024226320725226635
D	74	B	A	75	C	-0.961673	0.10482442429926019	0.02855058872564343
C	101	A	C	103	D	-0.97862923	0.07387725330832552	0.023184328435969574
D	181	A	D	188	B	-0.9796611	0.15713243721996456	0.05027612795665312
C	103	D	D	188	B	-0.9822972	0.023184328435969574	0.05027612795665312
C	221	D	C	223	A	-0.9864521	0.05746587475252683	0.0
D	41	C	A	46	C	-0.99041444	0.4001771386891737	0.0
D	172	B	B	184	D	-1.001485	0.0	0.014483692820673128
C	100	B	B	108	C	-1.013859	0.05460039595706992	0.08997603417734709
C	138	B	D	181	A	-1.0163683	0.03240596019589455	0.15713243721996456
D	68	B	B	69	C	-1.0378395	0.0	0.07814942169427946
D	74	B	C	77	D	-1.041035	0.10482442429926019	0.027612795665312075
C	100	B	C	101	D	-1.0505337	0.05460039595706992	0.015004688965301657
B	65	C	D	215	B	-1.1570175	0.030321975617380433	0.13186412420548088
D	60	B	B	62	D	-1.2215312	0.0	0.049182036052933205
C	101	A	C	103	B	-1.2235842	0.07387725330832552	0.3761071168073356
C	100	B	D	190	B	-1.2411776	0.05460039595706992	0.13691778680837763
C	103	B	D	190	A	-1.2519963	0.3761071168073356	0.009482129832239242
A	210	D	C	214	D	-1.3035792	0.274981765134938	0.0
C	103	B	D	190	C	-1.3126684	0.3761071168073356	0.03282275711159737
B	108	C	D	188	B	-1.3217586	0.08997603417734709	0.05027612795665312
D	172	B	B	184	C	-1.3425732	0.0	0.5479837449202876
C	214	D	D	215	C	-1.3435519	0.0	0.36980306345733044
D	74	B	A	75	D	-1.3590415	0.10482442429926019	0.06059185162029801
C	103	B	B	179	C	-1.3873076	0.3761071168073356	0.021412941544232574
A	67	D	D	68	B	-1.4406009	0.3273939772845681	0.0
B	65	C	D	215	C	-1.495287	0.030321975617380433	0.36980306345733044
C	100	B	D	181	A	-1.7352755	0.05460039595706992	0.15713243721996456
