Top Pairs	de1	de2
F116Y-Q151M	-5.77	-5.26
M41L-T215Y	-3.64	-3.12
V75I-I132L	-5.2	-6.86
K70R-K219E	-3.36	-5.29
D67N-K219Q	-3.63	-4.9
K70R-K219Q	-3.36	-4.9
L210W-T215Y	-5.12	-3.12
F116Y-Q151L	-5.77	-7.98
K65R-S68N	-4.03	-5.89
V75I-F77L	-5.2	-5.82
M41L-T215F	-3.64	-4.36
D67N-K219E	-3.63	-5.29
L210W-T215S	-5.12	-4.08
M41L-T215S	-3.64	-4.08
D67N-K70R	-3.63	-3.36
L74V-Y115F	-3.98	-4.96
L74V-L100I	-3.98	-5.43
A62V-V75I	-3.68	-5.2
F116Y-Q151R	-5.77	-6.34
A62V-V75T	-3.68	-5.57
K65R-T215Y	-4.03	-3.12
D67N-S68G	-3.63	-3.36
L74V-V75M	-3.98	-5.65
L210W-F214L	-5.12	-1.63
K65R-T215F	-4.03	-4.36
L74V-F77L	-3.98	-5.82
M41L-K46Q	-3.64	-6.3
L74V-V75I	-3.98	-5.2
L74V-F116Y	-3.98	-5.77
L210W-K219Q	-5.12	-4.9
K70R-L210W	-3.36	-5.12
L74I-Q151M	-5.35	-5.26
M41L-F214L	-3.64	-1.63
L74I-F116Y	-5.35	-5.77
D67N-S68R	-3.63	-6.41
L74I-V75M	-5.35	-5.65
K70R-L210S	-3.36	-5.54
K65R-D67N	-4.03	-3.63
L74V-Q151M	-3.98	-5.26
M184V-Y188C	-0.91	-5.38
