mutation_pair,carriers,gain of fitness n,gain of fitness %,rescue n,rescue %,compensatory n,compensatory %,non-compensatory n,non-compensatory %
L63P-L90M,1626,1270,78.1,0,0.0,352,21.6,4,0.2
A71V-L90M,1031,824,79.9,22,2.1,145,14.1,40,3.9
V77I-I93L,994,505,50.8,80,8.0,342,34.4,67,6.7
E35D-M36I,941,552,58.7,82,8.7,245,26.0,62,6.6
L10I-V82A,878,757,86.2,15,1.7,87,9.9,19,2.2
I54V-V82A,877,655,74.7,103,11.7,105,12.0,14,1.6
L10I-I54V,841,725,86.2,11,1.3,98,11.7,7,0.8
M36I-I62V,817,476,58.3,11,1.3,221,27.1,109,13.3
I54V-A71V,791,671,84.8,8,1.0,95,12.0,17,2.1
A71V-V82A,782,652,83.4,5,0.6,107,13.7,18,2.3
K20R-M36I,567,362,63.8,74,13.1,131,23.1,0,0.0
E35D-N37D,552,145,26.3,28,5.1,252,45.7,127,23.0
L10I-I84V,457,194,42.5,3,0.7,257,56.2,3,0.7
G73S-L90M,431,246,57.1,5,1.2,179,41.5,1,0.2
M46L-V82A,398,225,56.5,10,2.5,144,36.2,19,4.8
A71V-G73S,344,192,55.8,14,4.1,129,37.5,9,2.6
