target,pair_aa,pair,mutant_group,shares_position,n_obs,obs_freq,w_obs_freq,n_gof,n_gof_dmc,pct_dmc_gof,gof_overlap_with_target,n_beats_target
V75M-F77L,V75M-F77L,A75D-C77D,75:HLM 77:HL,target,230,0.011982911326456184,0.012395407578152802,103,10,4.3478260869565215,103,0
V75M-F77L,V75I-Q151M,A75C-D151C,75:DI 151:M,75,333,0.01734917161613004,0.017429460768037808,394,319,95.7957957957958,97,68
V75M-F77L,F77S-Q151M,C77A-D151C,77:CPQRWMYGKVNS 151:M,77,1,5.209961446285297e-05,5.83771169440517e-05,0,0,0.0,0,24
V75M-F77L,V75I-K219Q,A75C-C219D,75:DI 219:Q,75,97,0.005053662602896738,0.005044755700242822,124,54,55.670103092783506,34,13
V75M-F77L,V75I-T215Y,A75C-D215C,75:DI 215:HKRY,75,114,0.005939356048765239,0.005962411637680528,49,14,12.280701754385966,17,12
V75M-F77L,V75I-M184V,A75C-B184C,75:DI 184:GPV,75,322,0.016776075857038657,0.017046117739023276,284,168,52.17391304347826,83,4
V75M-F77L,F77S-T215Y,C77A-D215C,77:CPQRWMYGKVNS 215:HKRY,77,8,0.0004167969157028238,0.0004670169355524136,0,0,0.0,0,3
V75M-F77L,F77S-K219Q,C77A-C219D,77:CPQRWMYGKVNS 219:Q,77,3,0.00015629884338855892,0.0001751313508321551,0,0,0.0,0,3
V75M-F77L,D67N-V75I,A67D-A75C,67:LN 75:DI,75,163,0.008492237157445034,0.008296685398911126,106,65,39.877300613496935,30,2
V75M-F77L,V75I-K122E,A75C-A122C,75:DI 122:E,75,322,0.016776075857038657,0.016730557022640775,301,186,57.7639751552795,71,1
V75M-F77L,V75I-K103N,A75C-C103B,75:DI 103:AFMCLVYTEGIQN,75,244,0.012712305928936126,0.012845560006768366,139,71,29.098360655737704,37,1
V75M-F77L,M41L-V75I,D41C-A75C,41:EL 75:DI,75,165,0.008596436386370742,0.00844197956312489,37,18,10.909090909090908,15,1
V75M-F77L,V75I-Y181C,A75C-D181A,75:DI 181:CWRG,75,162,0.008440137542982182,0.008333333093500678,127,75,46.2962962962963,32,1
V75M-F77L,M41L-V75T,D41C-A75B,41:EL 75:AKSNRT,75,359,0.018703761592164216,0.018794419747013034,124,74,20.61281337047354,6,0
V75M-F77L,V75T-K122E,A75B-A122C,75:AKSNRT 122:E,75,317,0.016515577784724393,0.01658290010299581,221,52,16.40378548895899,48,0
V75M-F77L,V75I-F116Y,A75C-B116C,75:DI 116:EKY,75,316,0.01646347817026154,0.01658299257234906,404,305,96.51898734177215,96,0
V75M-F77L,A62V-V75I,B62D-A75C,62:FIV 75:DI,75,314,0.016359278941335834,0.01639164540110353,323,189,60.19108280254777,91,0
V75M-F77L,V75T-M184V,A75B-B184C,75:AKSNRT 184:GPV,75,305,0.01589038241117016,0.01613890978771351,204,56,18.360655737704917,49,0
V75M-F77L,D67N-V75T,A67D-A75B,67:LN 75:AKSNRT,75,302,0.0157340835677816,0.015680973587833096,144,63,20.86092715231788,14,0
V75M-F77L,V75T-T215Y,A75B-D215C,75:AKSNRT 215:HKRY,75,276,0.01437949359174742,0.014002631475691609,125,58,21.014492753623188,10,0
V75M-F77L,V75T-R211K,A75B-D211C,75:AKSNRT 211:K,75,273,0.014223194748358862,0.01425332879366641,136,42,15.384615384615385,22,0
V75M-F77L,V75T-V118I,A75B-D118A,75:AKSNRT 118:EISHPQTWY,75,265,0.013806397832656038,0.01353376130018469,146,61,23.0188679245283,16,0
V75M-F77L,V75I-F77L,A75C-C77D,75:DI 77:HL,75,253,0.013181202459101803,0.013279820724723836,326,224,88.53754940711462,96,0
V75M-F77L,V75I-F214L,A75C-C214D,75:DI 214:L,75,229,0.011930811711993332,0.012223519368052474,229,150,65.50218340611353,52,0
V75M-F77L,S68G-V75I,D68B-A75C,68:EG 75:DI,75,193,0.010055225591330624,0.010537069374892865,237,157,81.34715025906736,65,0
V75M-F77L,K65R-V75I,B65C-A75C,65:FR 75:DI,75,153,0.007971241012816505,0.00791334231151948,167,95,62.091503267973856,39,0
V75M-F77L,V75I-K219E,A75C-C219A,75:DI 219:LPVYWAMTGHE,75,102,0.0053141606752110035,0.0055215021747449505,168,55,53.92156862745098,43,0
V75M-F77L,F77S-I135T,C77A-A135C,77:CPQRWMYGKVNS 135:QT,77,8,0.0004167969157028238,0.0004670169355524136,0,0,0.0,0,0
V75M-F77L,F77S-M184V,C77A-B184C,77:CPQRWMYGKVNS 184:GPV,77,8,0.0004167969157028238,0.0004670169355524136,0,0,0.0,0,0
V75M-F77L,M41L-F77S,D41C-C77A,41:EL 77:CPQRWMYGKVNS,77,7,0.00036469730123997083,0.0003586022814595866,0,0,0.0,0,0
V75M-F77L,F77S-R211K,C77A-D211C,77:CPQRWMYGKVNS 211:K,77,7,0.00036469730123997083,0.0003586022814595866,0,0,0.0,0,0
V75M-F77L,F77S-D177E,C77A-B177A,77:CPQRWMYGKVNS 177:PAVWCQMRYE,77,6,0.00031259768677711783,0.0003502627016643102,0,0,0.0,0,0
V75M-F77L,F77S-K103N,C77A-C103B,77:CPQRWMYGKVNS 103:AFMCLVYTEGIQN,77,6,0.00031259768677711783,0.00030022516451553487,0,0,0.0,0,0
V75M-F77L,F77S-K122E,C77A-A122C,77:CPQRWMYGKVNS 122:E,77,5,0.0002604980723142649,0.00029188558472025846,0,0,0.0,0,0
V75M-F77L,F77S-D123E,C77A-B123C,77:CPQRWMYGKVNS 123:E,77,5,0.0002604980723142649,0.00029188558472025846,0,0,0.0,0,0
V75M-F77L,F77S-T200A,C77A-D200A,77:CPQRWMYGKVNS 200:KWYACRHML,77,5,0.0002604980723142649,0.00029188558472025846,0,0,0.0,0,0
V75M-F77L,K70R-F77S,C70D-C77A,70:R 77:CPQRWMYGKVNS,77,5,0.0002604980723142649,0.00029188558472025846,0,0,0.0,0,0
V75M-F77L,V60I-F77S,D60B-C77A,60:DGI 77:CPQRWMYGKVNS,77,5,0.0002604980723142649,0.0002418480475714832,0,0,0.0,0,0
M41L-T215F,M41L-T215F,D41C-D215B,41:EL 215:FIMV,target,1098,0.05720537668021257,0.05724453047253406,5617,606,55.19125683060109,5617,0
M41L-T215F,M41L-T215Y,D41C-D215C,41:EL 215:HKRY,215,6114,0.3185370428258831,0.3123350844074763,6991,5223,85.42688910696762,5572,1235
M41L-T215F,D67N-T215Y,A67D-D215C,67:LN 215:HKRY,215,3455,0.18000416796915703,0.17728727140946937,4470,2681,77.59768451519537,3802,984
M41L-T215F,R211K-T215Y,D211C-D215C,211:K 215:HKRY,215,4337,0.22595602792539335,0.22318331305677855,6128,3705,85.42771501037583,4883,950
M41L-T215F,K122E-T215Y,A122C-D215C,122:E 215:HKRY,215,4279,0.22293425028654787,0.22135983947744792,5962,3505,81.91166160317832,4496,778
M41L-T215F,L210W-T215Y,A210D-D215C,210:RYW 215:HKRY,215,4775,0.24877565906012294,0.24557394884677694,5605,4251,89.0261780104712,4812,406
M41L-T215F,M184V-T215Y,B184C-D215C,184:GPV 215:HKRY,215,4587,0.23898093154110658,0.23808631955899573,6732,3643,79.42010028340964,4555,299
M41L-T215F,K103N-T215Y,C103B-D215C,103:AFMCLVYTEGIQN 215:HKRY,215,2746,0.14306554131499427,0.1389581771478988,2145,1216,44.28259286234523,1485,194
M41L-T215F,T215Y-K219Q,D215C-C219D,215:HKRY 219:Q,215,339,0.01766176930290716,0.017498540628848144,1226,161,47.49262536873157,854,95
M41L-T215F,V118I-T215Y,D118A-D215C,118:EISHPQTWY 215:HKRY,215,3278,0.17078253620923206,0.16969396050907934,3655,2543,77.5777913361806,3474,87
M41L-T215F,E203K-T215Y,D203B-D215C,203:CKPV 215:HKRY,215,965,0.05027612795665312,0.04860791407086963,791,601,62.27979274611399,777,83
M41L-T215F,Y181C-T215Y,D181A-D215C,181:CWRG 215:HKRY,215,1495,0.0778889236219652,0.07437235294118648,1196,674,45.08361204013378,993,58
M41L-T215F,K70R-T215Y,C70D-D215C,70:R 215:HKRY,215,758,0.039491507762842555,0.04010591279066213,1490,402,53.03430079155673,944,56
M41L-T215F,T215Y-K219E,D215C-C219A,215:HKRY 219:LPVYWAMTGHE,215,577,0.030061477545066165,0.03085869959164769,1738,355,61.52512998266898,1107,49
M41L-T215F,I135T-T215Y,A135C-D215C,135:QT 215:HKRY,215,2962,0.1543190580389705,0.15760417552692052,4081,1712,57.79878460499663,2652,47
M41L-T215F,G190A-T215Y,D190B-D215C,190:A 215:HKRY,215,1255,0.06538501615088048,0.06571796899696317,1212,575,45.81673306772908,972,43
M41L-T215F,K43E-T215Y,C43B-D215C,43:ACVHDTE 215:HKRY,215,1390,0.07241846410336564,0.07165367065180292,1038,782,56.2589928057554,1032,40
M41L-T215F,D123E-T215Y,B123C-D215C,123:E 215:HKRY,215,1753,0.09133062415338127,0.09337100088705301,935,504,28.750713063320024,611,21
M41L-T215F,V75M-T215Y,A75D-D215C,75:HLM 215:HKRY,215,828,0.043138480775242266,0.04422142994969438,371,270,32.608695652173914,335,18
M41L-T215F,T215S-K219Q,D215A-C219D,215:WNQCDAEPLGS 219:Q,215,99,0.005157861831822445,0.005419342336847094,1333,25,25.252525252525253,1032,15
M41L-T215F,D67G-T215Y,A67C-D215C,67:CQFKRYMTHSG 215:HKRY,215,284,0.014796290507450245,0.014573198325050557,1713,152,53.521126760563384,1391,13
M41L-T215F,E44D-T215Y,C44B-D215C,44:DHMRLYNTQSV 215:HKRY,215,2109,0.10987808690215692,0.10867034533964798,2126,1357,64.34329065908014,2117,11
M41L-T215F,L74V-T215Y,D74B-D215C,74:EV 215:HKRY,215,1343,0.06996978222361154,0.06777126803176174,1079,615,45.793000744601635,972,11
M41L-T215F,K101E-T215Y,C101A-D215C,101:CEWYH 215:HKRY,215,727,0.03787641971449411,0.03815917470298499,867,384,52.81980742778542,706,8
M41L-T215F,Q151M-T215Y,D151C-D215C,151:M 215:HKRY,215,65,0.0033864749400854435,0.0029804760465013463,48,20,30.76923076923077,20,8
M41L-T215F,D177E-T215Y,B177A-D215C,177:PAVWCQMRYE 215:HKRY,215,1541,0.08028550588725643,0.07973327239342988,484,200,12.978585334198572,330,7
M41L-T215F,G190S-T215Y,D190C-D215C,190:CDHFTKPLVIS 215:HKRY,215,301,0.015681983953318747,0.01517464497633651,501,132,43.85382059800664,415,7
M41L-T215F,T215Y-K219N,D215C-C219B,215:HKRY 219:CRDSFN,215,1490,0.07762842554965094,0.07710120545837564,1618,844,56.644295302013425,1605,6
M41L-T215F,D67N-T215S,A67D-D215A,67:LN 215:WNQCDAEPLGS,215,199,0.010367823278107742,0.010344911462247221,3876,76,38.19095477386934,3472,6
M41L-T215F,K49R-T215Y,D49A-D215C,49:VIFWYALNDR 215:HKRY,215,559,0.02912368448473481,0.02981694610440436,74,37,6.618962432915922,50,5
M41L-T215F,F214L-T215Y,C214D-D215C,214:L 215:HKRY,215,255,0.013285401688027509,0.013501005432850452,100,9,3.5294117647058822,51,5
M41L-T215F,R211N-T215Y,D211B-D215C,211:DEHN 215:HKRY,215,169,0.008804834844222153,0.008201984813885028,228,46,27.218934911242602,222,5
M41L-T215F,K103S-T215Y,C103D-D215C,103:S 215:HKRY,215,201,0.010472022507033447,0.011186723440711399,92,25,12.437810945273633,67,4
M41L-T215F,K70R-T215S,C70D-D215A,70:R 215:WNQCDAEPLGS,215,114,0.005939356048765239,0.00607365244475885,1186,26,22.80701754385965,859,4
M41L-T215F,H208Y-T215Y,C208D-D215C,208:NSVY 215:HKRY,215,1752,0.09127852453891841,0.09146429263061266,1545,1078,61.529680365296805,1542,3
M41L-T215F,G196E-T215Y,D196C-D215C,196:E 215:HKRY,215,1684,0.08773575075544442,0.0874965021518801,414,264,15.676959619952495,393,3
M41L-T215F,V60I-T215Y,D60B-D215C,60:DGI 215:HKRY,215,1290,0.06720850265708034,0.06851103634279075,496,203,15.736434108527131,386,3
M41L-T215F,R211T-T215Y,D211A-D215C,211:MYLIFPVSWACQTG 215:HKRY,215,404,0.021048244242992602,0.020561949075747953,164,42,10.396039603960396,119,3
M41L-T215F,V75I-T215Y,A75C-D215C,75:DI 215:HKRY,215,114,0.005939356048765239,0.005962411637680528,49,14,12.280701754385966,25,3
M41L-T215F,Q151M-T215S,D151C-D215A,151:M 215:WNQCDAEPLGS,215,14,0.0007293946024799417,0.0007297139618006462,41,4,28.571428571428573,19,3
M41L-T215F,M41I-K103N,D41B-C103B,41:APWCFDVGQSI 103:AFMCLVYTEGIQN,41,12,0.0006251953735542357,0.0007005254033286204,4,0,0.0,4,3
M41L-T215F,Q207E-T215Y,D207B-D215C,207:DE 215:HKRY,215,1758,0.09159112222569553,0.08760090904176344,878,556,31.62684869169511,801,2
M41L-T215F,V108I-T215Y,B108C-D215C,108:EIHM 215:HKRY,215,855,0.044545170365739295,0.045018902931657376,361,225,26.31578947368421,330,2
M41L-T215F,Y188L-T215Y,D188B-D215C,188:AL 215:HKRY,215,491,0.02558091070126081,0.025381118958640633,142,89,18.126272912423627,115,2
M41L-T215F,G190E-T215Y,D190A-D215C,190:RNWYMQE 215:HKRY,215,63,0.0032822757111597373,0.0033430628580779494,19,11,17.46031746031746,18,2
M41L-T215F,M41I-D67N,D41B-A67D,41:APWCFDVGQSI 67:LN,41,8,0.0004167969157028238,0.0004670169355524136,20,0,0.0,20,2
M41L-T215F,M41I-K219Q,D41B-C219D,41:APWCFDVGQSI 219:Q,41,4,0.0002083984578514119,0.0002335084677762068,0,0,0.0,0,2
M41L-T215F,M41I-Q151M,D41B-D151C,41:APWCFDVGQSI 151:M,41,0,0.0,0.0,0,0,,0,2
M41L-T215F,T200A-T215Y,D200A-D215C,200:KWYACRHML 215:HKRY,215,2276,0.11857872251745337,0.12121229868740177,1212,590,25.922671353251317,949,1
M41L-T215F,S68G-T215Y,D68B-D215C,68:EG 215:HKRY,215,698,0.03636553089507138,0.036396602642266705,185,98,14.040114613180515,141,1
M41L-T215F,L74I-T215Y,D74C-D215C,74:I 215:HKRY,215,643,0.033500052099614465,0.0326308156104609,420,160,24.883359253499222,408,1
M41L-T215F,E169D-T215Y,D169C-D215C,169:D 215:HKRY,215,384,0.02000625195373554,0.01973438409105109,13,7,1.8229166666666667,10,1
M41L-T215F,K122E-T215S,A122C-D215A,122:E 215:WNQCDAEPLGS,215,345,0.017974366989684278,0.018049022889499604,5266,124,35.94202898550725,4527,1
M41L-T215F,R211K-T215S,D211C-D215A,211:K 215:WNQCDAEPLGS,215,325,0.016932374700427216,0.01616427592932228,5538,124,38.15384615384615,4863,1
M41L-T215F,K122P-T215Y,A122D-D215C,122:P 215:HKRY,215,194,0.010107325205793476,0.009992216478005437,150,21,10.824742268041238,140,1
M41L-T215F,K103R-T215Y,C103A-D215C,103:DPRWH 215:HKRY,215,145,0.007554444097113681,0.007043199042545603,40,17,11.724137931034482,26,1
M41L-T215F,D67G-T215S,A67C-D215A,67:CQFKRYMTHSG 215:WNQCDAEPLGS,215,22,0.0011461915181827655,0.0012259194558250856,1453,5,22.727272727272727,1280,1
M41L-T215F,M41I-M184V,D41B-B184C,41:APWCFDVGQSI 184:GPV,41,18,0.0009377930603313535,0.0010507881049929306,27,0,0.0,27,1
M41L-T215F,M41I-K122E,D41B-A122C,41:APWCFDVGQSI 122:E,41,10,0.0005209961446285298,0.0005837711694405169,16,0,0.0,16,1
M41L-T215F,M41I-L74V,D41B-D74B,41:APWCFDVGQSI 74:EV,41,3,0.00015629884338855892,0.0001751313508321551,6,0,0.0,6,1
M41L-T215F,M41I-V75I,D41B-A75C,41:APWCFDVGQSI 75:DI,41,0,0.0,0.0,0,0,,0,1
M41L-T215F,M41L-T215S,D41C-D215A,41:EL 215:WNQCDAEPLGS,215,274,0.014275294362821715,0.01326105674315586,5297,138,50.36496350364963,5103,0
M41L-T215F,L210W-T215S,A210D-D215A,210:RYW 215:WNQCDAEPLGS,215,193,0.010055225591330624,0.009169863402309342,4646,103,53.36787564766839,4423,0
M41L-T215F,M41I-I135T,D41B-A135C,41:APWCFDVGQSI 135:QT,41,13,0.0006772949880170887,0.000758902520272672,13,0,0.0,13,0
M41L-T215F,M41I-R211K,D41B-D211C,41:APWCFDVGQSI 211:K,41,12,0.0006251953735542357,0.0007005254033286204,19,0,0.0,19,0
M41L-T215F,M41I-T215Y,D41B-D215C,41:APWCFDVGQSI 215:HKRY,41,10,0.0005209961446285298,0.0005837711694405169,18,0,0.0,18,0
M41L-T215F,M41I-T215F,D41B-D215B,41:APWCFDVGQSI 215:FIMV,41,8,0.0004167969157028238,0.0004670169355524136,3,0,0.0,3,0
M41L-T215F,M41I-D123E,D41B-B123C,41:APWCFDVGQSI 123:E,41,8,0.0004167969157028238,0.0004670169355524136,7,0,0.0,7,0
M41L-T215F,M41I-K70R,D41B-C70D,41:APWCFDVGQSI 70:R,41,8,0.0004167969157028238,0.0004670169355524136,0,0,0.0,0,0
M41L-T215F,M41K-M184V,D41A-B184C,41:KHYRNT 184:GPV,41,7,0.00036469730123997083,0.0004086398186083619,0,0,0.0,0,0
M41L-T215F,M41I-D177E,D41B-B177A,41:APWCFDVGQSI 177:PAVWCQMRYE,41,7,0.00036469730123997083,0.0004086398186083619,2,0,0.0,2,0
M41L-T215F,M41I-L210W,D41B-A210D,41:APWCFDVGQSI 210:RYW,41,6,0.00031259768677711783,0.0003502627016643102,18,0,0.0,18,0
M41L-T215F,M41I-V118I,D41B-D118A,41:APWCFDVGQSI 118:EISHPQTWY,41,5,0.0002604980723142649,0.00029188558472025846,18,0,0.0,18,0
M41L-T215F,M41I-E44D,D41B-C44B,41:APWCFDVGQSI 44:DHMRLYNTQSV,41,4,0.0002083984578514119,0.0002335084677762068,18,0,0.0,18,0
M41L-T215F,M41I-H208Y,D41B-C208D,41:APWCFDVGQSI 208:NSVY,41,3,0.00015629884338855892,0.0001751313508321551,19,0,0.0,19,0
M41L-T215F,M41I-K219N,D41B-C219B,41:APWCFDVGQSI 219:CRDSFN,41,1,5.209961446285297e-05,5.83771169440517e-05,19,0,0.0,19,0
M41L-T215F,M41I-K223Q,D41B-C223A,41:APWCFDVGQSI 223:QVWY,41,1,5.209961446285297e-05,5.83771169440517e-05,16,0,0.0,16,0
M41L-T215F,M41I-E203K,D41B-D203B,41:APWCFDVGQSI 203:CKPV,41,0,0.0,0.0,14,0,,14,0
D67G-K219G,D67G-K219E,A67C-C219A,67:CQFKRYMTHSG 219:LPVYWAMTGHE,target,208,0.010836719808273419,0.01154504767196298,2144,166,79.8076923076923,2144,0
D67G-K219G,T215F-K219Q,D215B-C219D,215:FIMV 219:Q,219,1321,0.06882359070542877,0.06892099606801322,3147,1134,85.8440575321726,1912,598
D67G-K219G,D67N-T215F,A67D-D215B,67:LN 215:FIMV,67,1783,0.09289361258726686,0.09362341186529566,5962,1562,87.6051598429613,1997,573
D67G-K219G,D67N-K219Q,A67D-C219D,67:LN 219:Q,219,2082,0.10847139731165989,0.10867817517045802,3330,1794,86.1671469740634,2013,443
D67G-K219G,D67N-T215Y,A67D-D215C,67:LN 215:HKRY,67,3455,0.18000416796915703,0.17728727140946937,4470,2681,77.59768451519537,1214,390
D67G-K219G,T215Y-K219Q,D215C-C219D,215:HKRY 219:Q,219,339,0.01766176930290716,0.017498540628848144,1226,161,47.49262536873157,982,192
D67G-K219G,D67N-K70R,A67D-C70D,67:LN 70:R,67,2943,0.15332916536417632,0.1547951240594567,3564,2595,88.17533129459736,1952,185
D67G-K219G,D67N-F214L,A67D-C214D,67:LN 214:L,67,1116,0.05814316974054392,0.060040632202523266,1009,665,59.587813620071685,584,151
D67G-K219G,K122E-K219Q,A122C-C219D,122:E 219:Q,219,1344,0.0700218818380744,0.07024664302078158,2120,940,69.94047619047619,1410,143
D67G-K219G,T215Y-K219N,D215C-C219B,215:HKRY 219:CRDSFN,219,1490,0.07762842554965094,0.07710120545837564,1618,844,56.644295302013425,373,135
D67G-K219G,K70R-K219Q,C70D-C219D,70:R 219:Q,219,2016,0.1050328227571116,0.10510646840975882,3130,1753,86.95436507936508,1845,128
D67G-K219G,D67N-M184V,A67D-B184C,67:LN 184:GPV,67,3999,0.20834635823694905,0.20996321369887033,5179,3032,75.81895473868467,1867,119
D67G-K219G,M184V-K219Q,B184C-C219D,184:GPV 219:Q,219,1606,0.08367198082734188,0.08569969144505724,2915,1278,79.57658779576587,1771,119
D67G-K219G,D67N-K122E,A67D-A122C,67:LN 122:E,67,3853,0.2007398145253725,0.19959212500335152,4711,2909,75.49961069296651,1527,115
D67G-K219G,D67N-K103N,A67D-C103B,67:LN 103:AFMCLVYTEGIQN,67,2274,0.11847452328852766,0.11466324273371607,1620,961,42.26033421284081,616,115
D67G-K219G,K103N-K219Q,C103B-C219D,103:AFMCLVYTEGIQN 219:Q,219,927,0.04829634260706471,0.04738310669912231,970,415,44.7680690399137,613,112
D67G-K219G,F214L-K219Q,C214D-C219D,214:L 219:Q,219,985,0.05131812024591018,0.05244544494484039,1178,646,65.58375634517766,664,80
D67G-K219G,I135T-K219Q,A135C-C219D,135:QT 219:Q,219,1173,0.06111284776492654,0.062291301993002084,2150,834,71.09974424552429,1335,41
D67G-K219G,Q151M-K219Q,D151C-C219D,151:M 219:Q,219,149,0.007762842554965094,0.007773885859000122,161,99,66.44295302013423,61,31
D67G-K219G,D67N-K219E,A67D-C219A,67:LN 219:LPVYWAMTGHE,67,1175,0.06121704699385225,0.06323979103067325,3136,896,76.25531914893617,2113,30
D67G-K219G,G190A-K219Q,D190B-C219D,190:A 219:Q,219,518,0.02698760029175784,0.02773329990049382,634,217,41.891891891891895,459,30
D67G-K219G,D67N-Q151M,A67D-D151C,67:LN 151:M,67,212,0.01104511826612483,0.010652202009226496,140,115,54.24528301886792,60,28
D67G-K219G,D67N-G190A,A67D-D190B,67:LN 190:A,67,1329,0.0692403876211316,0.07015629777731931,1218,618,46.50112866817156,472,26
D67G-K219G,D67N-I135T,A67D-A135C,67:LN 135:QT,67,2746,0.14306554131499427,0.14629671361408952,3344,1653,60.196649672250544,1345,19
D67G-K219G,D67N-Y181C,A67D-D181A,67:LN 181:CWRG,67,1391,0.07247056371782849,0.07113418366301578,1098,689,49.532710280373834,465,17
D67G-K219G,Y181C-K219Q,D181A-C219D,181:CWRG 219:Q,219,482,0.025112014171095133,0.024552441773111746,475,206,42.738589211618255,372,12
D67G-K219G,R211K-K219Q,D211C-C219D,211:K 219:Q,219,907,0.04725435031780765,0.04796847611727052,913,343,37.81697905181918,631,10
D67G-K219G,M41L-D67N,D41C-A67D,41:EL 67:LN,67,4040,0.21048244242992603,0.20663761715742796,4097,3093,76.55940594059406,965,8
D67G-K219G,D67N-R211K,A67D-D211C,67:LN 211:K,67,3394,0.176826091486923,0.17582337185708727,3753,2249,66.26399528579847,748,8
D67G-K219G,D67G-K219Q,A67C-C219D,67:CQFKRYMTHSG 219:Q,219,169,0.008804834844222153,0.008629110563853364,2037,125,73.96449704142012,1835,7
D67G-K219G,D123E-K219Q,B123C-C219D,123:E 219:Q,219,629,0.03277065749713452,0.03295429932753216,421,180,28.616852146263913,220,4
D67G-K219G,M41L-K219N,D41C-C219B,41:EL 219:CRDSFN,219,1495,0.0778889236219652,0.07727439086639157,1575,847,56.65551839464883,340,3
D67G-K219G,D67N-E203K,A67D-D203B,67:LN 203:CKPV,67,818,0.04261748463061373,0.04153844526732207,731,451,55.13447432762836,74,3
D67G-K219G,D67N-K101E,A67D-C101A,67:LN 101:CEWYH,67,727,0.03787641971449411,0.038803477513624604,822,384,52.81980742778542,293,3
D67G-K219G,E203K-K219Q,D203B-C219D,203:CKPV 219:Q,219,164,0.008544336771907888,0.008579490131205153,82,27,16.463414634146343,65,3
D67G-K219G,K101E-K219Q,C101A-C219D,101:CEWYH 219:Q,219,234,0.012191309784307595,0.01287222363817833,367,103,44.01709401709402,276,2
D67G-K219G,D67N-K103R,A67D-C103A,67:LN 103:DPRWH,67,190,0.009898926747942065,0.009549662298177077,47,24,12.631578947368421,22,2
D67G-K219G,V75M-K219Q,A75D-C219D,75:HLM 219:Q,219,167,0.008700635615296447,0.008990075951006845,118,30,17.964071856287426,61,2
D67G-K219G,F116Y-K219Q,B116C-C219D,116:EKY 219:Q,219,115,0.005991455663228092,0.006042031428578,157,83,72.17391304347827,59,2
D67G-K219G,K103R-K219Q,C103A-C219D,103:DPRWH 219:Q,219,90,0.004688965301656768,0.0043735579680559055,40,12,13.333333333333334,25,2
D67G-K219G,V60I-D67N,D60B-A67D,60:DGI 67:LN,67,1851,0.09643638637074085,0.09797556551316133,788,495,26.74230145867099,424,1
D67G-K219G,D67N-D123E,A67D-B123C,67:LN 123:E,67,1612,0.083984578514119,0.08515664578695617,773,454,28.16377171215881,221,1
D67G-K219G,D67N-L74V,A67D-D74B,67:LN 74:EV,67,890,0.04636865687193915,0.04549421321232848,725,359,40.337078651685395,159,1
D67G-K219G,V60I-K219Q,D60B-C219D,60:DGI 219:Q,219,847,0.04412837345003647,0.04459094332295062,611,291,34.35655253837072,400,1
D67G-K219G,D67N-V75M,A67D-A75D,67:LN 75:HLM,67,663,0.03454204438887152,0.034934951251035254,310,188,28.355957767722472,64,1
D67G-K219G,K49R-D67N,D49A-A67D,49:VIFWYALNDR 67:LN,67,423,0.022038136917786808,0.02258318751467505,41,27,6.382978723404255,14,1
D67G-K219G,D67N-R211T,A67D-D211A,67:LN 211:MYLIFPVSWACQTG,67,405,0.021100343857455454,0.021505156618894954,128,32,7.901234567901234,33,1
D67G-K219G,D67N-G190S,A67D-D190C,67:LN 190:CDHFTKPLVIS,67,318,0.016567677399187245,0.016389861921803774,537,148,46.540880503144656,202,1
D67G-K219G,R211T-K219Q,D211A-C219D,211:MYLIFPVSWACQTG 219:Q,219,232,0.01208711055538189,0.012152169688181117,69,16,6.896551724137931,35,1
D67G-K219G,L74V-K219Q,D74B-C219D,74:EV 219:Q,219,229,0.011930811711993332,0.011914769451526716,199,53,23.14410480349345,174,1
D67G-K219G,D67N-K103S,A67D-C103D,67:LN 103:S,67,198,0.01031572366364489,0.010901231492970204,92,31,15.656565656565656,45,1
D67G-K219G,L100I-K219Q,C100B-C219D,100:AI 219:Q,219,156,0.008127539856205065,0.007970769691147971,103,48,30.76923076923077,87,1
D67G-K219G,D67N-F116Y,A67D-B116C,67:LN 116:EKY,67,151,0.0078670417838908,0.007681455443297747,133,95,62.913907284768214,58,1
D67G-K219G,K49R-K219Q,D49A-C219D,49:VIFWYALNDR 219:Q,219,151,0.0078670417838908,0.008057014992933006,24,13,8.609271523178808,14,1
D67G-K219G,K103S-K219Q,C103D-C219D,103:S 219:Q,219,111,0.00578305720537668,0.006080949584376856,76,17,15.315315315315315,56,1
D67G-K219G,G190S-K219Q,D190C-C219D,190:CDHFTKPLVIS 219:Q,219,108,0.005626758361988122,0.005595446600710238,249,42,38.888888888888886,191,1
D67G-K219G,S68G-K219Q,D68B-C219D,68:EG 219:Q,219,95,0.004949463373971032,0.004996108122248485,58,12,12.631578947368421,28,1
D67G-K219G,D67E-T215Y,A67B-D215C,67:AIPVE 215:HKRY,67,87,0.004532666458268208,0.004262224399738758,48,4,4.597701149425287,40,1
D67G-K219G,D67N-L210W,A67D-A210D,67:LN 210:RYW,67,3024,0.1575492341356674,0.1552302423372601,3193,2341,77.41402116402116,334,0
D67G-K219G,D67N-V118I,A67D-D118A,67:LN 118:EISHPQTWY,67,2883,0.15020318849640513,0.14925233274257327,3284,2173,75.37287547693374,583,0
D67G-K219G,L210W-K219N,A210D-C219B,210:RYW 219:CRDSFN,219,1450,0.07554444097113681,0.07508802884092139,1576,835,57.58620689655172,314,0
D67G-K219G,V118I-K219N,D118A-C219B,118:EISHPQTWY 219:CRDSFN,219,1273,0.06632280921121184,0.0658903436052019,1608,791,62.13668499607227,303,0
D67G-K219G,R211K-K219N,D211C-C219B,211:K 219:CRDSFN,219,1206,0.06283213504220068,0.06359755927826305,1559,706,58.540630182421225,302,0
D67G-K219G,K122E-K219N,A122C-C219B,122:E 219:CRDSFN,219,1150,0.05991455663228092,0.05985632752991165,1451,634,55.130434782608695,301,0
D67G-K219G,D67N-K219N,A67D-C219B,67:LN 219:CRDSFN,219,1089,0.05673648015004689,0.056378719252654384,1593,654,60.05509641873278,326,0
D67G-K219G,D67N-T215S,A67D-D215A,67:LN 215:WNQCDAEPLGS,67,199,0.010367823278107742,0.010344911462247221,3876,76,38.19095477386934,1037,0
