mutation_pair,epistasis_subset,num_seqs,average_p,actual_p,abs_diff
G140S-Q148H,Gain_of_function,182,65.42%,68.73%,3.30%
G140S-Q148H,rescue,900,13.11%,11.13%,1.98%
G140S-Q148H,compensatory,105,0.08%,0.00%,0.08%
G140S-Q148H,non_compensatory,33,0.00%,0.00%,0.00%
Y143C-S230R,Gain_of_function,25,61.41%,69.25%,7.84%
Y143C-S230R,rescue,241,3.22%,3.02%,0.20%
Y143C-S230R,compensatory,365,0.56%,0.06%,0.50%
Y143C-S230R,non_compensatory,589,0.02%,0.00%,0.02%
G140A-Q148K,Gain_of_function,5,64.02%,75.00%,10.98%
G140A-Q148K,rescue,16,1.41%,0.00%,1.41%
G140A-Q148K,compensatory,167,0.22%,0.00%,0.22%
G140A-Q148K,non_compensatory,1032,0.00%,0.00%,0.00%
G140S-Q148R,Gain_of_function,19,32.12%,42.43%,10.31%
G140S-Q148R,rescue,234,3.26%,5.18%,1.92%
G140S-Q148R,compensatory,472,0.98%,0.00%,0.98%
G140S-Q148R,non_compensatory,495,0.04%,0.00%,0.04%
G140S-Q148K,Gain_of_function,5,30.43%,37.50%,7.07%
G140S-Q148K,rescue,35,3.54%,0.00%,3.54%
G140S-Q148K,compensatory,319,0.13%,0.00%,0.13%
G140S-Q148K,non_compensatory,861,0.01%,0.00%,0.01%
G140A-Q148R,Gain_of_function,16,45.73%,44.83%,0.90%
G140A-Q148R,rescue,37,3.80%,6.67%,2.86%
G140A-Q148R,compensatory,546,0.31%,0.08%,0.23%
G140A-Q148R,non_compensatory,621,0.02%,0.00%,0.02%
E138K-Q148K,Gain_of_function,13,20.20%,22.73%,2.53%
E138K-Q148K,rescue,31,0.09%,0.00%,0.09%
E138K-Q148K,compensatory,362,0.18%,0.41%,0.23%
E138K-Q148K,non_compensatory,814,0.01%,0.00%,0.01%
G140A-Q148H,Gain_of_function,4,0.10%,0.00%,0.10%
G140A-Q148H,rescue,4,0.74%,0.00%,0.74%
G140A-Q148H,compensatory,260,0.22%,0.00%,0.22%
G140A-Q148H,non_compensatory,952,0.03%,0.00%,0.03%
E138K-Q148R,Gain_of_function,29,63.93%,63.92%,0.01%
E138K-Q148R,rescue,13,9.88%,13.64%,3.75%
E138K-Q148R,compensatory,361,1.23%,0.54%,0.69%
E138K-Q148R,non_compensatory,817,0.06%,0.00%,0.06%
Y143C-S230K,Gain_of_function,1,97.07%,100.00%,2.93%
Y143C-S230K,rescue,1,1.42%,0.00%,1.42%
Y143C-S230K,compensatory,57,0.04%,0.00%,0.04%
Y143C-S230K,non_compensatory,1161,0.00%,0.00%,0.00%