mutation_pair,epistasis_subset,num_seqs,average_p_total,observed_f_total,weighted_average_p_total,weighted_observed_f_total,,average_p_subcategory,observed_f_subcategory,weighted_average_p_subcategory,weighted_observed_f_subcategory
D30N-N88D,Total,5710,0.043,0.043,0.043,0.046,,0.043,0.043,0.043,0.046
D30N-N88D,Gain_of_function,117,0.012,0.012,0.012,0.013,,0.595,0.59,0.601,0.624
D30N-N88D,rescue,923,0.02,0.024,0.02,0.025,,0.123,0.148,0.122,0.153
D30N-N88D,compensatory,2746,0.01,0.007,0.01,0.008,,0.022,0.015,0.021,0.016
D30N-N88D,non_compensatory,1924,0,0,0,0,,0.001,0.001,0.001,0.001
,,,,,,,,,,,
D30N-N88D,flipped,2068,0.005,0.006,0.005,0.006,,0.015,0.017,0.015,0.016
D30N-N88D,non_flipped,3642,0.037,0.037,0.037,0.04,,0.059,0.058,0.059,0.063
,,,,,,,,,,,
V32I-I47V,Total,5710,0.026,0.027,0.029,0.031,,0.026,0.027,0.029,0.031
V32I-I47V,Gain_of_function,105,0.013,0.012,0.015,0.015,,0.719,0.657,0.72,0.696
V32I-I47V,rescue,206,0.006,0.008,0.006,0.008,,0.154,0.209,0.158,0.215
V32I-I47V,compensatory,920,0.006,0.006,0.006,0.006,,0.038,0.036,0.039,0.038
V32I-I47V,non_compensatory,4479,0.001,0.002,0.001,0.002,,0.002,0.002,0.002,0.003
,,,,,,,,,,,
V32I-I47V,flipped,2351,0.009,0.01,0.01,0.011,,0.021,0.024,0.023,0.027
V32I-I47V,non_flipped,3359,0.018,0.018,0.019,0.019,,0.03,0.03,0.033,0.034
,,,,,,,,,,,
G48V-I54A,Total,5710,0.02,0.019,0.019,0.019,,0.02,0.019,0.019,0.019
G48V-I54A,Gain_of_function,298,0.014,0.014,0.014,0.015,,0.273,0.275,0.271,0.283
G48V-I54A,rescue,269,0.003,0.003,0.003,0.003,,0.065,0.067,0.061,0.071
G48V-I54A,compensatory,968,0.002,0.001,0.002,0.001,,0.014,0.006,0.013,0.006
G48V-I54A,non_compensatory,4175,0,0,0,0,,0,0,0,0
,,,,,,,,,,,
G48V-I54A,flipped,2104,0.013,0.013,0.014,0.014,,0.036,0.037,0.036,0.038
G48V-I54A,non_flipped,3606,0.007,0.005,0.006,0.005,,0.01,0.008,0.009,0.008
,,,,,,,,,,,
D30N-K45Q,Total,5710,0.002,0.003,0.002,0.003,,0.002,0.003,0.002,0.003
D30N-K45Q,Gain_of_function,4,0.001,0.001,0.001,0.001,,0.755,1,0.755,1
D30N-K45Q,rescue,3,0,0,0,0,,0.14,0.333,0.14,0.333
D30N-K45Q,compensatory,1801,0.002,0.002,0.002,0.002,,0.005,0.007,0.005,0.007
D30N-K45Q,non_compensatory,3902,0,0,0,0,,0,0,0,0
,,,,,,,,,,,
D30N-K45Q,flipped,201,0,0,0,0,,0.009,0.01,0.01,0.011
D30N-K45Q,non_flipped,5509,0.002,0.003,0.002,0.003,,0.002,0.003,0.002,0.003
,,,,,,,,,,,
I54A-V82A,Total,5710,0.023,0.022,0.022,0.022,,0.023,0.022,0.022,0.022
I54A-V82A,Gain_of_function,475,0.019,0.02,0.018,0.02,,0.223,0.24,0.215,0.242
I54A-V82A,rescue,93,0.001,0,0.001,0,,0.032,0.011,0.031,0.012
I54A-V82A,compensatory,2215,0.003,0.002,0.003,0.001,,0.009,0.005,0.009,0.004
I54A-V82A,non_compensatory,2927,0,0,0,0,,0,0,0,0
,,,,,,,,,,,
I54A-V82A,flipped,287,0.004,0.004,0.004,0.005,,0.077,0.087,0.073,0.083
I54A-V82A,non_flipped,5423,0.019,0.018,0.018,0.018,,0.02,0.018,0.019,0.019