mutation_pair,epistasis_subset,num_seqs,average_p,actual_p
D30N-N88D,Gain_of_function,117,0.5945075070021693,0.5897435897435898
D30N-N88D,rescue,923,0.12256968846902588,0.14842903575297942
D30N-N88D,rescue+gof,1040,0.1756626930540045,0.19807692307692307
D30N-N88D,non_compensatory,1924,0.0007638448486228985,0.0005197505197505198
V32I-I47V,Gain_of_function,105,0.719022064194226,0.6571428571428571
V32I-I47V,rescue,206,0.15444471549538485,0.2087378640776699
V32I-I47V,rescue+gof,311,0.34505764672811257,0.36012861736334406
V32I-I47V,non_compensatory,4479,0.0018880941022024942,0.002455905336012503
G48V-I54A,Gain_of_function,298,0.273461477211085,0.2751677852348993
G48V-I54A,rescue,269,0.06492990351257853,0.06691449814126393
G48V-I54A,rescue+gof,567,0.17452850838410397,0.1763668430335097
G48V-I54A,non_compensatory,4175,0.00033255238567032213,0.0
D30N-K45Q,Gain_of_function,4,0.7553545481242093,1.0
D30N-K45Q,rescue,3,0.1397044753560995,0.3333333333333333
D30N-K45Q,rescue+gof,7,0.49150451693787656,0.7142857142857143
D30N-K45Q,non_compensatory,3902,0.0002548061856143845,0.0
I54A-V82A,Gain_of_function,475,0.22286463272004284,0.24
I54A-V82A,rescue,93,0.03229613955623668,0.010752688172043012
I54A-V82A,rescue+gof,568,0.1916623970435746,0.20246478873239437
I54A-V82A,non_compensatory,2927,0.000358345952657231,0.0
I54V-V82A,Gain_of_function,1320,0.5034895720400906,0.4962121212121212
I54V-V82A,rescue,418,0.16930262943609736,0.24641148325358853
I54V-V82A,rescue+gof,1738,0.4231154972365986,0.4361334867663982
I54V-V82A,non_compensatory,2497,0.006276881089235647,0.005606728073688426
M46I-L76V,Gain_of_function,79,0.4351204840235061,0.569620253164557
M46I-L76V,rescue,34,0.18729579958910483,0.23529411764705882
M46I-L76V,rescue+gof,113,0.3605537648131553,0.4690265486725664
M46I-L76V,non_compensatory,2249,0.00171156785395191,0.0013339261894175188
I54V-V82T,Gain_of_function,968,0.13842017856317415,0.13739669421487602
I54V-V82T,rescue,368,0.09017082007893917,0.12771739130434784
I54V-V82T,rescue+gof,1336,0.12512993610643877,0.1347305389221557
I54V-V82T,non_compensatory,3355,0.004005675999786059,0.004769001490312966
I54A-V82T,Gain_of_function,334,0.060946958357783965,0.059880239520958084
I54A-V82T,rescue,75,0.022966600921083782,0.05333333333333334
I54A-V82T,rescue+gof,409,0.05398234513589518,0.05867970660146699
I54A-V82T,non_compensatory,4158,0.0003468641165528889,0.0
G48V-V82A,Gain_of_function,193,0.5806458885565919,0.7202072538860104
G48V-V82A,rescue,5,0.1896132363098935,0.4
G48V-V82A,rescue+gof,198,0.5707713266311703,0.7121212121212122
G48V-V82A,non_compensatory,3472,0.001661090407587705,0.0037442396313364054
