wildtype_aa1	pos1	mutate_aa1	wildtype_aa2	pos2	mutate_aa2	ddE	mutation_rate_1	mutation_rate_2	DR_position
B	1	A	C	2	A	7.2326283	0.0	0.0	0
C	2	A	C	3	A	6.8961573	0.0	0.0	0
B	1	A	C	3	A	6.6832037	0.0	0.0	0
B	30	D	B	88	C	4.6108785	0.07250437828371278	0.050087565674255694	1
B	1	A	C	2	D	3.93154	0.0	0.0	0
C	97	A	B	99	A	3.624053	0.0	0.0	0
C	32	D	A	47	B	3.4506056	0.04868651488616462	0.03590192644483362	1
C	96	A	B	98	A	3.338284	0.0	0.0	0
D	20	C	D	36	A	3.3325033	0.0	0.0	0
C	96	A	C	97	A	3.3154323	0.0	0.0	0
C	97	A	B	98	A	3.2401023	0.0	0.0	0
B	48	A	C	54	A	3.1376057	0.046935201401050786	0.011208406304728547	1
B	1	C	C	2	A	3.1310444	0.0	0.0	0
B	1	D	C	2	A	3.130945	0.0	0.0	0
B	30	D	C	45	D	3.081643	0.07250437828371278	0.0	1
D	16	C	C	39	A	2.9951048	0.0	0.0	0
B	98	A	B	99	A	2.9923203	0.0	0.0	0
B	1	C	C	3	A	2.9632652	0.0	0.0	0
B	1	D	C	3	A	2.9631636	0.0	0.0	0
C	54	A	C	82	B	2.9455953	0.011208406304728547	0.2404553415061296	1
B	1	A	C	2	B	2.9241257	0.0	0.0	0
C	39	A	C	62	B	2.891665	0.0	0.0	0
C	54	D	C	82	B	2.8622637	0.23380035026269702	0.2404553415061296	1
C	2	B	C	3	A	2.7832549	0.0	0.0	0
C	96	A	B	99	A	2.673106	0.0	0.0	0
C	2	A	C	3	B	2.6714745	0.0	0.0	0
C	46	D	A	76	C	2.665547	0.2136602451838879	0.033800350262697024	1
D	12	C	C	14	D	2.6381717	0.0	0.0	0
C	2	D	C	3	A	2.631438	0.0	0.0	0
C	2	A	C	3	D	2.559102	0.0	0.0	0
D	36	B	B	83	A	2.5169344	0.0	0.003852889667250438	0
A	33	B	C	54	B	2.4800973	0.08756567425569177	0.02136602451838879	1
C	54	D	C	82	A	2.476119	0.23380035026269702	0.004903677758318739	1
D	16	C	C	62	B	2.4694805	0.0	0.0	0
B	1	A	C	3	B	2.4686303	0.0	0.0	0
C	97	B	B	98	A	2.4211519	0.0	0.0	0
B	1	A	C	3	D	2.352008	0.0	0.0	0
C	54	A	C	82	A	2.3435872	0.011208406304728547	0.004903677758318739	1
C	73	D	C	90	B	2.338889	0.025394045534150613	0.31436077057793343	1
D	12	B	C	19	D	2.3341513	0.0	0.0	0
B	48	A	C	82	B	2.3191676	0.046935201401050786	0.2404553415061296	1
C	73	B	C	90	B	2.2672887	0.08248686514886165	0.31436077057793343	1
C	54	A	A	71	D	2.26015	0.011208406304728547	0.0	1
C	46	D	B	88	A	2.2406816	0.2136602451838879	0.0010507880910683013	1
C	57	D	A	61	D	2.2164662	0.0	0.0	0
D	12	C	C	67	D	2.2148194	0.0	0.0	0
B	60	C	A	61	C	2.208998	0.0	0.0	0
D	36	B	C	62	D	2.1921823	0.0	0.0	0
C	67	D	C	69	A	2.191702	0.0	0.0	0
D	35	A	D	36	A	2.1527715	0.0	0.0	0
A	71	D	C	89	D	-1.401184	0.0	0.0	0
C	54	D	B	88	D	-1.4084262	0.23380035026269702	0.012959719789842382	1
C	32	D	A	76	C	-1.4184972	0.04868651488616462	0.033800350262697024	1
C	82	A	B	83	A	-1.4235494	0.004903677758318739	0.003852889667250438	1
D	10	B	C	82	D	-1.4341147	0.07302977232924694	0.0	1
C	73	B	A	76	C	-1.440808	0.08248686514886165	0.033800350262697024	1
C	73	B	A	92	D	-1.4417429	0.08248686514886165	0.0	1
C	82	B	B	88	D	-1.4447973	0.2404553415061296	0.012959719789842382	1
B	64	C	C	89	A	-1.4535048	0.0	0.00017513134851138354	1
A	71	B	C	73	A	-1.4544156	0.0	0.004553415061295972	0
B	30	D	C	90	B	-1.4620211	0.07250437828371278	0.31436077057793343	1
A	24	D	A	47	B	-1.4751879	0.05919439579684763	0.03590192644483362	1
D	20	A	A	33	B	-1.4778078	0.028021015761821366	0.08756567425569177	1
D	35	C	A	79	C	-1.4864093	0.0	0.0	0
C	73	D	A	76	C	-1.4875686	0.025394045534150613	0.033800350262697024	1
C	72	B	A	74	C	-1.5087607	0.0	0.0148861646234676	1
C	73	B	A	74	C	-1.5133	0.08248686514886165	0.0148861646234676	1
B	30	D	C	73	B	-1.5161976	0.07250437828371278	0.08248686514886165	1
B	64	C	C	89	D	-1.5190647	0.0	0.0	0
A	93	B	C	96	D	-1.5265203	0.0	0.0	0
A	79	B	C	82	B	-1.5348308	0.0	0.2404553415061296	1
B	30	D	C	82	A	-1.5415637	0.07250437828371278	0.004903677758318739	1
B	66	A	A	93	B	-1.5429461	0.0	0.0	0
C	73	D	C	82	A	-1.571531	0.025394045534150613	0.004903677758318739	1
B	30	D	C	82	B	-1.5757726	0.07250437828371278	0.2404553415061296	1
B	48	A	C	73	B	-1.6108925	0.046935201401050786	0.08248686514886165	1
C	69	B	A	93	B	-1.6197606	0.0	0.0	0
D	15	C	A	33	C	-1.666672	0.0	0.0	0
C	73	B	A	92	C	-1.6816494	0.08248686514886165	0.0	1
D	36	B	D	77	C	-1.6823533	0.0	0.0	0
C	32	D	C	54	A	-1.7121506	0.04868651488616462	0.011208406304728547	1
A	24	D	C	32	D	-1.7396152	0.05919439579684763	0.04868651488616462	1
A	61	D	A	63	D	-1.7533544	0.0	0.0	0
A	63	D	B	64	C	-1.7558212	0.0	0.0	0
D	15	C	A	33	D	-1.7664617	0.0	0.0	0
C	43	D	B	58	C	-1.78275	0.043432574430823115	0.05131348511383538	1
B	64	C	A	71	D	-1.7953522	0.0	0.0	0
C	73	B	B	88	C	-1.8044765	0.08248686514886165	0.050087565674255694	1
A	63	B	B	64	C	-1.8276052	0.0	0.0	0
C	32	D	C	54	D	-1.8494691	0.04868651488616462	0.23380035026269702	1
A	71	C	C	89	D	-1.8522893	0.0	0.0	0
C	82	B	A	84	B	-1.8671557	0.2404553415061296	0.1329246935201401	1
D	16	C	A	63	D	-1.882882	0.0	0.0	0
A	71	B	C	89	D	-1.8879296	0.0	0.0	0
C	73	D	A	74	C	-1.8932009	0.025394045534150613	0.0148861646234676	1
D	36	A	D	77	C	-1.9490128	0.0	0.0	0
D	13	B	B	85	C	-2.0378888	0.0	0.0	0
A	50	C	A	84	B	-2.038947	0.01576182136602452	0.1329246935201401	1
A	33	D	D	77	C	-2.0692878	0.0	0.0	0
A	24	D	C	90	B	-3.683882	0.05919439579684763	0.31436077057793343	1
