Sequence	Mutations	Mutation_count	dm1	dm2	dm12
BCCDDDCDCDDDBCDDABCDABCABDBACDDCAACDABCABACBCCABCACBCCCCDBDBACDBBBCBCBCCCACADAACCCBABADCCCAAABBCCBB	['D13B', 'B30D', 'D35C', 'C37A', 'C57D', 'A63D', 'A71C', 'B88C']	8	2.9277382	0.85170364	-0.8314457
BCCDDDCDCBDDDCDDABCDABCABDBACDDCAADDCBCABACBCCABCACBCCCCCBDBACDBBBCBCBACCACACAACCCBABADCCCAABBBCCBB	['D10B', 'B30D', 'A63D', 'D77C', 'B88C', 'A93B']	6	2.6178799	1.1034226	-0.8895798
BCCDDDCDCADDBCDBABCDABCABDBACDDCAACABBCABACBCCABCACBCCCCCBDBACDBBBCBCBACCACADAACCCBABADCCCAAABBCCBB	['D10A', 'D13B', 'D16B', 'B30D', 'D35C', 'D36A', 'C37B', 'A63D', 'B88C']	9	2.8149042	1.0540819	-0.7418976
BCCDDDCDCDDDBCDDABCDABCABDBACDDCAADDCBCABACBCCABCACBCCCCCBDBACDBBBCBCBCCCACACAACCCBABADCCCAAABBCCBB	['D13B', 'B30D', 'A63D', 'A71C', 'D77C', 'B88C']	6	2.8531685	1.5270543	-0.23065948
BCCDDDCDCCDDBCDDABCCABCABDBACDDCAACACBCABACBCDABCACBBDCCCBDBACDBBBCBCBCCCACADAACCCBABADCCCAABBBCCBB	['D10C', 'D13B', 'D20C', 'B30D', 'D35C', 'D36A', 'C46D', 'C53B', 'C54D', 'A63D', 'A71C', 'B88C', 'A93B']	13	2.218235	2.0397515	-0.35289574
BCCDDDCDCBDBDCDDABACABCABDBACDDCAADDCBCABACBCCABCACBCCCCCBDBACDBBBCBCBACCACACAACCCBABADCBCAAABBCCBB	['D10B', 'D12B', 'C19A', 'D20C', 'B30D', 'A63D', 'D77C', 'B88C', 'C89B']	9	2.7271194	0.9864292	-0.89733887
BCCDDDCDCDDADCDDABBAABCABDBACDDCAADDCBCABACBCCABCACBCCCCCBDBADDBBBCBCBCCCCCACAACCCBACADCCCAAABBCCBB	['D12A', 'C19B', 'D20A', 'B30D', 'C62D', 'A63D', 'A71C', 'A74C', 'D77C', 'B85C', 'B88C']	11	1.9438219	1.6879191	-0.97914696
BCCDDDCDCCDDDCDDABCDABCABDBACDDCAADDCBCABACBCCABCACBCCCCCBDBADDBBBCBCBCCCACACAACCCBACADCCCAABBBCCBB	['D10C', 'B30D', 'C62D', 'A63D', 'A71C', 'D77C', 'B85C', 'B88C', 'A93B']	9	2.5290194	1.7885127	-0.2933483
BCCDDDCDCDDDDCDDABCDABCABDBACDDCAACDCBCABACBCCABCACBCCCCDBDBACDBBBCBCBCCCACACAACCCBABADCCCAABBBCCBB	['B30D', 'D35C', 'C57D', 'A63D', 'A71C', 'D77C', 'B88C', 'A93B']	8	2.9707232	0.9258971	-0.714262
BCCDDDCDCDDDBCCBABBAABCABDBACDDCAADACBCABACBCCABCACBCCCCCBDBACABBBCBABBCCACACAACCCBABADCCCAAABBCCBB	['D13B', 'D15C', 'D16B', 'C19B', 'D20A', 'B30D', 'D36A', 'C69A', 'A71B', 'D77C', 'B88C']	11	2.7520313	1.51965	-0.33919716
BCCDDDCDCDDDBCDDABCDABCABDBACDDCAADDCBCABACBCBABCACBCCCCCBDBADDBBBDBABBCCCCACAACCCBABADCCCAABBBCCBB	['D13B', 'B30D', 'C46B', 'C62D', 'A63D', 'C67D', 'C69A', 'A71B', 'A74C', 'D77C', 'B88C', 'A93B']	12	1.8902178	1.6278901	-1.0927773
BCCDDDCDCDDDBCDDABCDABCABDBACDDCAADDCBCABACBCCABCACBCCCCCBDBACDBBBCBCBCCCACACAACCCBABADCCCAAABBCCBB	['D13B', 'B30D', 'A63D', 'A71C', 'D77C', 'B88C']	6	2.8531685	1.5270543	-0.23065948
BCCDDDCDCDDDBCDDABCDABCABDBACDDCDADDCBAABACBCCABCACBCCCCCBDBACDBBBCBBBDCCACADAACCCBACADCCCAAABBCCBB	['D13B', 'B30D', 'A33D', 'C39A', 'A63D', 'C69B', 'A71D', 'B85C', 'B88C']	9	2.7264576	1.7991323	-0.085292816
BCCDDDCDCDDDBCCDABCAABCABDBACDDCAADDCBCABACBCDABCACBCCCCCBDBACDBBBCBBBACCACACAACCCBABADCCCAAABBCCBB	['D13B', 'D15C', 'D20A', 'B30D', 'C46D', 'A63D', 'C69B', 'D77C', 'B88C']	9	2.5829296	1.995923	-0.0320282
BCCDDDCDCDDDBCDDABCDABCABDBACDDCAACACBCABACBCCABCACBCCCCCBDBACDBBBCBCBACCACADAACCCBABADCCCAAABBCCBB	['D13B', 'B30D', 'D35C', 'D36A', 'A63D', 'B88C']	6	3.6491022	0.52608013	-0.43570328
BCCDDDCDCDDDDCCDABCAABCABDBACDDCAACCCBBABACBCCABCACBCCCCCBDBACDBBBCBCBACCACADAACCCBABADCCCAAABBCCBB	['D15C', 'D20A', 'B30D', 'D35C', 'D36C', 'C39B', 'A63D', 'B88C']	8	3.216774	0.88426495	-0.50984573
BCCDDDCDCDDDBCDDABCDABCABDBACDDCAADDCBCABACBCBABCACBCCCCCBDBACDBBBCBCBCCCACACAACCCBABADCCCAAABBCCBB	['D13B', 'B30D', 'C46B', 'A63D', 'A71C', 'D77C', 'B88C']	7	2.4957657	1.7582984	-0.35681725
BCCDDDCDCDDDBCDDABCDABCABDBACDDCAADDCBCABACBCBABCACBCCCCCBDBACDBBBCBCBCCCACACAACCCBABADCCCAABBBCCBB	['D13B', 'B30D', 'C46B', 'A63D', 'A71C', 'D77C', 'B88C', 'A93B']	8	2.6324968	1.7562127	-0.22217178
BCCDDDCDCBDDDCDDABCDABCABDBACDDCAADDCBCABACBCCABCACBCCCCCBDBACDBBBCBCBACCACACAACCCBABADCCCAABBBCCBB	['D10B', 'B30D', 'A63D', 'D77C', 'B88C', 'A93B']	6	2.6178799	1.1034226	-0.8895798
BCCDDDCDCBDDDCDDABCDABCABDBACDDCAADDCBCABACBCCABCACBCCCCCBDBACDBBBCBCBACCACACAACCCBABADCCCAABBBCCBB	['D10B', 'B30D', 'A63D', 'D77C', 'B88C', 'A93B']	6	2.6178799	1.1034226	-0.8895798
BCCDDDCDCDDDBCDDABCDABCABDBACDDCAADDCBCABACBCCABCACBCCCCCBDBACDBBBCBCBBCCACACAACCCBABADCCCAAABBCCBB	['D13B', 'B30D', 'A63D', 'A71B', 'D77C', 'B88C']	6	2.9666958	1.233501	-0.4106865
BCCDDDCDCDDDBCCDAABDABCABDBACDDCBADDCBCABACBCCABCACBCCCCCBDCACDBBBCBCBACCACACAACCCBABADCCBAABBBCCBB	['D13B', 'D15C', 'B18A', 'C19B', 'B30D', 'A33B', 'B60C', 'A63D', 'D77C', 'B88C', 'C90B', 'A93B']	12	1.7724571	1.5607152	-1.2777119
BCCDDDCDCDDDBCDDABCDABCABDBACDDCCACAABCABACBCCABCACBCDCCCBDBADDBBBCBCBCCCACADAACCCBABADCCBAAABBCCBB	['D13B', 'B30D', 'A33C', 'D35C', 'D36A', 'C37A', 'C54D', 'C62D', 'A63D', 'A71C', 'B88C', 'C90B']	12	1.3309202	2.7437148	-0.53624725
BCCDDDCDCDDDBCCDABCDABCABDBACDDCAADDCBCABACBCCABCACBCCCCCBDBACDBBBCBCBACCACACAACCCBABADCCCAAABBCCBB	['D13B', 'D15C', 'B30D', 'A63D', 'D77C', 'B88C']	6	2.6977377	1.1051354	-0.8080101
BCCDDDCDCCDDBCDDABCDABCABDBACDDCAADDCBCABACBCCABCACBCCCCCBDBADDBBACBCBCCCACACAACCCBABADCCCAAABBCCBB	['D10C', 'D13B', 'B30D', 'C62D', 'A63D', 'B66A', 'A71C', 'D77C', 'B88C']	9	2.0061216	2.29674	-0.30802155
BCCDDDCDCDDDDCCDBBCAABCABDBACDDCAACACBCABACBBCABCACBCCCCDBDCBCDBBBCBCBACCACADAACCCBABADCCCAAABBCCBB	['D15C', 'A17B', 'D20A', 'B30D', 'D35C', 'D36A', 'C45B', 'C57D', 'B60C', 'A61B', 'A63D', 'B88C']	12	2.8295383	1.7539988	-0.027349472
AAADDDCDCDDDBDCDABCCABCABDBACDDCAACACBCACACBCCABCACBCCCCCBDBACDBBBCBCBACCACADAACCCBABADCCCAAABBCCBB	['B1A', 'C2A', 'C3A', 'D13B', 'C14D', 'D15C', 'D20C', 'B30D', 'D35C', 'D36A', 'B41C', 'A63D', 'B88C']	13	2.905551	1.3025713	-0.40276527
BCCDDDCDCADDDCCDABCDABCABDBACDDCAADDCBCACACBBCABCACBCCCCDBDBACDDBBCBCCACCACACAACCCBABADCCCAAABBCCBB	['D10A', 'D15C', 'B30D', 'B41C', 'C45B', 'C57D', 'A63D', 'B64D', 'B70C', 'D77C', 'B88C']	11	2.5688953	1.9510856	-0.09090614
AAADDDCDCCDDDCCDABCDABCDBDBACDDCBBCBCBCABADBCDABCACBCDCCCBDBADDBBBCBCBCACADADAACCBBABADCCCAAABBCCBB	['B1A', 'C2A', 'C3A', 'D10C', 'D15C', 'A24D', 'B30D', 'A33B', 'A34B', 'D35C', 'D36B', 'C43D', 'C46D', 'C54D', 'C62D', 'A63D', 'A71C', 'C72A', 'C75D', 'C82B', 'B88C']	21	2.3265638	2.2676458	-0.016670227
AAADDDCDCCDDDCCDABCDABCDBDBACDDCBBCBCBCABADBCDABCACBCDCCCBDBADDBBBCBCBCACADADAACCBBABADCCCAAABBCCBB	['B1A', 'C2A', 'C3A', 'D10C', 'D15C', 'A24D', 'B30D', 'A33B', 'A34B', 'D35C', 'D36B', 'C43D', 'C46D', 'C54D', 'C62D', 'A63D', 'A71C', 'C72A', 'C75D', 'C82B', 'B88C']	21	2.3265638	2.2676458	-0.016670227
AAADDDCDCBDDDCDDABCDABCABDBACDDCAADDCBCACACBCCABCACBCCCCCBDBADDBBBCBCBACCACACAACCCBABADCCCAABBBCCBB	['B1A', 'C2A', 'C3A', 'D10B', 'B30D', 'B41C', 'C62D', 'A63D', 'D77C', 'B88C', 'A93B']	11	1.9738998	1.4722791	-1.1647072
BCCDDDCDCDDDBCDDABCDABCABDBACDDCAADDCBCABACBCCABCACBCCCCCBDBACDBBBCBCBCCCACACAACCCBABADCCCAAABBCCBB	['D13B', 'B30D', 'A63D', 'A71C', 'D77C', 'B88C']	6	2.8531685	1.5270543	-0.23065948
BCCDDDCDCDDDBCDDABCDABCABDBACDDCAADDCBCACACBCCABCACBCCCCCBDBADDBBBCBCBCCCACACAACCCBABADCCCAABBBCCBB	['D13B', 'B30D', 'B41C', 'C62D', 'A63D', 'A71C', 'D77C', 'B88C', 'A93B']	9	2.642315	1.7993731	-0.16919708
BCCDDDCDCADDDCDDABCDABCABDBACDDCAADDCBCABACBBCABCACBCCCCCBDBACDBBBCBCBACCACACAACCCBABADCCCAABBBCCBB	['D10A', 'B30D', 'C45B', 'A63D', 'D77C', 'B88C', 'A93B']	7	2.6502075	1.2354493	-0.72522736
BCCDDDCDCADADCDDABCDABCABDBACDDCAADDCBCABACBBCABCACBCCCCCBDBACDBBBCBCBACCACACAACCCBABADCCCAABBBCCBB	['D10A', 'D12A', 'B30D', 'C45B', 'A63D', 'D77C', 'B88C', 'A93B']	8	2.5698252	1.1514859	-0.88957214
BCCDDDCDCDDDDCDDABCDABCABDBACDDCAADDCBCACACBBCABCACBCCCCDBDBACDBBBCBCBACCACACAACCCBABADCCCAABBBCCBB	['B30D', 'B41C', 'C45B', 'C57D', 'A63D', 'D77C', 'B88C', 'A93B']	8	2.6284695	1.3365836	-0.64583397
BCCDDDCDCDDDBCDDABCDABCABDBACDDCAADDABCABACBCCABCACBCCCCCBDBACDBBBCBCBBCCACACAACCCBABADCCCAABBBCCBB	['D13B', 'B30D', 'C37A', 'A63D', 'A71B', 'D77C', 'B88C', 'A93B']	8	3.06631	1.2134166	-0.33115387
BCCDDDCDCADDDDDDABCDABCABDBACDDCAACCCBCABACBCCABCACBCCCCCBDBACDBBBCBCBBCCACADAACCCBABADCCCAAABBCCBB	['D10A', 'C14D', 'B30D', 'D35C', 'D36C', 'A63D', 'A71B', 'B88C']	8	3.9298992	0.47501373	-0.20597267
BCDDDDCDCCDDDCDDABCDABCABDBACDDCAACAABCABACBCCABCACBCCCCCBDBACDBBBCBCBACCACADAACCCBABADCCCAAABBCCBB	['C3D', 'D10C', 'B30D', 'D35C', 'D36A', 'C37A', 'A63D', 'B88C']	8	3.5625734	0.7246542	-0.323658
BCCDDDCDCDDDBCDDABBCABCABDBACDDCAACAABCABACBBCABCACBCCCCCBDBACDBBBCBBBBCCACADAACCCBBBADCCBAAABBCCBB	['D13B', 'C19B', 'D20C', 'B30D', 'D35C', 'D36A', 'C37A', 'C45B', 'A63D', 'C69B', 'A71B', 'A84B', 'B88C', 'C90B']	14	1.7950783	2.2387881	-0.57701683
BCCDDDCDCDDDBCDDABCDABCABDBACDDCCACAABCABACBCCABCACBCDCCCBDBADDBBBCBCBCCCCCADAACCCBABADCCBAAABBCCBB	['D13B', 'B30D', 'A33C', 'D35C', 'D36A', 'C37A', 'C54D', 'C62D', 'A63D', 'A71C', 'A74C', 'B88C', 'C90B']	13	1.0390253	2.8224654	-0.74939346
BCCDDDCDCDDDBCDDABCCABCABDBACDDCBDCACBCACACBCBABCACBCBCCCCDBACDBBBCBCBACCACADAACCCBABADCCBAABBBCCBB	['D13B', 'D20C', 'B30D', 'A33B', 'A34D', 'D35C', 'D36A', 'B41C', 'C46B', 'C54B', 'B58C', 'A63D', 'B88C', 'C90B', 'A93B']	15	2.2296886	1.971621	-0.4095745
BCCDDDCDCDDDDCDDABCDABCABDBACDDCAADDCBCABACBCCABCACBCCCCCBDBACDDBBCBCBCCCACACAACCCBABADCCCAAABBCCBB	['B30D', 'A63D', 'B64D', 'A71C', 'D77C', 'B88C']	6	2.4582338	1.1055694	-1.0470791
BCCDDDCDCADDBCDDABCCABCABDBACDDCCACACBCABACBCCABCACBCDCCCBDBACDBBBCBCBCCCCCADAACCCBABADCCBAAABBCCBB	['D10A', 'D13B', 'D20C', 'B30D', 'A33C', 'D35C', 'D36A', 'C54D', 'A63D', 'A71C', 'A74C', 'B88C', 'C90B']	13	0.7940254	3.130587	-0.68626976
BCCDDDCDCDDDBCDDABCDABCABDBACDDCAACDABCABACBCCABCACBCCCCDBDBACDBBBCBCBBDCACACAACCCBABADCCCAAABBCCBB	['D13B', 'B30D', 'D35C', 'C37A', 'C57D', 'A63D', 'A71B', 'C72D', 'D77C', 'B88C']	10	2.937395	1.0260806	-0.64740944
BCCDDDCDCDDDBDDDABCDABCABDBACDDCAACDBBCABACBCCABCACBCCCCCBDBACDBBBCBBBBCCACACAACCCBABADCCCAAABBCCBB	['D13B', 'C14D', 'B30D', 'D35C', 'C37B', 'A63D', 'C69B', 'A71B', 'D77C', 'B88C']	10	3.043951	1.3231874	-0.2437439
BCCDDDCDCDDBBCCDABCDABCABDBACDDCAADDCBCABACBCDABCACBCCCCCBDBACDBBBCBCBACCACACAACCCBABADCCCAAABBCCBB	['D12B', 'D13B', 'D15C', 'B30D', 'C46D', 'A63D', 'D77C', 'B88C']	8	2.5815592	1.4142361	-0.6150856
