double_mutation_pairs,ddE,either_pos_DRAP,both_pos_DRAP,either_mut_DRM,both_mut_DRM
G140S-Q148H,8.51,True,True,True,True
D6T-K7E,6.38,False,False,False,False
Y143C-S230R,6.38,True,True,True,False
E157Q-K160Q,6.09,True,False,False,False
D6N-K7E,6.06,False,False,False,False
S119G-T122I,5.95,True,False,False,False
G140A-Q148K,5.61,True,True,True,True
G140S-Q148R,5.2,True,True,True,True
G140S-Q148K,5.18,True,True,True,True
T218L-K219Q,5.01,False,False,False,False
G140A-Q148R,4.91,True,True,True,True
E138K-Q148K,4.9,True,True,True,False
K219N-N222K,4.8,False,False,False,False
N254Q-S255G,4.12,False,False,False,False
N18D-A21T,3.94,False,False,False,False
V32I-N222H,3.86,False,False,False,False
Y227F-D253Y,3.85,False,False,False,False
G70D-S119R,3.76,True,False,False,False
G140A-Q148H,3.75,True,True,True,True
E157Q-K160T,3.74,True,False,False,False
I60L-I182V,3.73,False,False,False,False
Y143S-S230R,3.7,True,True,True,False
N254K-S255G,3.64,False,False,False,False
I60M-G106A,3.58,False,False,False,False
S119G-T122V,3.56,True,False,False,False
D6T-K7Q,3.56,False,False,False,False
E138K-Q148R,3.53,True,True,True,False
E11D-S195T,3.46,False,False,False,False
M22I-L28M,3.44,False,False,False,False
T125A-V126L,3.42,False,False,False,False
S119P-T122I,3.41,True,False,False,False
T97V-I208M,3.33,True,False,False,False
Q221S-N222K,3.33,False,False,False,False
L101V-Y194C,3.32,False,False,False,False
L28I-V37I,3.3,False,False,False,False
M50L-A128T,3.26,True,True,False,False
Y227F-D253H,3.26,False,False,False,False
A205S-S255N,3.25,False,False,False,False
K211Q-I217V,3.25,False,False,False,False
S123C-T124N,3.23,False,False,False,False
I220M-Y227F,3.2,False,False,False,False
Q216H-Q221R,3.16,False,False,False,False
D6N-K7Q,3.14,False,False,False,False
K211R-E212L,3.13,False,False,False,False
L28I-P30A,3.1,False,False,False,False
I72A-I113L,3.07,False,False,False,False
E35Q-S39N,3.06,False,False,False,False
K219Q-S255K,3.06,False,False,False,False
F121Y-Q177L,3.04,True,False,True,False
C56Y-I251L,3.03,False,False,False,False
