mutation,delta_e
B1A,-7.6568756103515625
B1C,-15.270407676696777
B1D,-15.244199752807617
C2A,-8.055813789367676
C2B,-11.322447776794434
C2D,-8.569089889526367
C3A,-7.958827018737793
C3B,-8.571915626525879
C3D,-8.155805587768555
D4A,-7.901709079742432
D4B,-9.062161445617676
D4C,-5.582529067993164
D5A,-7.671863555908203
D5B,-8.509819984436035
D5C,-7.550626754760742
D6A,-8.702942848205566
D6B,-10.011445045471191
D6C,-10.609373092651367
C7A,-8.15021800994873
C7B,-6.785048484802246
C7D,-6.993757724761963
D8A,-7.0024261474609375
D8B,-10.810620307922363
D8C,-15.0892333984375
C9A,-8.264810562133789
C9B,-11.578866958618164
C9D,-15.075879096984863
D10A,-4.653485298156738
D10B,-5.017307758331299
D10C,-3.0014076232910156
D11A,-6.655689716339111
D11B,-8.730063438415527
D11C,-9.590632438659668
D12A,-4.187726020812988
D12B,-2.6436171531677246
D12C,-5.369523525238037
D13A,-8.335789680480957
D13B,-2.0054779052734375
D13C,-10.403791427612305
C14A,-6.144696235656738
C14B,-7.580940246582031
C14D,-2.5640220642089844
D15A,-9.686190605163574
D15B,-6.187548637390137
D15C,-1.217677116394043
D16A,-9.739110946655273
D16B,-5.409278392791748
D16C,-4.092846393585205
A17B,-5.095459461212158
A17C,-5.417206764221191
A17D,-8.983717918395996
B18A,-6.523986339569092
B18C,-5.5524115562438965
B18D,-6.132599830627441
C19A,-3.986477851867676
C19B,-2.290499210357666
C19D,-4.586674690246582
D20A,-4.384632587432861
D20B,-7.058666229248047
D20C,-6.121199131011963
A21B,-8.777873992919922
A21C,-10.824223518371582
A21D,-10.730191230773926
B22A,-10.276445388793945
B22C,-15.139030456542969
B22D,-7.664188861846924
C23A,-9.565783500671387
C23B,-7.098663806915283
C23D,-15.270238876342773
A24B,-11.017500877380371
A24C,-9.962895393371582
A24D,-5.855607509613037
B25A,-8.308422088623047
B25C,-10.73687744140625
B25D,-15.206021308898926
D26A,-14.981788635253906
D26B,-10.687273025512695
D26C,-15.079242706298828
B27A,-8.441604614257812
B27C,-15.08021354675293
B27D,-15.040663719177246
A28B,-15.181022644042969
A28C,-15.165645599365234
A28D,-15.031047821044922
C29A,-8.073530197143555
C29B,-14.992244720458984
C29D,-15.053573608398438
B30A,-15.092695236206055
B30C,-11.34512996673584
B30D,-3.3826494216918945
D31A,-7.6183247566223145
D31B,-8.976980209350586
D31C,-11.118302345275879
C32A,-9.68159294128418
C32B,-12.329978942871094
C32D,-4.815643310546875
A33B,-5.288293361663818
A33C,-6.287819862365723
A33D,-4.0998687744140625
A34B,-9.353042602539062
A34C,-15.121451377868652
A34D,-6.550491809844971
D35A,-6.3438568115234375
D35B,-8.829889297485352
D35C,-2.3315625190734863
D36A,-2.354616165161133
D36B,-6.175915718078613
D36C,-6.114982604980469
C37A,-1.4973154067993164
C37B,-2.201138973236084
C37D,-6.451996326446533
B38A,-8.106616020202637
B38C,-9.293998718261719
B38D,-9.086997032165527
C39A,-4.987983226776123
C39B,-6.238046169281006
C39D,-6.022557258605957
A40B,-15.032464027404785
A40C,-14.996753692626953
A40D,-15.102231979370117
B41A,-8.94948959350586
B41C,-1.6488256454467773
B41D,-9.241894721984863
A42B,-15.050894737243652
A42C,-15.101118087768555
A42D,-7.923375129699707
C43A,-8.318120002746582
C43B,-5.00597620010376
C43D,-6.025290012359619
B44A,-10.540529251098633
B44C,-15.102928161621094
B44D,-15.058536529541016
C45A,-7.076482772827148
C45B,-5.952787399291992
C45D,-7.306343078613281
C46A,-7.276907444000244
C46B,-4.1704254150390625
C46D,-3.3616909980773926
A47B,-6.037335395812988
A47C,-8.385906219482422
A47D,-9.09218978881836
B48A,-5.687655925750732
B48C,-9.055704116821289
B48D,-15.308570861816406
C49A,-10.355676651000977
C49B,-15.205698013305664
C49D,-15.08434772491455
A50B,-15.186729431152344
A50C,-5.9499101638793945
A50D,-8.922867774963379
C51A,-6.6459856033325195
C51B,-15.082578659057617
C51D,-15.044928550720215
B52A,-15.07469367980957
B52C,-15.201397895812988
B52D,-10.05101203918457
C53A,-7.764080047607422
C53B,-5.577292442321777
C53D,-8.76024055480957
C54A,-8.92651653289795
C54B,-5.994869709014893
C54D,-4.85602331161499
C55A,-9.48302173614502
C55B,-12.717379570007324
C55D,-5.944815158843994
C56A,-15.103461265563965
C56B,-7.205842018127441
C56D,-15.140777587890625
C57A,-9.812536239624023
C57B,-15.167450904846191
C57D,-2.872410774230957
B58A,-9.484039306640625
B58C,-5.300965309143066
B58D,-15.33359146118164
D59A,-9.417886734008789
D59B,-8.14088249206543
D59C,-10.726608276367188
B60A,-9.161928176879883
B60C,-3.3457536697387695
B60D,-8.489765167236328
A61B,-5.022669792175293
A61C,-5.175348281860352
A61D,-5.732073783874512
C62A,-6.960577487945557
C62B,-7.258394241333008
C62D,-2.6479263305664062
A63B,-1.301464557647705
A63C,-1.3407597541809082
A63D,0.6627593040466309
B64A,-4.80500602722168
B64C,-0.3410224914550781
B64D,-3.8379716873168945
B65A,-5.844753742218018
B65C,-8.601503372192383
B65D,-4.248809814453125
B66A,-6.300215244293213
B66C,-7.729376792907715
B66D,-15.247933387756348
C67A,-5.9492340087890625
C67B,-6.037048816680908
C67D,-7.619734764099121
B68A,-9.697555541992188
B68C,-8.193548202514648
B68D,-15.108738899230957
C69A,-3.40841007232666
C69B,-3.4026360511779785
C69D,-4.185484886169434
B70A,-5.5702314376831055
B70C,-3.53847599029541
B70D,-14.987347602844238
A71B,-2.9925732612609863
A71C,-3.67307186126709
A71D,-7.438209533691406
C72A,-4.825315475463867
C72B,-5.184748649597168
C72D,-3.040553092956543
C73A,-6.614714622497559
C73B,-5.399559020996094
C73D,-6.983714580535889
A74B,-5.393747329711914
A74C,-4.303075313568115
A74D,-6.635016918182373
C75A,-15.114760398864746
C75B,-15.074783325195312
C75D,-6.082545280456543
A76B,-15.261398315429688
A76C,-6.450879096984863
A76D,-15.266656875610352
D77A,-7.7810893058776855
D77B,-8.236804962158203
D77C,-1.1932106018066406
A78B,-15.066671371459961
A78C,-7.464534282684326
A78D,-6.414270877838135
A79B,-7.894937515258789
A79C,-7.669373035430908
A79D,-7.104825019836426
C80A,-10.776695251464844
C80B,-15.08487319946289
C80D,-15.133220672607422
C81A,-9.33238697052002
C81B,-15.064224243164062
C81D,-15.084090232849121
C82A,-4.7160444259643555
C82B,-3.2296361923217773
C82D,-4.556624412536621
B83A,-7.825131416320801
B83C,-9.594795227050781
B83D,-15.166840553283691
A84B,-4.2714996337890625
A84C,-15.422926902770996
A84D,-10.656734466552734
B85A,-8.087736129760742
B85C,-5.460594654083252
B85D,-15.25322151184082
A86B,-7.2287702560424805
A86C,-15.034390449523926
A86D,-15.115758895874023
D87A,-8.309782981872559
D87B,-7.410863399505615
D87C,-15.149245262145996
B88A,-7.829169273376465
B88C,-6.101837158203125
B88D,-4.7535600662231445
C89A,-6.001090049743652
C89B,-5.999607086181641
C89D,-4.582768440246582
C90A,-6.697971343994141
C90B,-3.569046974182129
C90D,-15.507952690124512
A91B,-7.960727691650391
A91C,-8.415323257446289
A91D,-8.805116653442383
A92B,-6.671046733856201
A92C,-5.4234089851379395
A92D,-5.778985977172852
A93B,-1.9300928115844727
A93C,-7.950535774230957
A93D,-12.067537307739258
B94A,-15.17030143737793
B94C,-8.866790771484375
B94D,-15.192959785461426
B95A,-8.312807083129883
B95C,-8.550134658813477
B95D,-6.0952935218811035
C96A,-7.501940727233887
C96B,-8.065919876098633
C96D,-5.233798503875732
C97A,-7.679179668426514
C97B,-7.727255821228027
C97D,-15.091891288757324
B98A,-6.722870826721191
B98C,-6.890913963317871
B98D,-8.468544960021973
B99A,-4.999856948852539
B99C,-11.621476173400879
B99D,-15.011785507202148
