double mutation pair,single mutaiton pair 1,single mutation pair 2,de1,de2,dde,freq mutation 1,freq mutation 2,freq double mutation
"E40F,E44D",E40F,E44D,-8.739039421081543,-5.700588226318359,-2.2173776626586914,200,2258,0
"E40F,E44A",E40F,E44A,-8.739039421081543,-8.49202823638916,-1.8341083526611328,200,453,1
"L100I,Y181C",L100I,Y181C,-5.426762580871582,-2.7653021812438965,-1.7352643013000488,1048,3013,25
"D121H,D123N",D121H,D123N,-5.13786506652832,-4.126395225524902,-1.5633211135864258,715,1089,3
"K65R,T215Y",K65R,T215Y,-4.030985355377197,-3.1207141876220703,-1.495288372039795,582,7089,20
"S48E,K122E",S48E,K122E,-5.078001976013184,-0.5262050628662109,-1.485002517700195,92,9670,1
"D67N,S68G",D67N,S68G,-3.629225730895996,-3.3611698150634766,-1.4406003952026367,6284,1572,135
"V118I,I167V",V118I,I167V,-3.8630495071411133,-6.807452201843262,-1.425736427307129,4638,159,7
"K103N,V179D",K103N,V179D,-1.1189522743225098,-4.015924453735352,-1.387311935424805,7169,411,6
"L74V,V75M",L74V,V75M,-3.9824557304382324,-5.651355743408203,-1.359041690826416,2012,1001,51
"F214L,T215Y",F214L,T215Y,-1.6280303001403809,-3.1207141876220703,-1.3435511589050293,3429,7089,254
"R172K,M184V",R172K,M184V,-4.981064319610596,-0.9129843711853027,-1.3425655364990234,312,10518,85
"V108I,Y188L",V108I,Y188L,-4.285305976867676,-4.016366004943848,-1.3217573165893557,1726,965,6
"K103N,G190S",K103N,G190S,-1.1189522743225098,-4.183330535888672,-1.3126630783081057,7169,575,56
"D218E,K223E",D218E,K223E,-5.338306427001953,-6.5957536697387695,-1.3053865432739258,1380,425,7
"L210W,F214L",L210W,F214L,-5.121402740478516,-1.6280303001403809,-1.303579807281494,5245,3429,138
"D121Y,D123N",D121Y,D123N,-5.820876121520996,-4.126395225524902,-1.2909364700317385,539,1089,4
"K122E,D123E",K122E,D123E,-0.5262050628662109,-0.6382613182067871,-1.2647976875305176,9670,5031,1268
"S162C,K166R",S162C,K166R,-1.3685646057128906,-2.453673839569092,-1.259788990020752,2311,1428,26
"K103N,G190E",K103N,G190E,-1.1189522743225098,-5.147928237915039,-1.2519912719726562,7169,89,5
"L100I,G190A",L100I,G190A,-5.426762580871582,-3.1088409423828125,-1.2411699295043943,1048,2628,28
"D121H,D123E",D121H,D123E,-5.13786506652832,-0.6382613182067871,-1.23799467086792,715,5031,51
"I167V,F214L",I167V,F214L,-6.807452201843262,-1.6280303001403809,-1.2341599464416504,159,3429,1
"K101E,K103N",K101E,K103N,-3.8616750240325928,-1.1189522743225098,-1.2235844135284424,1187,7169,133
"V60I,A62V",V60I,A62V,-2.4234824180603027,-3.6833701133728027,-1.2215394973754885,3385,944,24
"K65R,T215F",K65R,T215F,-4.030985355377197,-4.3591790199279785,-1.1570196151733398,582,2076,5
"I178M,I202V",I178M,I202V,-2.037370204925537,-2.5299878120422363,-1.153900146484375,1880,2591,77
"R83K,I142V",R83K,I142V,-0.893958568572998,-2.157994270324707,-1.1191468238830566,1800,2050,57
"L100I,K101P",L100I,K101P,-5.426762580871582,-5.446383953094482,-1.0505309104919434,1048,288,1
"L74V,F77L",L74V,F77L,-3.9824557304382324,-5.820678234100342,-1.0410356521606443,2012,530,7
"S68G,T69D",S68G,T69D,-3.3611698150634766,-5.029468536376953,-1.0378379821777344,1572,1500,27
"S162C,T165I",S162C,T165I,-1.3685646057128906,-3.30014705657959,-1.0300588607788086,2311,547,14
"E138A,Y181C",E138A,Y181C,-3.707515239715576,-2.7653021812438965,-1.0163536071777344,510,3013,19
"K166R,Q174K",K166R,Q174K,-2.453673839569092,-4.801260948181152,-1.014598369598389,1428,691,6
"S162C,F214L",S162C,F214L,-1.3685646057128906,-1.6280303001403809,-1.0142569541931152,2311,3429,163
"L100I,V108I",L100I,V108I,-5.426762580871582,-4.285305976867676,-1.0138683319091797,1048,1726,48
"R172K,M184I",R172K,M184I,-4.981064319610596,-4.676847457885742,-1.001478672027588,312,278,1
"K122P,D123E",K122P,D123E,-4.0879058837890625,-0.6382613182067871,-0.9975996017456056,483,5031,114
"M41L,K46Q",M41L,K46Q,-3.644620418548584,-6.29924201965332,-0.9904208183288574,7681,98,2
"H221Y,K223Q",H221Y,K223Q,-4.235595226287842,-6.64536190032959,-0.986452579498291,1103,560,14
"K103S,Y188L",K103S,Y188L,-4.643891334533691,-4.016366004943848,-0.9823036193847656,445,965,3
"Y181C,Y188L",Y181C,Y188L,-2.7653021812438965,-4.016366004943848,-0.9796671867370604,3013,965,50
"K101E,K103S",K101E,K103S,-3.8616750240325928,-4.643891334533691,-0.9786291122436525,1187,445,14
"L74V,V75I",L74V,V75I,-3.9824557304382324,-5.199460029602051,-0.9616780281066896,2012,548,15
"Q207E,R211T",Q207E,R211T,-1.9299802780151367,-1.6072273254394531,-0.9532499313354492,3342,363,13
"L74V,F116Y",L74V,F116Y,-3.9824557304382324,-5.772255897521973,-0.9333224296569824,2012,465,5
"V106I,P225H",V106I,P225H,-3.526829719543457,-4.981076717376709,-0.923165798187256,832,1000,1
"L210W,K219Q",L210W,K219Q,-5.121402740478516,-4.903281211853027,-0.9169178009033204,5245,2424,248
"R83K,I135T",R83K,I135T,-0.893958568572998,-0.6197185516357422,-0.9137578010559082,1800,7903,356
"R83K,F214L",R83K,F214L,-0.893958568572998,-1.6280303001403809,-0.9015874862670898,1800,3429,118
"S162Y,K166R",S162Y,K166R,-4.182066917419434,-2.453673839569092,-0.8943862915039062,604,1428,8
"K70R,L210W",K70R,L210W,-3.355496406555176,-5.121402740478516,-0.8889741897583008,3843,5245,474
"Y188L,G190S",Y188L,G190S,-4.016366004943848,-4.183330535888672,-0.8837766647338867,965,575,7
"V108I,G190S",V108I,G190S,-4.285305976867676,-4.183330535888672,-0.8772745132446289,1726,575,19
"K49R,I142V",K49R,I142V,-2.9545512199401855,-2.157994270324707,-0.8736910820007324,1558,2050,60
"L74I,Q151M",L74I,Q151M,-5.347085952758789,-5.256307601928711,-0.8681058883666992,1137,567,4
"D121Y,D123S",D121Y,D123S,-5.820876121520996,-4.461274147033691,-0.8636493682861328,539,325,0
"K101P,Y181C",K101P,Y181C,-5.446383953094482,-2.7653021812438965,-0.8582582473754883,288,3013,6
"K43Q,K219E",K43Q,K219E,-4.9892425537109375,-5.293593406677246,-0.8581953048706055,888,1432,23
"K103S,Y181C",K103S,Y181C,-4.643891334533691,-2.7653021812438965,-0.856015682220459,445,3013,38
"L100I,V106I",L100I,V106I,-5.426762580871582,-3.526829719543457,-0.8541421890258789,1048,832,6
"E40F,E44G",E40F,E44G,-8.739039421081543,-5.539942741394043,-0.8532657623291016,200,40,0
"K49R,S162Y",K49R,S162Y,-2.9545512199401855,-4.182066917419434,-0.8523483276367188,1558,604,6
"D218E,H221Y",D218E,H221Y,-5.338306427001953,-4.235595226287842,-0.8461546897888184,1380,1103,55
"A98S,S162C",A98S,S162C,-2.5130887031555176,-1.3685646057128906,-0.8389267921447754,1551,2311,78
"V60I,V75T",V60I,V75T,-2.4234824180603027,-5.566927909851074,-0.8360552787780762,3385,291,13
"V118I,S163T",V118I,S163T,-3.8630495071411133,-5.534588813781738,-0.8278236389160156,4638,99,3
"S162Y,T165I",S162Y,T165I,-4.182066917419434,-3.30014705657959,-0.8270597457885742,604,547,0
"I135T,A158S",I135T,A158S,-0.6197185516357422,-3.3938140869140625,-0.8242244720458984,7903,429,100
"K104N,M184V",K104N,M184V,-4.512881278991699,-0.9129843711853027,-0.824211597442627,127,10518,38
"M41L,F214L",M41L,F214L,-3.644620418548584,-1.6280303001403809,-0.8218450546264648,7681,3429,519
"Y181C,P225H",Y181C,P225H,-2.7653021812438965,-4.981076717376709,-0.8214273452758789,3013,1000,38
"T69D,K219E",T69D,K219E,-5.029468536376953,-5.293593406677246,-0.8207578659057617,1500,1432,37
"K122Q,D123E",K122Q,D123E,-4.1569294929504395,-0.6382613182067871,-0.8123130798339844,97,5031,21
"K103N,Y181V",K103N,Y181V,-1.1189522743225098,-6.1573309898376465,-0.8045196533203125,7169,78,9
"L100I,G190E",L100I,G190E,-5.426762580871582,-5.147928237915039,-0.8004465103149414,1048,89,0
"L74I,F116Y",L74I,F116Y,-5.347085952758789,-5.772255897521973,-0.7969427108764648,1137,465,2
"K46Q,T215Y",K46Q,T215Y,-6.29924201965332,-3.1207141876220703,-0.7926177978515625,98,7089,1
"K64R,T69D",K64R,T69D,-3.9972667694091797,-5.029468536376953,-0.7886867523193359,538,1500,15
"K103N,L109V",K103N,L109V,-1.1189522743225098,-8.899969100952148,-0.7809734344482422,7169,26,0
"D177G,Y181C",D177G,Y181C,-5.052972316741943,-2.7653021812438965,-0.7800970077514648,324,3013,20
"Y181C,G190E",Y181C,G190E,-2.7653021812438965,-5.147928237915039,-0.7796998023986816,3013,89,1
"R83K,I142T",R83K,I142T,-0.893958568572998,-2.946187734603882,-0.774824857711792,1800,584,23
"Y188L,G190A",Y188L,G190A,-4.016366004943848,-3.1088409423828125,-0.7711124420166016,965,2628,69
"K101P,V108I",K101P,V108I,-5.446383953094482,-4.285305976867676,-0.7490668296813965,288,1726,4
"K43E,E44D",K43E,E44D,-4.94857931137085,-5.700588226318359,-0.7432122230529785,1578,2258,305
"V60I,S162C",V60I,S162C,-2.4234824180603027,-1.3685646057128906,-0.741544246673584,3385,2311,204
"G196E,T200E",G196E,T200E,-2.044590473175049,-3.2886247634887695,-0.7392406463623047,3706,390,22
"D67N,S68R",D67N,S68R,-3.629225730895996,-6.411293983459473,-0.7376337051391602,6284,38,5
"D218E,K223Q",D218E,K223Q,-5.338306427001953,-6.64536190032959,-0.7332391738891602,1380,560,46
"K101E,K102Q",K101E,K102Q,-3.8616750240325928,-3.0805716514587402,-0.732398271560669,1187,869,24
"T139A,M184V",T139A,M184V,-4.9206695556640625,-0.9129843711853027,-0.730811595916748,122,10518,36
"L74I,V75M",L74I,V75M,-5.347085952758789,-5.651355743408203,-0.7278766632080078,1137,1001,59
"R83K,K219Q",R83K,K219Q,-0.893958568572998,-4.903281211853027,-0.7228817939758301,1800,2424,63
"P157A,M184V",P157A,M184V,-6.552264213562012,-0.9129843711853027,-0.7184147834777832,36,10518,8
"G190E,D218E",G190E,D218E,-5.147928237915039,-5.338306427001953,-0.7179908752441406,89,1380,1
"H221Y,K223E",H221Y,K223E,-4.235595226287842,-6.5957536697387695,-0.7153372764587402,1103,425,20
"G196E,Q197E",G196E,Q197E,-2.044590473175049,-4.321310520172119,-0.7152571678161621,3706,310,21
"K64R,S68G",K64R,S68G,-3.9972667694091797,-3.3611698150634766,-0.712005615234375,538,1572,16
"R83K,S162C",R83K,S162C,-0.893958568572998,-1.3685646057128906,-0.7065997123718262,1800,2311,129
"V60I,F77L",V60I,F77L,-2.4234824180603027,-5.820678234100342,-0.7003355026245117,3385,530,39
"S162Y,F214L",S162Y,F214L,-4.182066917419434,-1.6280303001403809,-0.698066234588623,604,3429,61
"D177N,G190S",D177N,G190S,-4.255487442016602,-4.183330535888672,-0.6968936920166016,405,575,2
"Y188L,G190E",Y188L,G190E,-4.016366004943848,-5.147928237915039,-0.6930761337280273,965,89,3
"L100I,G190S",L100I,G190S,-5.426762580871582,-4.183330535888672,-0.6902790069580078,1048,575,7
"R172K,M184T",R172K,M184T,-4.981064319610596,-6.035602569580078,-0.6900925636291504,312,11,0
"K101E,K102E",K101E,K102E,-3.8616750240325928,-5.432711601257324,-0.6900367736816406,1187,66,0
"L100I,K101Q",L100I,K101Q,-5.426762580871582,-3.331068515777588,-0.6833882331848145,1048,986,18
"K70R,L210S",K70R,L210S,-3.355496406555176,-5.53685188293457,-0.6806631088256836,3843,160,20
"A98G,K101P",A98G,K101P,-4.374523162841797,-5.446383953094482,-0.678886890411377,1210,288,3
"K102E,K103N",K102E,K103N,-5.432711601257324,-1.1189522743225098,-0.6777706146240234,66,7169,9
"A98G,V106A",A98G,V106A,-4.374523162841797,-4.698551177978516,-0.6721630096435547,1210,285,5
"S68G,R83K",S68G,R83K,-3.3611698150634766,-0.893958568572998,-0.6693596839904785,1572,1800,67
"H208Y,F214L",H208Y,F214L,-5.66487455368042,-1.6280303001403809,-0.6663808822631836,2190,3429,105
"L100I,K101E",L100I,K101E,-5.426762580871582,-3.8616750240325928,-0.6647846698760986,1048,1187,15
"T165I,K166R",T165I,K166R,-3.30014705657959,-2.453673839569092,-0.6638083457946777,547,1428,15
"V60I,K64H",V60I,K64H,-2.4234824180603027,-7.037547588348389,-0.6637144088745117,3385,106,12
"S162C,D177G",S162C,D177G,-1.3685646057128906,-5.052972316741943,-0.6601862907409668,2311,324,13
"L100I,Y181V",L100I,Y181V,-5.426762580871582,-6.1573309898376465,-0.6599116325378418,1048,78,0
"R83K,I135L",R83K,I135L,-0.893958568572998,-2.2978501319885254,-0.659210205078125,1800,751,62
"T39A,K43Q",T39A,K43Q,-3.40432071685791,-4.9892425537109375,-0.6522226333618164,2649,888,202
"D76N,M184V",D76N,M184V,-6.0195770263671875,-0.9129843711853027,-0.649808406829834,22,10518,3
"D218E,P225H",D218E,P225H,-5.338306427001953,-4.981076717376709,-0.6487412452697754,1380,1000,14
"K65R,D67N",K65R,D67N,-4.030985355377197,-3.629225730895996,-0.6455368995666504,582,6284,53
"L74V,Q151M",L74V,Q151M,-3.9824557304382324,-5.256307601928711,-0.6451249122619629,2012,567,17
"K122E,M184T",K122E,M184T,-0.5262050628662109,-6.035602569580078,-0.6434874534606934,9670,11,0
"I94L,Y181C",I94L,Y181C,-7.481279373168945,-2.7653021812438965,-0.642920970916748,190,3013,23
"S162C,K166Q",S162C,K166Q,-1.3685646057128906,-5.717284202575684,-0.637723445892334,2311,89,1
"K64N,T69D",K64N,T69D,-6.286576271057129,-5.029468536376953,-0.6370134353637695,58,1500,4
"S48T,I142V",S48T,I142V,-4.15764045715332,-2.157994270324707,-0.6340293884277344,392,2050,17
"H221Y,K223T",H221Y,K223T,-4.235595226287842,-7.232815742492676,-0.6338553428649902,1103,120,3
"E138A,D177E",E138A,D177E,-3.707515239715576,-1.8185358047485352,-0.6330809593200684,510,4457,58
"L210F,F214L",L210F,F214L,-5.042189598083496,-1.6280303001403809,-0.6314892768859863,196,3429,22
"I202V,E203D",I202V,E203D,-2.5299878120422363,-4.545126914978027,-0.6311078071594238,2591,911,69
"M184V,Y188C",M184V,Y188C,-0.9129843711853027,-5.383752822875977,-0.6310181617736816,10518,39,7
"Y181C,M184V",Y181C,M184V,-2.7653021812438965,-0.9129843711853027,-0.6259431838989258,3013,10518,1509
"S48T,R83K",S48T,R83K,-4.15764045715332,-0.893958568572998,-0.625704288482666,392,1800,11
"K101E,V179D",K101E,V179D,-3.8616750240325928,-4.015924453735352,-0.624908447265625,1187,411,12
"T165L,K166R",T165L,K166R,-6.249753475189209,-2.453673839569092,-0.6244440078735352,138,1428,0
"A62V,D67N",A62V,D67N,-3.6833701133728027,-3.629225730895996,-0.6230874061584473,944,6284,183
"V75T,M184I",V75T,M184I,-5.566927909851074,-4.676847457885742,-0.6176671981811523,291,278,1
"K103N,V179I",K103N,V179I,-1.1189522743225098,-3.0612449645996094,-0.6165328025817871,7169,2265,589
"M41L,F116Y",M41L,F116Y,-3.644620418548584,-5.772255897521973,-0.6150908470153809,7681,465,50
"A62V,K70R",A62V,K70R,-3.6833701133728027,-3.355496406555176,-0.6143288612365723,944,3843,103
"D177N,G190A",D177N,G190A,-4.255487442016602,-3.1088409423828125,-0.6140642166137695,405,2628,30
"I135V,T165I",I135V,T165I,-1.8188786506652832,-3.30014705657959,-0.6132164001464844,1442,547,12
"I178L,G190E",I178L,G190E,-3.0487122535705566,-5.147928237915039,-0.6103110313415527,1452,89,1
"E44D,Q151M",E44D,Q151M,-5.700588226318359,-5.256307601928711,-0.6079225540161133,2258,567,5
"K65R,T69N",K65R,T69N,-4.030985355377197,-3.88234806060791,-0.6045594215393066,582,1382,15
"D67N,I132L",D67N,I132L,-3.629225730895996,-6.858478546142578,-0.601506233215332,6284,59,6
"L74I,F77L",L74I,F77L,-5.347085952758789,-5.820678234100342,-0.5997529029846191,1137,530,15
"K70R,Y115F",K70R,Y115F,-3.355496406555176,-4.955207824707031,-0.5979013442993164,3843,419,61
"M41L,K65R",M41L,K65R,-3.644620418548584,-4.030985355377197,-0.5966634750366211,7681,582,47
"E138A,E203D",E138A,E203D,-3.707515239715576,-4.545126914978027,-0.5961565971374512,510,911,8
"W88C,D218E",W88C,D218E,-4.780577659606934,-5.338306427001953,-0.5954151153564453,238,1380,5
"G190S,I202V",G190S,I202V,-4.183330535888672,-2.5299878120422363,-0.5940127372741699,575,2591,49
"K65R,L210W",K65R,L210W,-4.030985355377197,-5.121402740478516,-0.5926556587219238,582,5245,22
"K103R,G190S",K103R,G190S,-4.430820465087891,-4.183330535888672,-0.5896625518798828,447,575,4
"D121Y,D123E",D121Y,D123E,-5.820876121520996,-0.6382613182067871,-0.5891032218933105,539,5031,77
"K103N,K104N",K103N,K104N,-1.1189522743225098,-4.512881278991699,-0.5886015892028809,7169,127,27
"S162Y,I202V",S162Y,I202V,-4.182066917419434,-2.5299878120422363,-0.5862069129943848,604,2591,49
"L100I,V106A",L100I,V106A,-5.426762580871582,-4.698551177978516,-0.5857706069946289,1048,285,4
"P176S,M184V",P176S,M184V,-5.250553131103516,-0.9129843711853027,-0.5854039192199707,44,10518,12
"S162C,T165L",S162C,T165L,-1.3685646057128906,-6.249753475189209,-0.5852227210998535,2311,138,3
"K46Q,L210W",K46Q,L210W,-6.29924201965332,-5.121402740478516,-0.5845708847045898,98,5245,1
"D67E,M184V",D67E,M184V,-5.707498550415039,-0.9129843711853027,-0.58404541015625,112,10518,49
"K66R,M184V",K66R,M184V,-7.072813987731934,-0.9129843711853027,-0.5830588340759277,40,10518,13
"D121H,D123S",D121H,D123S,-5.13786506652832,-4.461274147033691,-0.5813388824462891,715,325,21
"V90I,F214L",V90I,F214L,-3.151401996612549,-1.6280303001403809,-0.5813312530517578,1068,3429,130
"K43E,K70R",K43E,K70R,-4.94857931137085,-3.355496406555176,-0.5811963081359863,1578,3843,133
"K43E,K219E",K43E,K219E,-4.94857931137085,-5.293593406677246,-0.5805754661560059,1578,1432,73
"S162C,K166I",S162C,K166I,-1.3685646057128906,-4.982188701629639,-0.5797734260559082,2311,43,2
"R83K,K122E",R83K,K122E,-0.893958568572998,-0.5262050628662109,-0.5754380226135254,1800,9670,538
"D177G,G190S",D177G,G190S,-5.052972316741943,-4.183330535888672,-0.575350284576416,324,575,3
"Q151M,L210W",Q151M,L210W,-5.256307601928711,-5.121402740478516,-0.5720424652099609,567,5245,33
"V108I,G190E",V108I,G190E,-4.285305976867676,-5.147928237915039,-0.5698118209838867,1726,89,2
"S48T,T215S",S48T,T215S,-4.15764045715332,-4.080306053161621,-0.5668516159057617,392,244,0
"K219N,E224D",K219N,E224D,-4.819204330444336,-5.132847785949707,-0.566166877746582,936,292,10
"K65R,D67G",K65R,D67G,-4.030985355377197,-5.395294189453125,-0.5657343864440918,582,550,12
"K122E,K166Q",K122E,K166Q,-0.5262050628662109,-5.717284202575684,-0.5650186538696289,9670,89,36
"G190S,P225H",G190S,P225H,-4.183330535888672,-4.981076717376709,-0.5641417503356934,575,1000,5
"V90I,S162C",V90I,S162C,-3.151401996612549,-1.3685646057128906,-0.5637669563293457,1068,2311,58
"K70G,L210W",K70G,L210W,-5.829153060913086,-5.121402740478516,-0.5633306503295898,90,5245,6
"D67N,S68N",D67N,S68N,-3.629225730895996,-5.892120361328125,-0.5623044967651367,6284,116,18
"T139A,M184I",T139A,M184I,-4.9206695556640625,-4.676847457885742,-0.5614109039306641,122,278,1
"T39S,K43Q",T39S,K43Q,-4.253486633300781,-4.9892425537109375,-0.5613880157470703,154,888,7
"L74V,W88C",L74V,W88C,-3.9824557304382324,-4.780577659606934,-0.557889461517334,2012,238,18
"P150Q,M184V",P150Q,M184V,-6.7938714027404785,-0.9129843711853027,-0.5572357177734375,6,10518,1
"K103R,V179I",K103R,V179I,-4.430820465087891,-3.0612449645996094,-0.554931640625,447,2265,15
"V106A,Y181C",V106A,Y181C,-4.698551177978516,-2.7653021812438965,-0.5548148155212402,285,3013,31
"V106A,V108I",V106A,V108I,-4.698551177978516,-4.285305976867676,-0.5539398193359375,285,1726,10
"R78K,M184V",R78K,M184V,-5.413211822509766,-0.9129843711853027,-0.5533785820007324,26,10518,6
"L74I,V75I",L74I,V75I,-5.347085952758789,-5.199460029602051,-0.5533351898193359,1137,548,7
"S48E,K122Q",S48E,K122Q,-5.078001976013184,-4.1569294929504395,-0.5520787239074707,92,97,1
"E44A,K70R",E44A,K70R,-8.49202823638916,-3.355496406555176,-0.5483913421630859,453,3843,28
"K43E,G190E",K43E,G190E,-4.94857931137085,-5.147928237915039,-0.5459465980529785,1578,89,6
"M41L,K70R",M41L,K70R,-3.644620418548584,-3.355496406555176,-0.5444636344909668,7681,3843,1307
"I135L,I142V",I135L,I142V,-2.2978501319885254,-2.157994270324707,-0.5443930625915527,751,2050,56
"Q207E,R211N",Q207E,R211N,-1.9299802780151367,-4.354538440704346,-0.5435729026794434,3342,82,7
"Y115F,L210W",Y115F,L210W,-4.955207824707031,-5.121402740478516,-0.5434532165527344,419,5245,35
"L109I,F214L",L109I,F214L,-6.955408096313477,-1.6280303001403809,-0.542381763458252,153,3429,10
"K43Q,K70R",K43Q,K70R,-4.9892425537109375,-3.355496406555176,-0.5415916442871094,888,3843,97
"K103S,Y181V",K103S,Y181V,-4.643891334533691,-6.1573309898376465,-0.5405735969543457,445,78,2
"K103N,Y188L",K103N,Y188L,-1.1189522743225098,-4.016366004943848,-0.5397458076477051,7169,965,200
"Q145H,D177E",Q145H,D177E,-5.575162887573242,-1.8185358047485352,-0.5384607315063477,18,4457,0
"K49R,E138Q",K49R,E138Q,-2.9545512199401855,-6.2441840171813965,-0.5376882553100586,1558,149,1
"V106M,P225H",V106M,P225H,-5.482363700866699,-4.981076717376709,-0.535733699798584,164,1000,0
"K43E,K65R",K43E,K65R,-4.94857931137085,-4.030985355377197,-0.5353641510009766,1578,582,1
"I142T,E203D",I142T,E203D,-2.946187734603882,-4.545126914978027,-0.535313606262207,584,911,9
"R83K,W88C",R83K,W88C,-0.893958568572998,-4.780577659606934,-0.5348362922668457,1800,238,8
"I135V,A158S",I135V,A158S,-1.8188786506652832,-3.3938140869140625,-0.5338482856750488,1442,429,19
"K122E,R199S",K122E,R199S,-0.5262050628662109,-6.566242218017578,-0.5337438583374023,9670,11,1
"I178M,F214L",I178M,F214L,-2.037370204925537,-1.6280303001403809,-0.5333328247070312,1880,3429,208
"K49R,K122P",K49R,K122P,-2.9545512199401855,-4.0879058837890625,-0.5329685211181641,1558,483,17
"K64H,S68G",K64H,S68G,-7.037547588348389,-3.3611698150634766,-0.5317521095275879,106,1572,1
"E203K,P225H",E203K,P225H,-4.813840866088867,-4.981076717376709,-0.5311188697814941,1147,1000,9
"K49R,D121H",K49R,D121H,-2.9545512199401855,-5.13786506652832,-0.5304770469665527,1558,715,30
"K102E,I135L",K102E,I135L,-5.432711601257324,-2.2978501319885254,-0.5304350852966309,66,751,0
"R211K,D218N",R211K,D218N,0.07705116271972656,-7.781718730926514,-0.5303587913513184,9546,6,0
"W88C,M184V",W88C,M184V,-4.780577659606934,-0.9129843711853027,-0.5284991264343262,238,10518,107
"T215Y,P225H",T215Y,P225H,-3.1207141876220703,-4.981076717376709,-0.5284285545349121,7089,1000,164
"E79D,I135T",E79D,I135T,-5.390331268310547,-0.6197185516357422,-0.5280656814575195,81,7903,18
"S162C,K173E",S162C,K173E,-1.3685646057128906,-3.546785354614258,-0.5279312133789062,2311,307,19
"E53D,V106I",E53D,V106I,-4.5133137702941895,-3.526829719543457,-0.5277876853942871,232,832,1
"V106M,I178M",V106M,I178M,-5.482363700866699,-2.037370204925537,-0.5274081230163574,164,1880,6
"A98G,Q151M",A98G,Q151M,-4.374523162841797,-5.256307601928711,-0.5266456604003906,1210,567,18
"V75M,Y181C",V75M,Y181C,-5.651355743408203,-2.7653021812438965,-0.5256562232971191,1001,3013,159
"K103N,P176S",K103N,P176S,-1.1189522743225098,-5.250553131103516,-0.524895191192627,7169,44,8
"F171Y,H208Y",F171Y,H208Y,-5.140012741088867,-5.66487455368042,-0.524843692779541,121,2190,3
"M184V,R199S",M184V,R199S,-0.9129843711853027,-6.566242218017578,-0.5245413780212402,10518,11,2
"E53D,V179I",E53D,V179I,-4.5133137702941895,-3.0612449645996094,-0.5239338874816895,232,2265,11
"E44D,F116Y",E44D,F116Y,-5.700588226318359,-5.772255897521973,-0.5228796005249023,2258,465,4
"I135L,F214L",I135L,F214L,-2.2978501319885254,-1.6280303001403809,-0.5228309631347656,751,3429,60
"S162Y,I178M",S162Y,I178M,-4.182066917419434,-2.037370204925537,-0.5207695960998535,604,1880,35
"R83K,D121H",R83K,D121H,-0.893958568572998,-5.13786506652832,-0.5200142860412598,1800,715,23
"V106M,T215F",V106M,T215F,-5.482363700866699,-4.3591790199279785,-0.5189461708068848,164,2076,13
"Y188L,P225H",Y188L,P225H,-4.016366004943848,-4.981076717376709,-0.5182375907897949,965,1000,11
"S162D,T165I",S162D,T165I,-4.821484088897705,-3.30014705657959,-0.5179333686828613,404,547,5
"F214L,D218E",F214L,D218E,-1.6280303001403809,-5.338306427001953,-0.5169558525085449,3429,1380,225
"E44D,Y115F",E44D,Y115F,-5.700588226318359,-4.955207824707031,-0.5136556625366211,2258,419,9
"Q145E,T215Y",Q145E,T215Y,-5.432366371154785,-3.1207141876220703,-0.512608528137207,14,7089,0
"V106A,K219E",V106A,K219E,-4.698551177978516,-5.293593406677246,-0.5117864608764648,285,1432,8
"K70R,L74V",K70R,L74V,-3.355496406555176,-3.9824557304382324,-0.5116162300109863,3843,2012,269
"L100I,Y188L",L100I,Y188L,-5.426762580871582,-4.016366004943848,-0.5097389221191406,1048,965,25
"M41L,Y115F",M41L,Y115F,-3.644620418548584,-4.955207824707031,-0.5092272758483887,7681,419,76
"R83K,A98S",R83K,A98S,-0.893958568572998,-2.5130887031555176,-0.5090608596801758,1800,1551,77
"W88C,S162C",W88C,S162C,-4.780577659606934,-1.3685646057128906,-0.5069999694824219,238,2311,9
"K101E,I135L",K101E,I135L,-3.8616750240325928,-2.2978501319885254,-0.5063374042510986,1187,751,24
"Y115F,T215Y",Y115F,T215Y,-4.955207824707031,-3.1207141876220703,-0.5059490203857422,419,7089,67
"N175Y,D177E",N175Y,D177E,-7.176048278808594,-1.8185358047485352,-0.505671501159668,102,4457,11
"T139K,K219E",T139K,K219E,-4.755600929260254,-5.293593406677246,-0.5055427551269531,136,1432,8
"V111I,I202V",V111I,I202V,-6.618759632110596,-2.5299878120422363,-0.5038986206054688,309,2591,30
"K102Q,V106I",K102Q,V106I,-3.0805716514587402,-3.526829719543457,-0.502932071685791,869,832,17
"K122E,R211N",K122E,R211N,-0.5262050628662109,-4.354538440704346,-0.5025911331176758,9670,82,50
"T69D,K70G",T69D,K70G,-5.029468536376953,-5.829153060913086,-0.5019035339355469,1500,90,1
"I135L,A158S",I135L,A158S,-2.2978501319885254,-3.3938140869140625,-0.501309871673584,751,429,10
"E138A,T139K",E138A,T139K,-3.707515239715576,-4.755600929260254,-0.5004706382751465,510,136,0
"I142T,T200E",I142T,T200E,-2.946187734603882,-3.2886247634887695,-0.5004031658172607,584,390,3
"K103N,S105L",K103N,S105L,-1.1189522743225098,-7.445468425750732,-0.4982738494873047,7169,13,2
"K73N,K122E",K73N,K122E,-6.898386001586914,-0.5262050628662109,-0.4977025985717773,7,9670,2
"G190S,K223T",G190S,K223T,-4.183330535888672,-7.232815742492676,-0.4972677230834961,575,120,0
"E44A,K70E",E44A,K70E,-8.49202823638916,-4.810079097747803,-0.4960570335388183,453,89,0
"E204D,L210W",E204D,L210W,-3.9009037017822266,-5.121402740478516,-0.4959573745727539,218,5245,15
"K65R,D67E",K65R,D67E,-4.030985355377197,-5.707498550415039,-0.4952349662780761,582,112,0
"Y146F,T215Y",Y146F,T215Y,-6.309272766113281,-3.1207141876220703,-0.4943075180053711,15,7089,3
"T39K,E44A",T39K,E44A,-5.7418293952941895,-8.49202823638916,-0.494023323059082,222,453,11
"F116Y,T215Y",F116Y,T215Y,-5.772255897521973,-3.1207141876220703,-0.4929876327514648,465,7089,46
"K103N,V106I",K103N,V106I,-1.1189522743225098,-3.526829719543457,-0.4927592277526855,7169,832,172
"L74I,I135T",L74I,I135T,-5.347085952758789,-0.6197185516357422,-0.4918088912963867,1137,7903,405
"A62V,L74V",A62V,L74V,-3.6833701133728027,-3.9824557304382324,-0.4916744232177734,944,2012,63
"R211N,K219E",R211N,K219E,-4.354538440704346,-5.293593406677246,-0.4914164543151855,82,1432,4
"I178V,M184V",I178V,M184V,-4.908853530883789,-0.9129843711853027,-0.4913654327392578,167,10518,59
"E224D,P225H",E224D,P225H,-5.132847785949707,-4.981076717376709,-0.4911360740661621,292,1000,2
"E203K,T215F",E203K,T215F,-4.813840866088867,-4.3591790199279785,-0.4911017417907715,1147,2076,64
"Y146F,T215F",Y146F,T215F,-6.309272766113281,-4.3591790199279785,-0.4899497032165527,15,2076,0
"D76N,K103N",D76N,K103N,-6.0195770263671875,-1.1189522743225098,-0.4887347221374511,22,7169,2
"L210S,F214L",L210S,F214L,-5.53685188293457,-1.6280303001403809,-0.4886565208435058,160,3429,13
"V118M,I167V",V118M,I167V,-8.768760681152344,-6.807452201843262,-0.4882764816284179,9,159,0
"V108I,V179D",V108I,V179D,-4.285305976867676,-4.015924453735352,-0.487314224243164,1726,411,16
"I135T,Y144F",I135T,Y144F,-0.6197185516357422,-6.287746429443359,-0.4868559837341308,7903,23,2
"K101E,A158S",K101E,A158S,-3.8616750240325928,-3.3938140869140625,-0.4866440296173095,1187,429,13
"V60I,K64N",V60I,K64N,-2.4234824180603027,-6.286576271057129,-0.4866414070129394,3385,58,7
"S162C,I202V",S162C,I202V,-1.3685646057128906,-2.5299878120422363,-0.4862933158874511,2311,2591,187
"K103N,V106A",K103N,V106A,-1.1189522743225098,-4.698551177978516,-0.4854826927185058,7169,285,72
"E203K,D218E",E203K,D218E,-4.813840866088867,-5.338306427001953,-0.485443115234375,1147,1380,103
"Y144F,T200A",Y144F,T200A,-6.287746429443359,-1.4435830116271973,-0.4853816032409668,23,5337,3
"V108I,E138A",V108I,E138A,-4.285305976867676,-3.707515239715576,-0.4851155281066894,1726,510,19
"I132L,K219E",I132L,K219E,-6.858478546142578,-5.293593406677246,-0.4850225448608398,59,1432,1
"F116Y,T215F",F116Y,T215F,-5.772255897521973,-4.3591790199279785,-0.484865665435791,465,2076,36
"E169D,E224D",E169D,E224D,-3.1319284439086914,-5.132847785949707,-0.4830179214477539,1236,292,6
"H208Y,P225H",H208Y,P225H,-5.66487455368042,-4.981076717376709,-0.4825124740600586,2190,1000,15
"M184T,R211K",M184T,R211K,-6.035602569580078,0.07705116271972656,-0.4819388389587402,11,9546,2
"T215Y,K219Q",T215Y,K219Q,-3.1207141876220703,-4.903281211853027,-0.4817438125610351,7089,2424,337
"D121N,R211K",D121N,R211K,-5.585548400878906,0.07705116271972656,-0.4815120697021484,25,9546,3
"I50M,G190A",I50M,G190A,-6.73737907409668,-3.1088409423828125,-0.4808197021484375,21,2628,0
"R83K,V106I",R83K,V106I,-0.893958568572998,-3.526829719543457,-0.4805502891540527,1800,832,37
"E169D,Q174H",E169D,Q174H,-3.1319284439086914,-4.513338088989258,-0.4801483154296875,1236,252,5
"S48E,K122P",S48E,K122P,-5.078001976013184,-4.0879058837890625,-0.4800539016723633,92,483,5
"M184V,V189A",M184V,V189A,-0.9129843711853027,-7.178010940551758,-0.4794182777404785,10518,9,0
"D177G,Y181V",D177G,Y181V,-5.052972316741943,-6.1573309898376465,-0.4782495498657226,324,78,0
"E53K,I135T",E53K,I135T,-5.667784690856934,-0.6197185516357422,-0.4780797958374023,24,7903,7
"T165I,P225H",T165I,P225H,-3.30014705657959,-4.981076717376709,-0.4770350456237793,547,1000,12
"T165L,K219N",T165L,K219N,-6.249753475189209,-4.819204330444336,-0.4769196510314941,138,936,0
"I142V,Y181V",I142V,Y181V,-2.157994270324707,-6.1573309898376465,-0.4769072532653808,2050,78,2
"V118G,I167V",V118G,I167V,-7.252610683441162,-6.807452201843262,-0.4768385887145996,4,159,0
"K43E,K173T",K43E,K173T,-4.94857931137085,-4.327474594116211,-0.4750971794128418,1578,185,5
"A98G,V106M",A98G,V106M,-4.374523162841797,-5.482363700866699,-0.4746828079223633,1210,164,3
"I142M,D177E",I142M,D177E,-3.935255765914917,-1.8185358047485352,-0.4734656810760498,91,4457,9
"K43Q,K70G",K43Q,K70G,-4.9892425537109375,-5.829153060913086,-0.473088264465332,888,90,1
"T165I,Q207K",T165I,Q207K,-3.30014705657959,-4.374880790710449,-0.4729232788085937,547,336,2
"V60I,Y181I",V60I,Y181I,-2.4234824180603027,-5.883181571960449,-0.4719738960266113,3385,136,15
"A62V,I142V",A62V,I142V,-3.6833701133728027,-2.157994270324707,-0.4719548225402832,944,2050,52
"D177G,I178L",D177G,I178L,-5.052972316741943,-3.0487122535705566,-0.4713325500488281,324,1452,6
"K70G,R211T",K70G,R211T,-5.829153060913086,-1.6072273254394531,-0.4704742431640625,90,363,0
"N175Y,E203K",N175Y,E203K,-7.176048278808594,-4.813840866088867,-0.4698743820190429,102,1147,3
"G190E,P225H",G190E,P225H,-5.147928237915039,-4.981076717376709,-0.4698405265808105,89,1000,0
"T215F,P225H",T215F,P225H,-4.3591790199279785,-4.981076717376709,-0.4697456359863281,2076,1000,59
"I142M,Y181C",I142M,Y181C,-3.935255765914917,-2.7653021812438965,-0.4696748256683349,91,3013,5
"L74I,I135V",L74I,I135V,-5.347085952758789,-1.8188786506652832,-0.4676885604858398,1137,1442,52
"E194Q,R211T",E194Q,R211T,-6.222220420837402,-1.6072273254394531,-0.4675502777099609,39,363,1
"V108I,V179T",V108I,V179T,-4.285305976867676,-6.197201728820801,-0.467529296875,1726,81,9
"E40D,E44D",E40D,E44D,-5.010899543762207,-5.700588226318359,-0.4665050506591797,196,2258,7
"Q151R,T215Y",Q151R,T215Y,-6.335634231567383,-3.1207141876220703,-0.4664249420166015,12,7089,2
"K70R,S163C",K70R,S163C,-3.355496406555176,-6.302100658416748,-0.466001033782959,3843,61,7
"G190A,P225H",G190A,P225H,-3.1088409423828125,-4.981076717376709,-0.4659924507141113,2628,1000,52
"I202V,D218E",I202V,D218E,-2.5299878120422363,-5.338306427001953,-0.4657540321350097,2591,1380,183
"G45E,M184V",G45E,M184V,-6.091649055480957,-0.9129843711853027,-0.4648537635803222,16,10518,3
"R199K,R211K",R199K,R211K,-6.681912899017334,0.07705116271972656,-0.4646115303039551,26,9546,8
"E53D,R83K",E53D,R83K,-4.5133137702941895,-0.893958568572998,-0.4644632339477539,232,1800,9
"K122P,R211N",K122P,R211N,-4.0879058837890625,-4.354538440704346,-0.4642252922058105,483,82,0
"K103N,H208L",K103N,H208L,-1.1189522743225098,-6.505610466003418,-0.4639124870300293,7169,13,5
"K43E,K219Q",K43E,K219Q,-4.94857931137085,-4.903281211853027,-0.4636321067810058,1578,2424,92
"Y181I,Y188L",Y181I,Y188L,-5.883181571960449,-4.016366004943848,-0.462839126586914,136,965,3
"P176Q,D177E",P176Q,D177E,-6.014883041381836,-1.8185358047485352,-0.4628095626831054,31,4457,1
"V60I,L74I",V60I,L74I,-2.4234824180603027,-5.347085952758789,-0.4615359306335449,3385,1137,197
"A98S,K173E",A98S,K173E,-2.5130887031555176,-3.546785354614258,-0.4605355262756347,1551,307,10
"A98G,Y115F",A98G,Y115F,-4.374523162841797,-4.955207824707031,-0.4595556259155273,1210,419,11
"K49R,D67G",K49R,D67G,-2.9545512199401855,-5.395294189453125,-0.4591240882873535,1558,550,25
"K49R,I142T",K49R,I142T,-2.9545512199401855,-2.946187734603882,-0.4589850902557373,1558,584,29
"E194Q,Q207E",E194Q,Q207E,-6.222220420837402,-1.9299802780151367,-0.4577207565307617,39,3342,2
"T215S,P225H",T215S,P225H,-4.080306053161621,-4.981076717376709,-0.4571309089660644,244,1000,14
"N136T,Q207E",N136T,Q207E,-6.245478630065918,-1.9299802780151367,-0.4567298889160156,26,3342,1
"I94L,K223E",I94L,K223E,-7.481279373168945,-6.5957536697387695,-0.4550981521606445,190,425,2
"I178M,I202T",I178M,I202T,-2.037370204925537,-8.484939575195312,-0.4547557830810547,1880,33,0
"K122Q,M184T",K122Q,M184T,-4.1569294929504395,-6.035602569580078,-0.4543871879577636,97,11,0
"M41L,Q151R",M41L,Q151R,-3.644620418548584,-6.335634231567383,-0.4535527229309082,7681,12,2
"K122Q,E203D",K122Q,E203D,-4.1569294929504395,-4.545126914978027,-0.4532551765441894,97,911,0
"K103S,Y181I",K103S,Y181I,-4.643891334533691,-5.883181571960449,-0.4528408050537109,445,136,2
"T39A,K43R",T39A,K43R,-3.40432071685791,-5.609107971191406,-0.452092170715332,2649,100,7
"K103N,L109I",K103N,L109I,-1.1189522743225098,-6.955408096313477,-0.4520764350891113,7169,153,34
"L109I,I178M",L109I,I178M,-6.955408096313477,-2.037370204925537,-0.4513344764709472,153,1880,5
"T215S,H221Y",T215S,H221Y,-4.080306053161621,-4.235595226287842,-0.4507842063903808,244,1103,7
"V60I,M184T",V60I,M184T,-2.4234824180603027,-6.035602569580078,-0.4506583213806152,3385,11,0
"D177E,Q197K",D177E,Q197K,-1.8185358047485352,-3.8256006240844727,-0.450601577758789,4457,444,77
"L109I,Q207E",L109I,Q207E,-6.955408096313477,-1.9299802780151367,-0.4497146606445312,153,3342,16
"K223Q,P225H",K223Q,P225H,-6.64536190032959,-4.981076717376709,-0.4495902061462402,560,1000,1
"D67G,F116Y",D67G,F116Y,-5.395294189453125,-5.772255897521973,-0.4492731094360351,550,465,12
"I50V,T215Y",I50V,T215Y,-4.180852890014648,-3.1207141876220703,-0.4488544464111328,272,7089,44
"K43E,Q174R",K43E,Q174R,-4.94857931137085,-4.917914390563965,-0.4478163719177246,1578,536,34
"L210W,P225H",L210W,P225H,-5.121402740478516,-4.981076717376709,-0.4476571083068847,5245,1000,77
"E44D,K70R",E44D,K70R,-5.700588226318359,-3.355496406555176,-0.4474954605102539,2258,3843,225
"V179I,P225H",V179I,P225H,-3.0612449645996094,-4.981076717376709,-0.4473977088928222,2265,1000,48
"K64H,I135L",K64H,I135L,-7.037547588348389,-2.2978501319885254,-0.4466142654418945,106,751,0
"Q151M,T215Y",Q151M,T215Y,-5.256307601928711,-3.1207141876220703,-0.4461174011230469,567,7089,65
"D67N,Y146S",D67N,Y146S,-3.629225730895996,-7.0531182289123535,-0.4459404945373535,6284,12,0
"I135T,D218V",I135T,D218V,-0.6197185516357422,-6.625201225280762,-0.4450769424438476,7903,6,0
"K103S,K104N",K103S,K104N,-4.643891334533691,-4.512881278991699,-0.444584846496582,445,127,0
"I202V,K223Q",I202V,K223Q,-2.5299878120422363,-6.64536190032959,-0.4442791938781738,2591,560,44
"H208F,F214L",H208F,F214L,-9.98400592803955,-1.6280303001403809,-0.4442782402038574,75,3429,0
"K166R,E169D",K166R,E169D,-2.453673839569092,-3.1319284439086914,-0.4431967735290527,1428,1236,51
"K103S,L109V",K103S,L109V,-4.643891334533691,-8.899969100952148,-0.4427938461303711,445,26,0
"K101P,I135T",K101P,I135T,-5.446383953094482,-0.6197185516357422,-0.4421248435974121,288,7903,101
"K104Q,T215Y",K104Q,T215Y,-6.454492092132568,-3.1207141876220703,-0.4416203498840332,22,7089,1
"E53D,T165I",E53D,T165I,-4.5133137702941895,-3.30014705657959,-0.4410634040832519,232,547,0
"I132L,K219Q",I132L,K219Q,-6.858478546142578,-4.903281211853027,-0.4410619735717773,59,2424,3
"I135L,L210F",I135L,L210F,-2.2978501319885254,-5.042189598083496,-0.4410548210144043,751,196,2
"M41L,P225H",M41L,P225H,-3.644620418548584,-4.981076717376709,-0.4408988952636719,7681,1000,158
"I135L,T165I",I135L,T165I,-2.2978501319885254,-3.30014705657959,-0.4400110244750976,751,547,11
"K64R,A158S",K64R,A158S,-3.9972667694091797,-3.3938140869140625,-0.4395370483398437,538,429,2
"V75T,Y188L",V75T,Y188L,-5.566927909851074,-4.016366004943848,-0.4395027160644531,291,965,6
"V118G,M184V",V118G,M184V,-7.252610683441162,-0.9129843711853027,-0.4393415451049804,4,10518,1
"K103R,L109V",K103R,L109V,-4.430820465087891,-8.899969100952148,-0.4393167495727539,447,26,0
"T165I,V179I",T165I,V179I,-3.30014705657959,-3.0612449645996094,-0.4389104843139648,547,2265,36
"K70E,I202V",K70E,I202V,-4.810079097747803,-2.5299878120422363,-0.4381685256958008,89,2591,8
"E53D,S162C",E53D,S162C,-4.5133137702941895,-1.3685646057128906,-0.4379391670227051,232,2311,9
"L210S,K219Q",L210S,K219Q,-5.53685188293457,-4.903281211853027,-0.4375152587890625,160,2424,12
"I142T,K219Q",I142T,K219Q,-2.946187734603882,-4.903281211853027,-0.4373102188110351,584,2424,32
"M184V,E204K",M184V,E204K,-0.9129843711853027,-6.491643905639648,-0.4371805191040039,10518,134,49
"T165I,D177N",T165I,D177N,-3.30014705657959,-4.255487442016602,-0.4367251396179199,547,405,3
"K43E,P225H",K43E,P225H,-4.94857931137085,-4.981076717376709,-0.4365396499633789,1578,1000,14
"T69I,M184V",T69I,M184V,-6.704205513000488,-0.9129843711853027,-0.4357104301452636,84,10518,41
"S162Y,G190A",S162Y,G190A,-4.182066917419434,-3.1088409423828125,-0.4355254173278808,604,2628,64
"T165A,T215F",T165A,T215F,-5.791104793548584,-4.3591790199279785,-0.4354782104492187,18,2076,0
"V106M,Y181C",V106M,Y181C,-5.482363700866699,-2.7653021812438965,-0.4352726936340332,164,3013,18
"E44A,Q174R",E44A,Q174R,-8.49202823638916,-4.917914390563965,-0.4351444244384765,453,536,8
"K166R,R211T",K166R,R211T,-2.453673839569092,-1.6072273254394531,-0.4349112510681152,1428,363,11
"S162Y,K166I",S162Y,K166I,-4.182066917419434,-4.982188701629639,-0.434363842010498,604,43,0
"K49R,I167V",K49R,I167V,-2.9545512199401855,-6.807452201843262,-0.4341082572937011,1558,159,4
"S162Y,I178V",S162Y,I178V,-4.182066917419434,-4.908853530883789,-0.4339923858642578,604,167,0
"V111I,Y188L",V111I,Y188L,-6.618759632110596,-4.016366004943848,-0.4337658882141113,309,965,8
"Q174H,T215S",Q174H,T215S,-4.513338088989258,-4.080306053161621,-0.4330682754516601,252,244,2
"V106I,D123S",V106I,D123S,-3.526829719543457,-4.461274147033691,-0.4322338104248047,832,325,5
"S48L,K122E",S48L,K122E,-6.5187578201293945,-0.5262050628662109,-0.431584358215332,15,9670,3
"K101E,K102R",K101E,K102R,-3.8616750240325928,-3.6997029781341553,-0.4314968585968017,1187,641,29
"S48T,I142T",S48T,I142T,-4.15764045715332,-2.946187734603882,-0.4313857555389404,392,584,5
"Y181I,P225H",Y181I,P225H,-5.883181571960449,-4.981076717376709,-0.4313044548034668,136,1000,1
"D177N,G190E",D177N,G190E,-4.255487442016602,-5.147928237915039,-0.431192398071289,405,89,1
"I142V,F171Y",I142V,F171Y,-2.157994270324707,-5.140012741088867,-0.4311614036560058,2050,121,5
"F116Y,H221Y",F116Y,H221Y,-5.772255897521973,-4.235595226287842,-0.430488109588623,465,1103,41
"M41L,Y188H",M41L,Y188H,-3.644620418548584,-5.470270156860352,-0.4304366111755371,7681,72,12
"I50V,Q207E",I50V,Q207E,-4.180852890014648,-1.9299802780151367,-0.4302511215209961,272,3342,30
"V106M,D218E",V106M,D218E,-5.482363700866699,-5.338306427001953,-0.4302282333374023,164,1380,3
"V118I,D121Y",V118I,D121Y,-3.8630495071411133,-5.820876121520996,-0.4302005767822265,4638,539,86
"S48T,T69D",S48T,T69D,-4.15764045715332,-5.029468536376953,-0.4297294616699219,392,1500,10
"V75M,N175Y",V75M,N175Y,-5.651355743408203,-7.176048278808594,-0.4295463562011719,1001,102,4
"I178M,G190E",I178M,G190E,-2.037370204925537,-5.147928237915039,-0.4293508529663086,1880,89,7
"K49R,W88C",K49R,W88C,-2.9545512199401855,-4.780577659606934,-0.4290242195129394,1558,238,8
"E40F,K70R",E40F,K70R,-8.739039421081543,-3.355496406555176,-0.4288969039916992,200,3843,9
"L100I,S162C",L100I,S162C,-5.426762580871582,-1.3685646057128906,-0.4286718368530273,1048,2311,73
"K64N,R83K",K64N,R83K,-6.286576271057129,-0.893958568572998,-0.4279875755310058,58,1800,0
"Q174K,E204K",Q174K,E204K,-4.801260948181152,-6.491643905639648,-0.4277944564819336,691,134,1
"K103N,V111L",K103N,V111L,-1.1189522743225098,-6.9620041847229,-0.4275293350219726,7169,11,3
"S162C,N175Y",S162C,N175Y,-1.3685646057128906,-7.176048278808594,-0.4274101257324219,2311,102,2
"E204K,D218E",E204K,D218E,-6.491643905639648,-5.338306427001953,-0.4272737503051758,134,1380,0
"I178M,T200I",I178M,T200I,-2.037370204925537,-2.169168472290039,-0.4264798164367676,1880,1087,65
"R172K,H208Y",R172K,H208Y,-4.981064319610596,-5.66487455368042,-0.4260540008544922,312,2190,37
"I178L,G196R",I178L,G196R,-3.0487122535705566,-5.093443870544434,-0.4255375862121582,1452,101,4
"I159V,T215Y",I159V,T215Y,-5.8862996101379395,-3.1207141876220703,-0.4252762794494629,28,7089,3
"T165I,M184V",T165I,M184V,-3.30014705657959,-0.9129843711853027,-0.4251179695129394,547,10518,225
"Q151R,T215F",Q151R,T215F,-6.335634231567383,-4.3591790199279785,-0.424375057220459,12,2076,0
"S162Y,G190S",S162Y,G190S,-4.182066917419434,-4.183330535888672,-0.4242143630981445,604,575,11
"K43Q,Y115F",K43Q,Y115F,-4.9892425537109375,-4.955207824707031,-0.4240169525146484,888,419,5
"I195L,Q207E",I195L,Q207E,-5.000304222106934,-1.9299802780151367,-0.4239759445190429,227,3342,24
"L80F,M184V",L80F,M184V,-7.5684814453125,-0.9129843711853027,-0.4230799674987793,8,10518,1
"E138A,K219E",E138A,K219E,-3.707515239715576,-5.293593406677246,-0.422940731048584,510,1432,20
"K64H,K101Q",K64H,K101Q,-7.037547588348389,-3.331068515777588,-0.422800064086914,106,986,5
"R199K,R211T",R199K,R211T,-6.681912899017334,-1.6072273254394531,-0.4222779273986816,26,363,0
"K103N,I167V",K103N,I167V,-1.1189522743225098,-6.807452201843262,-0.4219670295715332,7169,159,45
"V106A,Y188L",V106A,Y188L,-4.698551177978516,-4.016366004943848,-0.4219083786010742,285,965,2
"D113E,K122E",D113E,K122E,-6.923398017883301,-0.5262050628662109,-0.4218111038208008,6,9670,1
"E138A,Q207E",E138A,Q207E,-3.707515239715576,-1.9299802780151367,-0.4218001365661621,510,3342,46
"Q145E,M184V",Q145E,M184V,-5.432366371154785,-0.9129843711853027,-0.4207978248596191,14,10518,3
"L100I,E138A",L100I,E138A,-5.426762580871582,-3.707515239715576,-0.4207472801208496,1048,510,12
"M41L,Q151M",M41L,Q151M,-3.644620418548584,-5.256307601928711,-0.4201464653015136,7681,567,84
"Q151M,T215S",Q151M,T215S,-5.256307601928711,-4.080306053161621,-0.4197854995727539,567,244,4
"D67E,T69I",D67E,T69I,-5.707498550415039,-6.704205513000488,-0.4195356369018554,112,84,0
"E40F,E203K",E40F,E203K,-8.739039421081543,-4.813840866088867,-0.4195280075073242,200,1147,31
"T165I,T215Y",T165I,T215Y,-3.30014705657959,-3.1207141876220703,-0.4193840026855469,547,7089,122
"Y188C,T215Y",Y188C,T215Y,-5.383752822875977,-3.1207141876220703,-0.4185619354248047,39,7089,3
"D177E,Y181V",D177E,Y181V,-1.8185358047485352,-6.1573309898376465,-0.4184889793395996,4457,78,9
"Q207E,K219E",Q207E,K219E,-1.9299802780151367,-5.293593406677246,-0.4184169769287109,3342,1432,155
"F214M,T215Y",F214M,T215Y,-6.939330101013184,-3.1207141876220703,-0.4179773330688476,9,7089,2
"Y181C,I202T",Y181C,I202T,-2.7653021812438965,-8.484939575195312,-0.4177570343017578,3013,33,3
"W88C,I135T",W88C,I135T,-4.780577659606934,-0.6197185516357422,-0.4173135757446289,238,7903,70
"K103S,V106A",K103S,V106A,-4.643891334533691,-4.698551177978516,-0.4170980453491211,445,285,3
"M41L,D113N",M41L,D113N,-3.644620418548584,-5.785923004150391,-0.4170317649841308,7681,68,12
"K122P,K173T",K122P,K173T,-4.0879058837890625,-4.327474594116211,-0.4166688919067383,483,185,2
"K154T,T215Y",K154T,T215Y,-7.3339409828186035,-3.1207141876220703,-0.4164538383483886,5,7089,0
"T215F,H221Y",T215F,H221Y,-4.3591790199279785,-4.235595226287842,-0.4155750274658203,2076,1103,114
"Y115F,I135T",Y115F,I135T,-4.955207824707031,-0.6197185516357422,-0.4155168533325195,419,7903,150
"S117T,R211K",S117T,R211K,-8.040212631225586,0.07705116271972656,-0.4147472381591797,6,9546,0
"V60I,Y181C",V60I,Y181C,-2.4234824180603027,-2.7653021812438965,-0.4146375656127929,3385,3013,468
"V108I,Y115F",V108I,Y115F,-4.285305976867676,-4.955207824707031,-0.4139881134033203,1726,419,49
"V118I,I180V",V118I,I180V,-3.8630495071411133,-4.903366565704346,-0.4129376411437988,4638,109,9
"R83K,Q174K",R83K,Q174K,-0.893958568572998,-4.801260948181152,-0.4127869606018066,1800,691,36
"E204K,H208Y",E204K,H208Y,-6.491643905639648,-5.66487455368042,-0.4126667976379394,134,2190,5
"K43E,I142T",K43E,I142T,-4.94857931137085,-2.946187734603882,-0.4123733043670654,1578,584,26
"D67E,T200A",D67E,T200A,-5.707498550415039,-1.4435830116271973,-0.4122118949890136,112,5337,20
"E40D,L210W",E40D,L210W,-5.010899543762207,-5.121402740478516,-0.4122114181518554,196,5245,24
"E42G,Y181C",E42G,Y181C,-6.192789077758789,-2.7653021812438965,-0.4120926856994629,56,3013,3
"G190S,K223E",G190S,K223E,-4.183330535888672,-6.5957536697387695,-0.4117555618286133,575,425,10
"F214L,D218V",F214L,D218V,-1.6280303001403809,-6.625201225280762,-0.4116988182067871,3429,6,0
"D67N,P225H",D67N,P225H,-3.629225730895996,-4.981076717376709,-0.4109702110290527,6284,1000,162
"M41L,N137T",M41L,N137T,-3.644620418548584,-6.246342658996582,-0.4104046821594238,7681,7,1
"S162C,K219Q",S162C,K219Q,-1.3685646057128906,-4.903281211853027,-0.4102630615234375,2311,2424,118
"D67N,T69I",D67N,T69I,-3.629225730895996,-6.704205513000488,-0.4101085662841797,6284,84,11
"K102R,I167V",K102R,I167V,-3.6997029781341553,-6.807452201843262,-0.4100637435913086,641,159,1
"E44D,K219Q",E44D,K219Q,-5.700588226318359,-4.903281211853027,-0.4098310470581054,2258,2424,123
"D67G,V75I",D67G,V75I,-5.395294189453125,-5.199460029602051,-0.4097013473510742,550,548,14
"I50L,T215Y",I50L,T215Y,-6.470750331878662,-3.1207141876220703,-0.4096474647521972,8,7089,0
"S163C,T215F",S163C,T215F,-6.302100658416748,-4.3591790199279785,-0.4094314575195312,61,2076,4
"I202T,Q207E",I202T,Q207E,-8.484939575195312,-1.9299802780151367,-0.4085798263549804,33,3342,3
"K65E,M184V",K65E,M184V,-7.315793991088867,-0.9129843711853027,-0.4080758094787597,24,10518,9
"Q151M,M184V",Q151M,M184V,-5.256307601928711,-0.9129843711853027,-0.4078707695007324,567,10518,306
"S68N,T215F",S68N,T215F,-5.892120361328125,-4.3591790199279785,-0.4078326225280761,116,2076,6
"D67G,V189I",D67G,V189I,-5.395294189453125,-5.001470565795898,-0.4076213836669922,550,632,13
"N54I,V60I",N54I,V60I,-8.468828201293945,-2.4234824180603027,-0.4075255393981933,29,3385,1
"K103R,E203K",K103R,E203K,-4.430820465087891,-4.813840866088867,-0.4074716567993164,447,1147,18
"E53D,Q207A",E53D,Q207A,-4.5133137702941895,-3.3886473178863525,-0.407008409500122,232,311,0
"D177G,E203D",D177G,E203D,-5.052972316741943,-4.545126914978027,-0.4067292213439941,324,911,11
"P157S,T215F",P157S,T215F,-6.096169948577881,-4.3591790199279785,-0.40606689453125,20,2076,0
"E138Q,E203D",E138Q,E203D,-6.2441840171813965,-4.545126914978027,-0.4053893089294433,149,911,6
"E169D,D177G",E169D,D177G,-3.1319284439086914,-5.052972316741943,-0.4051547050476074,1236,324,11
"E44A,Q151M",E44A,Q151M,-8.49202823638916,-5.256307601928711,-0.4051160812377929,453,567,0
"V106I,I142T",V106I,I142T,-3.526829719543457,-2.946187734603882,-0.4050605297088623,832,584,13
"I135L,G190E",I135L,G190E,-2.2978501319885254,-5.147928237915039,-0.4050226211547851,751,89,1
"V118I,Y188C",V118I,Y188C,-3.8630495071411133,-5.383752822875977,-0.4049291610717773,4638,39,1
"A98G,K166R",A98G,K166R,-4.374523162841797,-2.453673839569092,-0.4044575691223144,1210,1428,56
"I50L,I135T",I50L,I135T,-6.470750331878662,-0.6197185516357422,-0.4043326377868652,8,7903,1
"S68N,T69D",S68N,T69D,-5.892120361328125,-5.029468536376953,-0.4041290283203125,116,1500,0
"Q174K,K223Q",Q174K,K223Q,-4.801260948181152,-6.64536190032959,-0.403533935546875,691,560,13
"E79D,I135L",E79D,I135L,-5.390331268310547,-2.2978501319885254,-0.403449535369873,81,751,1
"D67E,E169D",D67E,E169D,-5.707498550415039,-3.1319284439086914,-0.4030103683471679,112,1236,1
"S162Y,T165L",S162Y,T165L,-4.182066917419434,-6.249753475189209,-0.4027371406555176,604,138,1
"L100I,F171Y",L100I,F171Y,-5.426762580871582,-5.140012741088867,-0.4026136398315429,1048,121,0
"K64H,L100I",K64H,L100I,-7.037547588348389,-5.426762580871582,-0.4025321006774902,106,1048,3
"V75M,F214L",V75M,F214L,-5.651355743408203,-1.6280303001403809,-0.4023804664611816,1001,3429,84
"S162Y,K166Q",S162Y,K166Q,-4.182066917419434,-5.717284202575684,-0.4016437530517578,604,89,1
"R83K,V179I",R83K,V179I,-0.893958568572998,-3.0612449645996094,-0.4014544486999511,1800,2265,109
"S162D,R211N",S162D,R211N,-4.821484088897705,-4.354538440704346,-0.40142822265625,404,82,1
"D121Y,K219N",D121Y,K219N,-5.820876121520996,-4.819204330444336,-0.4011468887329101,539,936,15
"V106I,E138A",V106I,E138A,-3.526829719543457,-3.707515239715576,-0.4011244773864746,832,510,12
"I142T,D177E",I142T,D177E,-2.946187734603882,-1.8185358047485352,-0.4007837772369385,584,4457,99
"D113E,R211K",D113E,R211K,-6.923398017883301,0.07705116271972656,-0.4006719589233398,6,9546,2
"A98S,L100I",A98S,L100I,-2.5130887031555176,-5.426762580871582,-0.4003415107727051,1551,1048,66
"D67E,V108I",D67E,V108I,-5.707498550415039,-4.285305976867676,-0.3999881744384765,112,1726,8
"F116Y,L210W",F116Y,L210W,-5.772255897521973,-5.121402740478516,-0.3999032974243164,465,5245,27
"R83G,I135T",R83G,I135T,-6.2554802894592285,-0.6197185516357422,-0.3997178077697754,20,7903,5
"T139K,I142V",T139K,I142V,-4.755600929260254,-2.157994270324707,-0.3995504379272461,136,2050,11
"V106I,R211N",V106I,R211N,-3.526829719543457,-4.354538440704346,-0.3995041847229004,832,82,2
"V111I,Q207A",V111I,Q207A,-6.618759632110596,-3.3886473178863525,-0.3994734287261963,309,311,1
"L100I,V189I",L100I,V189I,-5.426762580871582,-5.001470565795898,-0.3994016647338867,1048,632,23
"K101P,I135L",K101P,I135L,-5.446383953094482,-2.2978501319885254,-0.3993778228759765,288,751,7
"I202V,E203K",I202V,E203K,-2.5299878120422363,-4.813840866088867,-0.3993277549743652,2591,1147,97
"P176S,R211K",P176S,R211K,-5.250553131103516,0.07705116271972656,-0.3986692428588867,44,9546,14
"E40D,Q151M",E40D,Q151M,-5.010899543762207,-5.256307601928711,-0.3985414505004883,196,567,0
"L74I,D121Y",L74I,D121Y,-5.347085952758789,-5.820876121520996,-0.3979682922363281,1137,539,18
"M41L,S48T",M41L,S48T,-3.644620418548584,-4.15764045715332,-0.3976140022277832,7681,392,93
"I202V,P225H",I202V,P225H,-2.5299878120422363,-4.981076717376709,-0.3975515365600586,2591,1000,91
"L109V,M184V",L109V,M184V,-8.899969100952148,-0.9129843711853027,-0.3963780403137207,26,10518,12
"V90I,V106M",V90I,V106M,-3.151401996612549,-5.482363700866699,-0.3962531089782715,1068,164,2
"H208Y,F214C",H208Y,F214C,-5.66487455368042,-8.165664672851562,-0.396097183227539,2190,9,0
"D123N,R211N",D123N,R211N,-4.126395225524902,-4.354538440704346,-0.3960919380187988,1089,82,3
"G196E,T200A",G196E,T200A,-2.044590473175049,-1.4435830116271973,-0.3955926895141601,3706,5337,877
"K104N,K122E",K104N,K122E,-4.512881278991699,-0.5262050628662109,-0.3955602645874023,127,9670,48
"V60I,N137I",V60I,N137I,-2.4234824180603027,-6.457244873046875,-0.3953490257263183,3385,21,0
"S134G,I135V",S134G,I135V,-6.098907947540283,-1.8188786506652832,-0.3951044082641601,41,1442,1
"P176S,Y181C",P176S,Y181C,-5.250553131103516,-2.7653021812438965,-0.3949618339538574,44,3013,0
"K122P,E203D",K122P,E203D,-4.0879058837890625,-4.545126914978027,-0.3949460983276367,483,911,15
"E40F,E203D",E40F,E203D,-8.739039421081543,-4.545126914978027,-0.3945798873901367,200,911,14
"S48E,A98G",S48E,A98G,-5.078001976013184,-4.374523162841797,-0.3944873809814453,92,1210,0
"I142V,K173T",I142V,K173T,-2.157994270324707,-4.327474594116211,-0.3943548202514648,2050,185,12
"T39S,T215S",T39S,T215S,-4.253486633300781,-4.080306053161621,-0.3939714431762695,154,244,1
"L74V,M184I",L74V,M184I,-3.9824557304382324,-4.676847457885742,-0.3930354118347168,2012,278,22
"K219E,H221Y",K219E,H221Y,-5.293593406677246,-4.235595226287842,-0.3929600715637207,1432,1103,81
"K104N,M184T",K104N,M184T,-4.512881278991699,-6.035602569580078,-0.3928480148315429,127,11,0
"A62V,I135L",A62V,I135L,-3.6833701133728027,-2.2978501319885254,-0.3927488327026367,944,751,17
"I135T,T139K",I135T,T139K,-0.6197185516357422,-4.755600929260254,-0.3927373886108398,7903,136,52
"K122P,M184T",K122P,M184T,-4.0879058837890625,-6.035602569580078,-0.3924465179443359,483,11,0
"L100I,K102E",L100I,K102E,-5.426762580871582,-5.432711601257324,-0.392059326171875,1048,66,0
"L210W,F214M",L210W,F214M,-5.121402740478516,-6.939330101013184,-0.3920011520385742,5245,9,1
"M41L,K104Q",M41L,K104Q,-3.644620418548584,-6.454492092132568,-0.3914251327514648,7681,22,3
"T39A,T165A",T39A,T165A,-3.40432071685791,-5.791104793548584,-0.3911871910095215,2649,18,1
"L100V,M184V",L100V,M184V,-6.990750312805176,-0.9129843711853027,-0.3906617164611816,23,10518,8
"E79D,I135V",E79D,I135V,-5.390331268310547,-1.8188786506652832,-0.3903403282165527,81,1442,3
"R83K,K122Q",R83K,K122Q,-0.893958568572998,-4.1569294929504395,-0.3902101516723633,1800,97,9
"I135T,E194K",I135T,E194K,-0.6197185516357422,-6.099364280700684,-0.390106201171875,7903,65,18
"S162Y,I178L",S162Y,I178L,-4.182066917419434,-3.0487122535705566,-0.3898549079895019,604,1452,25
"F116Y,T215S",F116Y,T215S,-5.772255897521973,-4.080306053161621,-0.3895492553710937,465,244,5
"Q174R,E204K",Q174R,E204K,-4.917914390563965,-6.491643905639648,-0.3893308639526367,536,134,2
"E40D,E44A",E40D,E44A,-5.010899543762207,-8.49202823638916,-0.3892393112182617,196,453,0
"Q207A,L210W",Q207A,L210W,-3.3886473178863525,-5.121402740478516,-0.3892173767089844,311,5245,46
"G190A,I202V",G190A,I202V,-3.1088409423828125,-2.5299878120422363,-0.3890500068664551,2628,2591,309
"L74I,T139K",L74I,T139K,-5.347085952758789,-4.755600929260254,-0.3882932662963867,1137,136,7
"D177G,G190A",D177G,G190A,-5.052972316741943,-3.1088409423828125,-0.3880267143249511,324,2628,29
"E169D,M184I",E169D,M184I,-3.1319284439086914,-4.676847457885742,-0.3878955841064453,1236,278,8
"L74I,W88C",L74I,W88C,-5.347085952758789,-4.780577659606934,-0.3878602981567383,1137,238,12
"D177E,E224K",D177E,E224K,-1.8185358047485352,-6.850215435028076,-0.3873152732849121,4457,37,8
"D67N,F214M",D67N,F214M,-3.629225730895996,-6.939330101013184,-0.3870840072631836,6284,9,2
"I135T,Y188C",I135T,Y188C,-0.6197185516357422,-5.383752822875977,-0.3868985176086426,7903,39,9
"M184V,G190E",M184V,G190E,-0.9129843711853027,-5.147928237915039,-0.3868145942687988,10518,89,36
"S68G,H208Y",S68G,H208Y,-3.3611698150634766,-5.66487455368042,-0.3866515159606933,1572,2190,121
"M41L,I178V",M41L,I178V,-3.644620418548584,-4.908853530883789,-0.3861441612243652,7681,167,32
"S134G,I135L",S134G,I135L,-6.098907947540283,-2.2978501319885254,-0.3858404159545898,41,751,0
"I178M,G196K",I178M,G196K,-2.037370204925537,-5.068039417266846,-0.3857603073120117,1880,97,3
"I178L,G190A",I178L,G190A,-3.0487122535705566,-3.1088409423828125,-0.3857073783874511,1452,2628,146
"D86N,T200A",D86N,T200A,-6.9501824378967285,-1.4435830116271973,-0.3847837448120117,23,5337,2
"Q151R,G196E",Q151R,G196E,-6.335634231567383,-2.044590473175049,-0.3844447135925293,12,3706,0
"R172K,K173Q",R172K,K173Q,-4.981064319610596,-3.8210699558258057,-0.3843872547149658,312,257,0
"A62V,V179T",A62V,V179T,-3.6833701133728027,-6.197201728820801,-0.3839774131774902,944,81,3
"K103S,T165I",K103S,T165I,-4.643891334533691,-3.30014705657959,-0.3838176727294922,445,547,6
"K66R,M184I",K66R,M184I,-7.072813987731934,-4.676847457885742,-0.3837385177612304,40,278,0
"M184V,R206G",M184V,R206G,-0.9129843711853027,-6.734365463256836,-0.3837189674377441,10518,8,3
"K103R,I178L",K103R,I178L,-4.430820465087891,-3.0487122535705566,-0.383636474609375,447,1452,13
"T139K,D218E",T139K,D218E,-4.755600929260254,-5.338306427001953,-0.3835296630859375,136,1380,3
"K166R,Q174R",K166R,Q174R,-2.453673839569092,-4.917914390563965,-0.3835029602050781,1428,536,26
"S162D,K173T",S162D,K173T,-4.821484088897705,-4.327474594116211,-0.3830208778381347,404,185,1
"S68G,D123S",S68G,D123S,-3.3611698150634766,-4.461274147033691,-0.3830022811889648,1572,325,18
"E194Q,R211K",E194Q,R211K,-6.222220420837402,0.07705116271972656,-0.3825330734252929,39,9546,16
"K103N,T131A",K103N,T131A,-1.1189522743225098,-7.088674545288086,-0.3823027610778808,7169,10,0
"Y115F,I142V",Y115F,I142V,-4.955207824707031,-2.157994270324707,-0.3822946548461914,419,2050,21
"Y115F,I142T",Y115F,I142T,-4.955207824707031,-2.946187734603882,-0.3820993900299072,419,584,6
"Q174R,E224D",Q174R,E224D,-4.917914390563965,-5.132847785949707,-0.3818082809448242,536,292,3
"T69N,T215Y",T69N,T215Y,-3.88234806060791,-3.1207141876220703,-0.3814816474914551,1382,7089,219
"G196E,R211K",G196E,R211K,-2.044590473175049,0.07705116271972656,-0.3814053535461426,3706,9546,1708
"P157A,Q207E",P157A,Q207E,-6.552264213562012,-1.9299802780151367,-0.3811674118041992,36,3342,2
"I132L,Q151M",I132L,Q151M,-6.858478546142578,-5.256307601928711,-0.3811092376708984,59,567,0
"I180V,T215F",I180V,T215F,-4.903366565704346,-4.3591790199279785,-0.3809051513671875,109,2076,8
"E138Q,E169D",E138Q,E169D,-6.2441840171813965,-3.1319284439086914,-0.3808836936950683,149,1236,6
"T39A,E44A",T39A,E44A,-3.40432071685791,-8.49202823638916,-0.3801193237304687,2649,453,109
"K122P,K166Q",K122P,K166Q,-4.0879058837890625,-5.717284202575684,-0.3793268203735351,483,89,1
"Q197K,R211T",Q197K,R211T,-3.8256006240844727,-1.6072273254394531,-0.3792505264282226,444,363,5
"A98S,I180V",A98S,I180V,-2.5130887031555176,-4.903366565704346,-0.3792371749877929,1551,109,5
"T165L,D218E",T165L,D218E,-6.249753475189209,-5.338306427001953,-0.3790402412414551,138,1380,3
"K43R,V108I",K43R,V108I,-5.609107971191406,-4.285305976867676,-0.3788385391235351,100,1726,5
"I50V,L210W",I50V,L210W,-4.180852890014648,-5.121402740478516,-0.3787803649902344,272,5245,30
"I132L,L210W",I132L,L210W,-6.858478546142578,-5.121402740478516,-0.3785858154296875,59,5245,7
"I135V,K219E",I135V,K219E,-1.8188786506652832,-5.293593406677246,-0.3783388137817383,1442,1432,72
"S68N,R83K",S68N,R83K,-5.892120361328125,-0.893958568572998,-0.3782715797424316,116,1800,9
"D67G,Y188L",D67G,Y188L,-5.395294189453125,-4.016366004943848,-0.378209114074707,550,965,20
"K103S,I167V",K103S,I167V,-4.643891334533691,-6.807452201843262,-0.3774976730346679,445,159,3
"G190E,G196E",G190E,G196E,-5.147928237915039,-2.044590473175049,-0.3774809837341308,89,3706,12
"K122E,A158T",K122E,A158T,-0.5262050628662109,-6.086113929748535,-0.3771448135375976,9670,34,12
"K103N,H208F",K103N,H208F,-1.1189522743225098,-9.98400592803955,-0.3768110275268554,7169,75,23
"I142V,K166Q",I142V,K166Q,-2.157994270324707,-5.717284202575684,-0.3763141632080078,2050,89,5
"K70E,K173Q",K70E,K173Q,-4.810079097747803,-3.8210699558258057,-0.3760626316070556,89,257,0
"K43Q,I178V",K43Q,I178V,-4.9892425537109375,-4.908853530883789,-0.3759288787841797,888,167,0
"I195T,D218E",I195T,D218E,-4.985945224761963,-5.338306427001953,-0.3759188652038574,65,1380,2
"I167V,F214C",I167V,F214C,-6.807452201843262,-8.165664672851562,-0.3758039474487304,159,9,0
"E44A,K219Q",E44A,K219Q,-8.49202823638916,-4.903281211853027,-0.3754844665527344,453,2424,9
"K46Q,L74V",K46Q,L74V,-6.29924201965332,-3.9824557304382324,-0.3753170967102051,98,2012,4
"S48T,A98G",S48T,A98G,-4.15764045715332,-4.374523162841797,-0.3751907348632812,392,1210,9
"T69D,V179D",T69D,V179D,-5.029468536376953,-4.015924453735352,-0.3747692108154297,1500,411,14
"Y181C,Q197P",Y181C,Q197P,-2.7653021812438965,-4.196758270263672,-0.3747372627258301,3013,85,8
"K122E,K166I",K122E,K166I,-0.5262050628662109,-4.982188701629639,-0.3746647834777832,9670,43,12
"K101P,R211T",K101P,R211T,-5.446383953094482,-1.6072273254394531,-0.3743205070495605,288,363,5
"W88R,K219Q",W88R,K219Q,-6.246634006500244,-4.903281211853027,-0.3739190101623535,8,2424,0
"T58N,K101Q",T58N,K101Q,-7.913564682006836,-3.331068515777588,-0.3738818168640136,51,986,4
"K223E,P225H",K223E,P225H,-6.5957536697387695,-4.981076717376709,-0.373746395111084,425,1000,0
"V106A,D177N",V106A,D177N,-4.698551177978516,-4.255487442016602,-0.3735513687133789,285,405,2
"S68G,S162C",S68G,S162C,-3.3611698150634766,-1.3685646057128906,-0.3734521865844726,1572,2311,130
"I178L,L210F",I178L,L210F,-3.0487122535705566,-5.042189598083496,-0.3734173774719238,1452,196,6
"S68G,I132L",S68G,I132L,-3.3611698150634766,-6.858478546142578,-0.3732223510742187,1572,59,2
"M41L,K219Q",M41L,K219Q,-3.644620418548584,-4.903281211853027,-0.3731160163879394,7681,2424,845
"K122E,S163C",K122E,S163C,-0.5262050628662109,-6.302100658416748,-0.3728337287902832,9670,61,31
"D218E,K223T",D218E,K223T,-5.338306427001953,-7.232815742492676,-0.3727445602416992,1380,120,11
"S134R,T200A",S134R,T200A,-5.647974967956543,-1.4435830116271973,-0.3725061416625976,28,5337,2
"L74V,W88S",L74V,W88S,-3.9824557304382324,-6.279900550842285,-0.3725008964538574,2012,67,2
"A98G,L100I",A98G,L100I,-4.374523162841797,-5.426762580871582,-0.3723764419555664,1210,1048,54
"K103N,R199S",K103N,R199S,-1.1189522743225098,-6.566242218017578,-0.3720831871032715,7169,11,1
"V106I,V111I",V106I,V111I,-3.526829719543457,-6.618759632110596,-0.3720211982727051,832,309,8
"L74V,P225H",L74V,P225H,-3.9824557304382324,-4.981076717376709,-0.3713197708129883,2012,1000,46
"R199T,T200A",R199T,T200A,-6.749438285827637,-1.4435830116271973,-0.3709549903869629,6,5337,0
"R83K,K219E",R83K,K219E,-0.893958568572998,-5.293593406677246,-0.370851993560791,1800,1432,67
"V106M,T215S",V106M,T215S,-5.482363700866699,-4.080306053161621,-0.3708438873291015,164,244,1
"K101Q,F214L",K101Q,F214L,-3.331068515777588,-1.6280303001403809,-0.3702268600463867,986,3429,123
"V60I,R206I",V60I,R206I,-2.4234824180603027,-7.510430335998535,-0.3701977729797363,3385,21,0
"K70G,K219N",K70G,K219N,-5.829153060913086,-4.819204330444336,-0.3697242736816406,90,936,0
"L210F,R211T",L210F,R211T,-5.042189598083496,-1.6072273254394531,-0.3694543838500976,196,363,1
"R78K,K103N",R78K,K103N,-5.413211822509766,-1.1189522743225098,-0.3693709373474121,26,7169,4
"K64N,I135T",K64N,I135T,-6.286576271057129,-0.6197185516357422,-0.3689804077148437,58,7903,21
"K65R,K70G",K65R,K70G,-4.030985355377197,-5.829153060913086,-0.3689789772033691,582,90,3
"D67G,D192N",D67G,D192N,-5.395294189453125,-6.151915550231934,-0.3689489364624023,550,96,0
"V90I,A98G",V90I,A98G,-3.151401996612549,-4.374523162841797,-0.3687806129455566,1068,1210,42
"I142M,D177G",I142M,D177G,-3.935255765914917,-5.052972316741943,-0.3687272071838379,91,324,0
"P140T,M184V",P140T,M184V,-7.01442289352417,-0.9129843711853027,-0.3685274124145508,24,10518,9
"F77L,Y181C",F77L,Y181C,-5.820678234100342,-2.7653021812438965,-0.3684339523315429,530,3013,126
"K64H,R83K",K64H,R83K,-7.037547588348389,-0.893958568572998,-0.3680763244628906,106,1800,0
"D67G,E169D",D67G,E169D,-5.395294189453125,-3.1319284439086914,-0.3679714202880859,550,1236,17
"K70G,V118I",K70G,V118I,-5.829153060913086,-3.8630495071411133,-0.3677873611450195,90,4638,7
"V75T,K166R",V75T,K166R,-5.566927909851074,-2.453673839569092,-0.3674044609069824,291,1428,13
"V60I,P170S",V60I,P170S,-2.4234824180603027,-6.220395088195801,-0.3671765327453613,3385,34,2
"K101Q,T107S",K101Q,T107S,-3.331068515777588,-6.1620707511901855,-0.3670654296875,986,69,0
"K122P,P225H",K122P,P225H,-4.0879058837890625,-4.981076717376709,-0.367032527923584,483,1000,14
"M41L,T131A",M41L,T131A,-3.644620418548584,-7.088674545288086,-0.3669819831848144,7681,10,0
"R83K,V106M",R83K,V106M,-0.893958568572998,-5.482363700866699,-0.3661704063415527,1800,164,7
"T139A,M184T",T139A,M184T,-4.9206695556640625,-6.035602569580078,-0.3660125732421875,122,11,0
"Y146F,T215S",Y146F,T215S,-6.309272766113281,-4.080306053161621,-0.3659315109252929,15,244,0
"G190A,G196E",G190A,G196E,-3.1088409423828125,-2.044590473175049,-0.3659138679504394,2628,3706,467
"K70E,T215Y",K70E,T215Y,-4.810079097747803,-3.1207141876220703,-0.3658356666564941,89,7089,16
"I135V,E203A",I135V,E203A,-1.8188786506652832,-6.052464485168457,-0.3658204078674316,1442,66,3
"T107A,F214L",T107A,F214L,-7.52277946472168,-1.6280303001403809,-0.3655743598937988,18,3429,0
"T58S,D67N",T58S,D67N,-7.311566352844238,-3.629225730895996,-0.3651142120361328,16,6284,1
"Q207E,W212M",Q207E,W212M,-1.9299802780151367,-9.16868782043457,-0.3650579452514648,3342,38,5
"G190A,K223T",G190A,K223T,-3.1088409423828125,-7.232815742492676,-0.3647537231445312,2628,120,17
"A98G,T139I",A98G,T139I,-4.374523162841797,-6.796395778656006,-0.3644070625305176,1210,69,0
"S134R,K219Q",S134R,K219Q,-5.647974967956543,-4.903281211853027,-0.3643970489501953,28,2424,2
"K104N,D177E",K104N,D177E,-4.512881278991699,-1.8185358047485352,-0.3642787933349609,127,4457,20
"Y181C,Y188H",Y181C,Y188H,-2.7653021812438965,-5.470270156860352,-0.3635706901550293,3013,72,6
"W88C,K219Q",W88C,K219Q,-4.780577659606934,-4.903281211853027,-0.3634777069091797,238,2424,16
"K103N,I202T",K103N,I202T,-1.1189522743225098,-8.484939575195312,-0.3634090423583984,7169,33,7
"K70R,T165A",K70R,T165A,-3.355496406555176,-5.791104793548584,-0.3632626533508301,3843,18,1
"P176K,R211K",P176K,R211K,-6.779738903045654,0.07705116271972656,-0.3630871772766113,6,9546,1
"R83K,Q207A",R83K,Q207A,-0.893958568572998,-3.3886473178863525,-0.3629992008209228,1800,311,7
"K173E,M184I",K173E,M184I,-3.546785354614258,-4.676847457885742,-0.3629474639892578,307,278,1
"Q174R,E204Q",Q174R,E204Q,-4.917914390563965,-5.602428436279297,-0.3625898361206054,536,116,0
"M41L,R78K",M41L,R78K,-3.644620418548584,-5.413211822509766,-0.3625216484069824,7681,26,3
"E79G,D123E",E79G,D123E,-6.752693176269531,-0.6382613182067871,-0.362459659576416,5,5031,0
"K70E,T215F",K70E,T215F,-4.810079097747803,-4.3591790199279785,-0.362375259399414,89,2076,2
"D67G,P225H",D67G,P225H,-5.395294189453125,-4.981076717376709,-0.3622975349426269,550,1000,19
"A98G,K102E",A98G,K102E,-4.374523162841797,-5.432711601257324,-0.3622560501098633,1210,66,1
"L74I,W212M",L74I,W212M,-5.347085952758789,-9.16868782043457,-0.3616600036621094,1137,38,1
"I178M,G190S",I178M,G190S,-2.037370204925537,-4.183330535888672,-0.3615903854370117,1880,575,35
"N175Y,H208Y",N175Y,H208Y,-7.176048278808594,-5.66487455368042,-0.3615126609802246,102,2190,13
"D86E,K219Q",D86E,K219Q,-4.725357532501221,-4.903281211853027,-0.3613858222961426,93,2424,2
"M41L,D86E",M41L,D86E,-3.644620418548584,-4.725357532501221,-0.3613080978393554,7681,93,19
"G45E,K103N",G45E,K103N,-6.091649055480957,-1.1189522743225098,-0.3611378669738769,16,7169,2
"K103N,Y181I",K103N,Y181I,-1.1189522743225098,-5.883181571960449,-0.3610658645629883,7169,136,32
"I135L,E224D",I135L,E224D,-2.2978501319885254,-5.132847785949707,-0.3608903884887695,751,292,4
"I135L,E203K",I135L,E203K,-2.2978501319885254,-4.813840866088867,-0.3601560592651367,751,1147,29
"I135T,R211N",I135T,R211N,-0.6197185516357422,-4.354538440704346,-0.3601036071777344,7903,82,33
"K104R,Y188L",K104R,Y188L,-3.6239709854125977,-4.016366004943848,-0.3599739074707031,312,965,6
"W88S,M184V",W88S,M184V,-6.279900550842285,-0.9129843711853027,-0.3597521781921386,67,10518,31
"K70R,I195K",K70R,I195K,-3.355496406555176,-7.421018123626709,-0.3593077659606933,3843,31,2
"E44D,F214L",E44D,F214L,-5.700588226318359,-1.6280303001403809,-0.3587470054626465,2258,3429,83
"V90I,D218E",V90I,D218E,-3.151401996612549,-5.338306427001953,-0.3586506843566894,1068,1380,60
"T69N,L210W",T69N,L210W,-3.88234806060791,-5.121402740478516,-0.3585042953491211,1382,5245,175
"V60I,L205F",V60I,L205F,-2.4234824180603027,-9.067763328552246,-0.3580255508422851,3385,26,2
"K103S,H208F",K103S,H208F,-4.643891334533691,-9.98400592803955,-0.3577251434326172,445,75,0
"I135V,S163R",I135V,S163R,-1.8188786506652832,-6.8729987144470215,-0.3576240539550781,1442,10,0
"K70R,V189I",K70R,V189I,-3.355496406555176,-5.001470565795898,-0.3574533462524414,3843,632,75
"E44D,K70G",E44D,K70G,-5.700588226318359,-5.829153060913086,-0.3574390411376953,2258,90,3
"K101P,T165I",K101P,T165I,-5.446383953094482,-3.30014705657959,-0.3572535514831543,288,547,1
"E138A,A158S",E138A,A158S,-3.707515239715576,-3.3938140869140625,-0.3571581840515136,510,429,5
"S163R,R211K",S163R,R211K,-6.8729987144470215,0.07705116271972656,-0.356877326965332,10,9546,4
"T69I,V106M",T69I,V106M,-6.704205513000488,-5.482363700866699,-0.3565931320190429,84,164,0
"R211N,D218N",R211N,D218N,-4.354538440704346,-7.781718730926514,-0.3565907478332519,82,6,0
"L74V,L109V",L74V,L109V,-3.9824557304382324,-8.899969100952148,-0.3563079833984375,2012,26,1
"K103N,A129T",K103N,A129T,-1.1189522743225098,-7.156149864196777,-0.3562531471252441,7169,4,0
"K122E,H221C",K122E,H221C,-0.5262050628662109,-9.105058670043945,-0.3562450408935547,9670,9,3
"P170S,I178L",P170S,I178L,-6.220395088195801,-3.0487122535705566,-0.3561530113220215,34,1452,1
"K64N,M184V",K64N,M184V,-6.286576271057129,-0.9129843711853027,-0.3559699058532715,58,10518,28
"I135V,I180V",I135V,I180V,-1.8188786506652832,-4.903366565704346,-0.3559393882751465,1442,109,4
"T69I,M184I",T69I,M184I,-6.704205513000488,-4.676847457885742,-0.3559236526489258,84,278,2
"N147T,L210W",N147T,L210W,-6.459328651428223,-5.121402740478516,-0.3556423187255859,9,5245,0
"I135V,E204Q",I135V,E204Q,-1.8188786506652832,-5.602428436279297,-0.3555164337158203,1442,116,4
"A158S,I178L",A158S,I178L,-3.3938140869140625,-3.0487122535705566,-0.355440616607666,429,1452,18
"V60I,D76N",V60I,D76N,-2.4234824180603027,-6.0195770263671875,-0.3553204536437988,3385,22,0
"S48E,I135T",S48E,I135T,-5.078001976013184,-0.6197185516357422,-0.3552360534667969,92,7903,23
"V60I,E203A",V60I,E203A,-2.4234824180603027,-6.052464485168457,-0.3550562858581543,3385,66,13
"R83K,S162D",R83K,S162D,-0.893958568572998,-4.821484088897705,-0.3548707962036133,1800,404,16
"D76N,K122E",D76N,K122E,-6.0195770263671875,-0.5262050628662109,-0.3547677993774414,22,9670,6
"P176S,T215Y",P176S,T215Y,-5.250553131103516,-3.1207141876220703,-0.3543243408203125,44,7089,6
"R78K,R211K",R78K,R211K,-5.413211822509766,0.07705116271972656,-0.3540830612182617,26,9546,8
"D121N,K219Q",D121N,K219Q,-5.585548400878906,-4.903281211853027,-0.3539686203002929,25,2424,1
"I142V,G190E",I142V,G190E,-2.157994270324707,-5.147928237915039,-0.3538079261779785,2050,89,6
"V60I,V111I",V60I,V111I,-2.4234824180603027,-6.618759632110596,-0.3536443710327148,3385,309,39
"A158S,K223E",A158S,K223E,-3.3938140869140625,-6.5957536697387695,-0.353306770324707,429,425,1
"K122E,Y146F",K122E,Y146F,-0.5262050628662109,-6.309272766113281,-0.3529672622680664,9670,15,5
"Y144F,D177E",Y144F,D177E,-6.287746429443359,-1.8185358047485352,-0.3528909683227539,23,4457,1
"E40F,D177G",E40F,D177G,-8.739039421081543,-5.052972316741943,-0.3524527549743652,200,324,1
"V118I,K166I",V118I,K166I,-3.8630495071411133,-4.982188701629639,-0.3523688316345215,4638,43,2
"T39S,K166R",T39S,K166R,-4.253486633300781,-2.453673839569092,-0.3523421287536621,154,1428,4
"I135L,W212M",I135L,W212M,-2.2978501319885254,-9.16868782043457,-0.3523120880126953,751,38,0
"L74V,E194D",L74V,E194D,-3.9824557304382324,-5.924297332763672,-0.3521971702575683,2012,79,4
"R143K,T215Y",R143K,T215Y,-6.08738374710083,-3.1207141876220703,-0.352149486541748,30,7089,5
"K43Q,V75I",K43Q,V75I,-4.9892425537109375,-5.199460029602051,-0.3520631790161133,888,548,15
"V189I,K219E",V189I,K219E,-5.001470565795898,-5.293593406677246,-0.3518619537353515,632,1432,38
"K70G,R211N",K70G,R211N,-5.829153060913086,-4.354538440704346,-0.3518290519714355,90,82,0
"A98S,T139A",A98S,T139A,-2.5130887031555176,-4.9206695556640625,-0.3517146110534668,1551,122,2
"S48T,K102R",S48T,K102R,-4.15764045715332,-3.6997029781341553,-0.3514978885650635,392,641,3
"E203K,E204K",E203K,E204K,-4.813840866088867,-6.491643905639648,-0.3513679504394531,1147,134,2
"M41I,K46Q",M41I,K46Q,-7.495430946350098,-6.29924201965332,-0.3511962890625,10,98,0
"P170S,I178M",P170S,I178M,-6.220395088195801,-2.037370204925537,-0.3511786460876465,34,1880,1
"I135V,T165L",I135V,T165L,-1.8188786506652832,-6.249753475189209,-0.3510332107543945,1442,138,2
"K103R,F171Y",K103R,F171Y,-4.430820465087891,-5.140012741088867,-0.3510112762451172,447,121,0
"M184V,S191F",M184V,S191F,-0.9129843711853027,-6.4200897216796875,-0.3509907722473144,10518,14,5
"A62V,T69D",A62V,T69D,-3.6833701133728027,-5.029468536376953,-0.3509345054626465,944,1500,42
"E44A,K70G",E44A,K70G,-8.49202823638916,-5.829153060913086,-0.350926399230957,453,90,0
"T39A,Q145H",T39A,Q145H,-3.40432071685791,-5.575162887573242,-0.3508977890014648,2649,18,0
"M41L,F171L",M41L,F171L,-3.644620418548584,-6.436280250549316,-0.3503947257995605,7681,16,1
"K104N,I178L",K104N,I178L,-4.512881278991699,-3.0487122535705566,-0.3502168655395508,127,1452,2
"E138A,D218E",E138A,D218E,-3.707515239715576,-5.338306427001953,-0.3501448631286621,510,1380,18
"Y144F,T200I",Y144F,T200I,-6.287746429443359,-2.169168472290039,-0.350137710571289,23,1087,0
"A158S,Q174R",A158S,Q174R,-3.3938140869140625,-4.917914390563965,-0.3500614166259765,429,536,5
"D67G,Q151M",D67G,Q151M,-5.395294189453125,-5.256307601928711,-0.3500194549560547,550,567,15
"V60I,P140T",V60I,P140T,-2.4234824180603027,-7.01442289352417,-0.3497486114501953,3385,24,1
"K70R,R206I",K70R,R206I,-3.355496406555176,-7.510430335998535,-0.3495216369628906,3843,21,0
"K101P,Y188L",K101P,Y188L,-5.446383953094482,-4.016366004943848,-0.3491358757019043,288,965,10
"K104N,G196E",K104N,G196E,-4.512881278991699,-2.044590473175049,-0.3488631248474121,127,3706,16
"D67E,D123N",D67E,D123N,-5.707498550415039,-4.126395225524902,-0.3487939834594726,112,1089,3
"L74V,K104N",L74V,K104N,-3.9824557304382324,-4.512881278991699,-0.348599910736084,2012,127,8
"I135L,E203A",I135L,E203A,-2.2978501319885254,-6.052464485168457,-0.3481545448303222,751,66,1
"I135T,Q222H",I135T,Q222H,-0.6197185516357422,-7.818857192993164,-0.3480873107910156,7903,6,0
"K103N,E224G",K103N,E224G,-1.1189522743225098,-6.298524856567383,-0.3477263450622558,7169,6,1
"R211N,K219Q",R211N,K219Q,-4.354538440704346,-4.903281211853027,-0.3476834297180176,82,2424,6
"K65R,L74I",K65R,L74I,-4.030985355377197,-5.347085952758789,-0.3475985527038574,582,1137,7
"Y181I,G190E",Y181I,G190E,-5.883181571960449,-5.147928237915039,-0.3474664688110351,136,89,2
"N175Y,K223Q",N175Y,K223Q,-7.176048278808594,-6.64536190032959,-0.3473825454711914,102,560,1
"K103N,T216P",K103N,T216P,-1.1189522743225098,-7.883478164672852,-0.3472671508789062,7169,7,0
"Q174H,E203D",Q174H,E203D,-4.513338088989258,-4.545126914978027,-0.3470163345336914,252,911,4
"F116Y,I132L",F116Y,I132L,-5.772255897521973,-6.858478546142578,-0.346841812133789,465,59,0
"T69D,L74V",T69D,L74V,-5.029468536376953,-3.9824557304382324,-0.3467640876770019,1500,2012,226
"D177E,Q197E",D177E,Q197E,-1.8185358047485352,-4.321310520172119,-0.346651554107666,4457,310,47
"D177G,Q197P",D177G,Q197P,-5.052972316741943,-4.196758270263672,-0.3465523719787597,324,85,0
"V75T,T139K",V75T,T139K,-5.566927909851074,-4.755600929260254,-0.3464183807373047,291,136,1
"A98S,E194K",A98S,E194K,-2.5130887031555176,-6.099364280700684,-0.3463683128356933,1551,65,1
"L210W,P225S",L210W,P225S,-5.121402740478516,-7.357006549835205,-0.3462328910827636,5245,9,0
"I178M,G196R",I178M,G196R,-2.037370204925537,-5.093443870544434,-0.3461384773254394,1880,101,7
"T165A,T215Y",T165A,T215Y,-5.791104793548584,-3.1207141876220703,-0.3459343910217285,18,7089,3
"E42K,Y181C",E42K,Y181C,-6.021601676940918,-2.7653021812438965,-0.3458352088928222,19,3013,1
"A98S,E203A",A98S,E203A,-2.5130887031555176,-6.052464485168457,-0.3457846641540527,1551,66,2
"E44A,F214L",E44A,F214L,-8.49202823638916,-1.6280303001403809,-0.3455595970153808,453,3429,14
"E169D,I178M",E169D,I178M,-3.1319284439086914,-2.037370204925537,-0.3452382087707519,1236,1880,66
"D123N,Q207K",D123N,Q207K,-4.126395225524902,-4.374880790710449,-0.3451738357543945,1089,336,10
"V118I,P157S",V118I,P157S,-3.8630495071411133,-6.096169948577881,-0.3451704978942871,4638,20,1
"E44A,V75I",E44A,V75I,-8.49202823638916,-5.199460029602051,-0.3449106216430664,453,548,1
"K70E,D123S",K70E,D123S,-4.810079097747803,-4.461274147033691,-0.344764232635498,89,325,2
"K173E,D177E",K173E,D177E,-3.546785354614258,-1.8185358047485352,-0.3446989059448242,307,4457,58
"K70R,K122Q",K70R,K122Q,-3.355496406555176,-4.1569294929504395,-0.3446793556213379,3843,97,10
"W88C,D121Y",W88C,D121Y,-4.780577659606934,-5.820876121520996,-0.3445625305175781,238,539,1
"N137S,R211K",N137S,R211K,-6.710159778594971,0.07705116271972656,-0.3444075584411621,18,9546,5
"V106I,G196E",V106I,G196E,-3.526829719543457,-2.044590473175049,-0.3443360328674316,832,3706,127
"N136T,M184V",N136T,M184V,-6.245478630065918,-0.9129843711853027,-0.3439478874206543,26,10518,10
"I159V,T215F",I159V,T215F,-5.8862996101379395,-4.3591790199279785,-0.3437604904174804,28,2076,1
"D67N,R143G",D67N,R143G,-3.629225730895996,-6.609610557556152,-0.343729019165039,6284,8,1
"M41L,T58S",M41L,T58S,-3.644620418548584,-7.311566352844238,-0.3436579704284668,7681,16,3
"T39S,K122Q",T39S,K122Q,-4.253486633300781,-4.1569294929504395,-0.3433976173400879,154,97,0
"I180V,I202V",I180V,I202V,-4.903366565704346,-2.5299878120422363,-0.34332275390625,109,2591,8
"I178M,Y188H",I178M,Y188H,-2.037370204925537,-5.470270156860352,-0.3432259559631347,1880,72,4
"D67G,K201R",D67G,K201R,-5.395294189453125,-5.6658196449279785,-0.3432135581970215,550,58,0
"E138K,T215F",E138K,T215F,-5.320679187774658,-4.3591790199279785,-0.3431119918823242,82,2076,7
"Y115F,D121Y",Y115F,D121Y,-4.955207824707031,-5.820876121520996,-0.3430099487304687,419,539,4
"Y115F,T215F",Y115F,T215F,-4.955207824707031,-4.3591790199279785,-0.342679500579834,419,2076,35
"K43E,E169D",K43E,E169D,-4.94857931137085,-3.1319284439086914,-0.3425984382629394,1578,1236,59
"R83K,D177E",R83K,D177E,-0.893958568572998,-1.8185358047485352,-0.3425517082214355,1800,4457,343
"K43E,S48E",K43E,S48E,-4.94857931137085,-5.078001976013184,-0.3424630165100097,1578,92,2
"M184I,I195T",M184I,I195T,-4.676847457885742,-4.985945224761963,-0.3423762321472168,278,65,0
"T107A,Q207E",T107A,Q207E,-7.52277946472168,-1.9299802780151367,-0.3420915603637695,18,3342,2
"M184T,L210W",M184T,L210W,-6.035602569580078,-5.121402740478516,-0.3420896530151367,11,5245,0
"A98S,K201R",A98S,K201R,-2.5130887031555176,-5.6658196449279785,-0.341827392578125,1551,58,1
"Q174K,Q197K",Q174K,Q197K,-4.801260948181152,-3.8256006240844727,-0.3418140411376953,691,444,9
"D76N,M184I",D76N,M184I,-6.0195770263671875,-4.676847457885742,-0.3417778015136719,22,278,0
"I178L,Y188C",I178L,Y188C,-3.0487122535705566,-5.383752822875977,-0.3417534828186035,1452,39,0
"K49R,L74I",K49R,L74I,-2.9545512199401855,-5.347085952758789,-0.3417248725891113,1558,1137,61
"S48E,V108I",S48E,V108I,-5.078001976013184,-4.285305976867676,-0.3416948318481445,92,1726,3
"T69D,D218E",T69D,D218E,-5.029468536376953,-5.338306427001953,-0.3413839340209961,1500,1380,198
"I47F,D177E",I47F,D177E,-5.968235015869141,-1.8185358047485352,-0.3412666320800781,21,4457,3
"K46Q,V60I",K46Q,V60I,-6.29924201965332,-2.4234824180603027,-0.340878963470459,98,3385,11
"I135T,I167M",I135T,I167M,-0.6197185516357422,-7.234976768493652,-0.3407096862792969,7903,12,1
"R78K,Y181C",R78K,Y181C,-5.413211822509766,-2.7653021812438965,-0.3405585289001465,26,3013,0
"P176S,M184I",P176S,M184I,-5.250553131103516,-4.676847457885742,-0.3404502868652344,44,278,0
"M41K,K46Q",M41K,K46Q,-7.604613304138184,-6.29924201965332,-0.3404216766357422,4,98,0
"K103N,H208Y",K103N,H208Y,-1.1189522743225098,-5.66487455368042,-0.3403940200805664,7169,2190,686
"R83K,T215F",R83K,T215F,-0.893958568572998,-4.3591790199279785,-0.3403425216674804,1800,2076,73
"N136D,T215Y",N136D,T215Y,-6.953113555908203,-3.1207141876220703,-0.3402824401855469,8,7089,1
"I159V,M184V",I159V,M184V,-5.8862996101379395,-0.9129843711853027,-0.3400945663452148,28,10518,9
"K101E,Y188L",K101E,Y188L,-3.8616750240325928,-4.016366004943848,-0.3398046493530273,1187,965,37
"F87L,D123E",F87L,D123E,-6.877097129821777,-0.6382613182067871,-0.339688777923584,23,5031,2
"T131A,T215Y",T131A,T215Y,-7.088674545288086,-3.1207141876220703,-0.3390979766845703,10,7089,0
"V60I,D186Y",V60I,D186Y,-2.4234824180603027,-7.092177391052246,-0.3390145301818847,3385,12,0
"V179D,T215Y",V179D,T215Y,-4.015924453735352,-3.1207141876220703,-0.3386549949645996,411,7089,94
"M41L,A62T",M41L,A62T,-3.644620418548584,-6.771655082702637,-0.3385863304138183,7681,7,0
"K64N,D123E",K64N,D123E,-6.286576271057129,-0.6382613182067871,-0.3384528160095215,58,5031,8
"I135T,K220R",I135T,K220R,-0.6197185516357422,-7.021389484405518,-0.3383479118347168,7903,11,3
"A62T,T215Y",A62T,T215Y,-6.771655082702637,-3.1207141876220703,-0.3376712799072265,7,7089,0
"T139I,S162D",T139I,S162D,-6.796395778656006,-4.821484088897705,-0.3374338150024414,69,404,0
"Y181V,Y188L",Y181V,Y188L,-6.1573309898376465,-4.016366004943848,-0.3373599052429199,78,965,3
"A98G,D177N",A98G,D177N,-4.374523162841797,-4.255487442016602,-0.3372678756713867,1210,405,14
"E44G,L74V",E44G,L74V,-5.539942741394043,-3.9824557304382324,-0.3371748924255371,40,2012,0
"K43E,E204D",K43E,E204D,-4.94857931137085,-3.9009037017822266,-0.3366951942443847,1578,218,3
"E79D,D123E",E79D,D123E,-5.390331268310547,-0.6382613182067871,-0.3366885185241699,81,5031,12
"A98S,V106M",A98S,V106M,-2.5130887031555176,-5.482363700866699,-0.3366150856018066,1551,164,7
"V106I,F116Y",V106I,F116Y,-3.526829719543457,-5.772255897521973,-0.3364543914794922,832,465,18
"K122E,T165A",K122E,T165A,-0.5262050628662109,-5.791104793548584,-0.3364500999450683,9670,18,4
"E40F,I135T",E40F,I135T,-8.739039421081543,-0.6197185516357422,-0.3362560272216797,200,7903,62
"E138Q,E203K",E138Q,E203K,-6.2441840171813965,-4.813840866088867,-0.3359541893005371,149,1147,6
"T215Y,P217Q",T215Y,P217Q,-3.1207141876220703,-7.9355268478393555,-0.3352222442626953,7089,6,0
"S134C,I135T",S134C,I135T,-6.441669464111328,-0.6197185516357422,-0.3351802825927734,17,7903,3
"V75M,D113N",V75M,D113N,-5.651355743408203,-5.785923004150391,-0.3351430892944336,1001,68,0
"I94L,S162C",I94L,S162C,-7.481279373168945,-1.3685646057128906,-0.3351240158081054,190,2311,7
"M41L,I195T",M41L,I195T,-3.644620418548584,-4.985945224761963,-0.3350706100463867,7681,65,25
"T69N,I178V",T69N,I178V,-3.88234806060791,-4.908853530883789,-0.3350019454956054,1382,167,4
"V148L,T215Y",V148L,T215Y,-7.459732532501221,-3.1207141876220703,-0.3349623680114746,6,7089,0
"Q145E,T215F",Q145E,T215F,-5.432366371154785,-4.3591790199279785,-0.3349537849426269,14,2076,1
"V106A,D177E",V106A,D177E,-4.698551177978516,-1.8185358047485352,-0.3348660469055176,285,4457,55
"K43E,Q151M",K43E,Q151M,-4.94857931137085,-5.256307601928711,-0.3347020149230957,1578,567,11
"S117A,L210W",S117A,L210W,-8.626826286315918,-5.121402740478516,-0.3346824645996094,20,5245,6
"T139I,V179I",T139I,V179I,-6.796395778656006,-3.0612449645996094,-0.3346152305603027,69,2265,4
"S117T,T215Y",S117T,T215Y,-8.040212631225586,-3.1207141876220703,-0.3346099853515625,6,7089,0
"S68N,T215Y",S68N,T215Y,-5.892120361328125,-3.1207141876220703,-0.3345813751220703,116,7089,24
"S162C,I178M",S162C,I178M,-1.3685646057128906,-2.037370204925537,-0.334317684173584,2311,1880,165
"I135T,I142T",I135T,I142T,-0.6197185516357422,-2.946187734603882,-0.3343136310577392,7903,584,200
"R83G,K103N",R83G,K103N,-6.2554802894592285,-1.1189522743225098,-0.3340907096862793,20,7169,4
"E44D,K166I",E44D,K166I,-5.700588226318359,-4.982188701629639,-0.3337693214416504,2258,43,1
"K103N,S134G",K103N,S134G,-1.1189522743225098,-6.098907947540283,-0.3336849212646484,7169,41,8
"T39K,S162C",T39K,S162C,-5.7418293952941895,-1.3685646057128906,-0.3334565162658691,222,2311,14
"H221Y,P225H",H221Y,P225H,-4.235595226287842,-4.981076717376709,-0.3334465026855469,1103,1000,34
"K104R,D177E",K104R,D177E,-3.6239709854125977,-1.8185358047485352,-0.3332748413085937,312,4457,53
"K70R,N175H",K70R,N175H,-3.355496406555176,-5.5790815353393555,-0.3330745697021484,3843,68,7
"S134C,R211K",S134C,R211K,-6.441669464111328,0.07705116271972656,-0.3329787254333496,17,9546,5
"A98G,E194K",A98G,E194K,-4.374523162841797,-6.099364280700684,-0.3329181671142578,1210,65,1
"D177N,Q197K",D177N,Q197K,-4.255487442016602,-3.8256006240844727,-0.3328199386596679,405,444,6
"V106M,V108I",V106M,V108I,-5.482363700866699,-4.285305976867676,-0.3325481414794922,164,1726,9
"T84A,M184V",T84A,M184V,-7.980109214782715,-0.9129843711853027,-0.3324666023254394,3,10518,0
"T107S,V118I",T107S,V118I,-6.1620707511901855,-3.8630495071411133,-0.3324017524719238,69,4638,19
"E169D,D177N",E169D,D177N,-3.1319284439086914,-4.255487442016602,-0.3323550224304199,1236,405,16
"K103N,I195T",K103N,I195T,-1.1189522743225098,-4.985945224761963,-0.3322620391845703,7169,65,19
"A158S,D177N",A158S,D177N,-3.3938140869140625,-4.255487442016602,-0.3318476676940918,429,405,4
"D86E,I135V",D86E,I135V,-4.725357532501221,-1.8188786506652832,-0.3316106796264648,93,1442,7
"M41L,K64N",M41L,K64N,-3.644620418548584,-6.286576271057129,-0.3315796852111816,7681,58,19
"M41L,I132V",M41L,I132V,-3.644620418548584,-6.1735124588012695,-0.3315119743347168,7681,37,7
"K70G,R211K",K70G,R211K,-5.829153060913086,0.07705116271972656,-0.3313426971435547,90,9546,32
"Y188L,E204Q",Y188L,E204Q,-4.016366004943848,-5.602428436279297,-0.3313169479370117,965,116,1
"T69I,T215Y",T69I,T215Y,-6.704205513000488,-3.1207141876220703,-0.331242561340332,84,7089,14
"I202V,Q207E",I202V,Q207E,-2.5299878120422363,-1.9299802780151367,-0.3312172889709472,2591,3342,313
"M41L,Y188C",M41L,Y188C,-3.644620418548584,-5.383752822875977,-0.3311638832092285,7681,39,5
"I142T,E203K",I142T,E203K,-2.946187734603882,-4.813840866088867,-0.3311138153076172,584,1147,19
"T139K,T200A",T139K,T200A,-4.755600929260254,-1.4435830116271973,-0.3310999870300293,136,5337,38
"R211T,D218N",R211T,D218N,-1.6072273254394531,-7.781718730926514,-0.3310990333557129,363,6,0
"L210S,T215F",L210S,T215F,-5.53685188293457,-4.3591790199279785,-0.331061840057373,160,2076,10
"V60I,G196R",V60I,G196R,-2.4234824180603027,-5.093443870544434,-0.3309216499328613,3385,101,10
"E169D,R211T",E169D,R211T,-3.1319284439086914,-1.6072273254394531,-0.3309144973754883,1236,363,11
"K126R,R211K",K126R,R211K,-7.653342247009277,0.07705116271972656,-0.3303756713867187,8,9546,2
"T58N,K65R",T58N,K65R,-7.913564682006836,-4.030985355377197,-0.330268383026123,51,582,15
"V111M,Y188L",V111M,Y188L,-7.6118083000183105,-4.016366004943848,-0.3302168846130371,57,965,0
"A158S,S162C",A158S,S162C,-3.3938140869140625,-1.3685646057128906,-0.330204963684082,429,2311,33
"T165I,T215F",T165I,T215F,-3.30014705657959,-4.3591790199279785,-0.3300304412841797,547,2076,43
"I132L,K219N",I132L,K219N,-6.858478546142578,-4.819204330444336,-0.3300075531005859,59,936,2
"I135T,S163R",I135T,S163R,-0.6197185516357422,-6.8729987144470215,-0.3299269676208496,7903,10,2
"M184V,L187F",M184V,L187F,-0.9129843711853027,-7.823476791381836,-0.3299217224121094,10518,8,1
"Q174H,E204K",Q174H,E204K,-4.513338088989258,-6.491643905639648,-0.3299064636230469,252,134,0
"M41L,I159V",M41L,I159V,-3.644620418548584,-5.8862996101379395,-0.3296260833740234,7681,28,3
"A98G,K103S",A98G,K103S,-4.374523162841797,-4.643891334533691,-0.3293714523315429,1210,445,30
"M184V,I195T",M184V,I195T,-0.9129843711853027,-4.985945224761963,-0.3293409347534179,10518,65,34
"I47N,V60I",I47N,V60I,-6.3166728019714355,-2.4234824180603027,-0.3292417526245117,20,3385,0
"W88R,M184V",W88R,M184V,-6.246634006500244,-0.9129843711853027,-0.3290958404541015,8,10518,5
"A62V,R83K",A62V,R83K,-3.6833701133728027,-0.893958568572998,-0.3290882110595703,944,1800,55
"I178L,G190S",I178L,G190S,-3.0487122535705566,-4.183330535888672,-0.3290638923645019,1452,575,33
"R83K,D123S",R83K,D123S,-0.893958568572998,-4.461274147033691,-0.3288998603820801,1800,325,6
"A98S,S162Y",A98S,S162Y,-2.5130887031555176,-4.182066917419434,-0.3286113739013672,1551,604,37
"L74V,Y188L",L74V,Y188L,-3.9824557304382324,-4.016366004943848,-0.328524112701416,2012,965,78
"T107P,D177E",T107P,D177E,-6.399441242218018,-1.8185358047485352,-0.3285145759582519,28,4457,3
"I50L,R211K",I50L,R211K,-6.470750331878662,0.07705116271972656,-0.3285050392150879,8,9546,1
"I135T,Q151M",I135T,Q151M,-0.6197185516357422,-5.256307601928711,-0.328495979309082,7903,567,215
"E40F,K64R",E40F,K64R,-8.739039421081543,-3.9972667694091797,-0.3284130096435547,200,538,3
"D67N,V148L",D67N,V148L,-3.629225730895996,-7.459732532501221,-0.3281283378601074,6284,6,0
"D123N,G196K",D123N,G196K,-4.126395225524902,-5.068039417266846,-0.3280777931213379,1089,97,2
"K103S,I178V",K103S,I178V,-4.643891334533691,-4.908853530883789,-0.3279924392700195,445,167,1
"K70R,E79D",K70R,E79D,-3.355496406555176,-5.390331268310547,-0.3279008865356445,3843,81,10
"T107A,Y181C",T107A,Y181C,-7.52277946472168,-2.7653021812438965,-0.3277688026428222,18,3013,1
"E40F,F214L",E40F,F214L,-8.739039421081543,-1.6280303001403809,-0.3276543617248535,200,3429,3
"I142V,A158S",I142V,A158S,-2.157994270324707,-3.3938140869140625,-0.3273162841796875,2050,429,29
"K103R,P176S",K103R,P176S,-4.430820465087891,-5.250553131103516,-0.3270721435546875,447,44,0
"S163T,H221Y",S163T,H221Y,-5.534588813781738,-4.235595226287842,-0.3270268440246582,99,1103,2
"K122E,P157A",K122E,P157A,-0.5262050628662109,-6.552264213562012,-0.3268318176269531,9670,36,13
"V75T,H208Y",V75T,H208Y,-5.566927909851074,-5.66487455368042,-0.3267168998718261,291,2190,41
"K49R,T69N",K49R,T69N,-2.9545512199401855,-3.88234806060791,-0.3266768455505371,1558,1382,79
"T39A,Q197P",T39A,Q197P,-3.40432071685791,-4.196758270263672,-0.3265352249145508,2649,85,5
"E44D,V75I",E44D,V75I,-5.700588226318359,-5.199460029602051,-0.3264846801757812,2258,548,23
"S134R,T215F",S134R,T215F,-5.647974967956543,-4.3591790199279785,-0.3264317512512207,28,2076,2
"D123S,H208Y",D123S,H208Y,-4.461274147033691,-5.66487455368042,-0.3264193534851074,325,2190,23
"I167V,F214M",I167V,F214M,-6.807452201843262,-6.939330101013184,-0.3262939453125,159,9,0
"T139A,T215Y",T139A,T215Y,-4.9206695556640625,-3.1207141876220703,-0.3262443542480469,122,7089,25
"F77L,L100I",F77L,L100I,-5.820678234100342,-5.426762580871582,-0.3262362480163574,530,1048,21
"M184V,D185G",M184V,D185G,-0.9129843711853027,-7.251497268676758,-0.3260931968688965,10518,10,2
"K104N,I135L",K104N,I135L,-4.512881278991699,-2.2978501319885254,-0.3260822296142578,127,751,3
"V75T,I135T",V75T,I135T,-5.566927909851074,-0.6197185516357422,-0.3260765075683594,291,7903,93
"T84P,T215F",T84P,T215F,-7.300502777099609,-4.3591790199279785,-0.3260455131530761,12,2076,0
"V108I,S162D",V108I,S162D,-4.285305976867676,-4.821484088897705,-0.3259797096252441,1726,404,53
"V108I,Y188H",V108I,Y188H,-4.285305976867676,-5.470270156860352,-0.325963020324707,1726,72,4
"K122E,A129T",K122E,A129T,-0.5262050628662109,-7.156149864196777,-0.3259220123291015,9670,4,1
"K104N,Q174R",K104N,Q174R,-4.512881278991699,-4.917914390563965,-0.3259143829345703,127,536,0
"I178M,Y181C",I178M,Y181C,-2.037370204925537,-2.7653021812438965,-0.3258295059204101,1880,3013,219
"G190S,D218E",G190S,D218E,-4.183330535888672,-5.338306427001953,-0.3256978988647461,575,1380,56
"T139K,E169D",T139K,E169D,-4.755600929260254,-3.1319284439086914,-0.3255558013916015,136,1236,5
"M41L,Q145E",M41L,Q145E,-3.644620418548584,-5.432366371154785,-0.325528621673584,7681,14,1
"E40K,E44D",E40K,E44D,-5.508153438568115,-5.700588226318359,-0.325441837310791,45,2258,4
"E169K,G190A",E169K,G190A,-6.994214057922363,-3.1088409423828125,-0.3253583908081054,38,2628,2
"K102E,K103S",K102E,K103S,-5.432711601257324,-4.643891334533691,-0.3253545761108398,66,445,1
"K201I,F214L",K201I,F214L,-7.450653076171875,-1.6280303001403809,-0.3252301216125488,29,3429,0
"M41L,I50L",M41L,I50L,-3.644620418548584,-6.470750331878662,-0.3251819610595703,7681,8,0
"T84P,T215Y",T84P,T215Y,-7.300502777099609,-3.1207141876220703,-0.3251771926879883,12,7089,2
"K43E,I135T",K43E,I135T,-4.94857931137085,-0.6197185516357422,-0.325040340423584,1578,7903,543
"T58N,T215F",T58N,T215F,-7.913564682006836,-4.3591790199279785,-0.3249602317810058,51,2076,1
"K64N,T215Y",K64N,T215Y,-6.286576271057129,-3.1207141876220703,-0.3248052597045898,58,7089,12
"L100I,P225H",L100I,P225H,-5.426762580871582,-4.981076717376709,-0.3247599601745605,1048,1000,46
"V60M,D123E",V60M,D123E,-8.530988693237305,-0.6382613182067871,-0.3247246742248535,9,5031,0
"K103S,S162C",K103S,S162C,-4.643891334533691,-1.3685646057128906,-0.324615478515625,445,2311,30
"D123N,G190S",D123N,G190S,-4.126395225524902,-4.183330535888672,-0.324528694152832,1089,575,23
"K104N,I135V",K104N,I135V,-4.512881278991699,-1.8188786506652832,-0.3244976997375488,127,1442,5
"S68G,K219Q",S68G,K219Q,-3.3611698150634766,-4.903281211853027,-0.3244848251342773,1572,2424,95
"N137T,T215Y",N137T,T215Y,-6.246342658996582,-3.1207141876220703,-0.3244390487670898,7,7089,2
"E204K,T215Y",E204K,T215Y,-6.491643905639648,-3.1207141876220703,-0.3243865966796875,134,7089,28
"S162C,S163T",S162C,S163T,-1.3685646057128906,-5.534588813781738,-0.3242731094360351,2311,99,4
"K166R,E203A",K166R,E203A,-2.453673839569092,-6.052464485168457,-0.3241820335388183,1428,66,4
"Q145E,T215S",Q145E,T215S,-5.432366371154785,-4.080306053161621,-0.3241348266601562,14,244,0
"E44A,Y115F",E44A,Y115F,-8.49202823638916,-4.955207824707031,-0.3241300582885742,453,419,1
"F77L,H208Y",F77L,H208Y,-5.820678234100342,-5.66487455368042,-0.324005126953125,530,2190,59
"D67E,M184T",D67E,M184T,-5.707498550415039,-6.035602569580078,-0.3239965438842773,112,11,0
"K65R,T215S",K65R,T215S,-4.030985355377197,-4.080306053161621,-0.3239922523498535,582,244,6
"Y188H,Q207E",Y188H,Q207E,-5.470270156860352,-1.9299802780151367,-0.323974609375,72,3342,7
"K49E,S162Y",K49E,S162Y,-7.204441547393799,-4.182066917419434,-0.3239321708679199,20,604,0
"D177N,Y181C",D177N,Y181C,-4.255487442016602,-2.7653021812438965,-0.3238706588745117,405,3013,47
"M184T,R211N",M184T,R211N,-6.035602569580078,-4.354538440704346,-0.3236536979675293,11,82,0
"K103N,D192E",K103N,D192E,-1.1189522743225098,-6.638018608093262,-0.3236165046691894,7169,8,1
"E40D,F116Y",E40D,F116Y,-5.010899543762207,-5.772255897521973,-0.323486328125,196,465,0
"M41L,K70G",M41L,K70G,-3.644620418548584,-5.829153060913086,-0.3234219551086426,7681,90,19
"F77L,I132L",F77L,I132L,-5.820678234100342,-6.858478546142578,-0.3231692314147949,530,59,0
"K66R,M184T",K66R,M184T,-7.072813987731934,-6.035602569580078,-0.3230648040771484,40,11,0
"K103N,P176Q",K103N,P176Q,-1.1189522743225098,-6.014883041381836,-0.3228869438171386,7169,31,8
"E138Q,K223E",E138Q,K223E,-6.2441840171813965,-6.5957536697387695,-0.3228583335876465,149,425,0
"E44D,K65R",E44D,K65R,-5.700588226318359,-4.030985355377197,-0.3227190971374511,2258,582,5
"E40K,G190A",E40K,G190A,-5.508153438568115,-3.1088409423828125,-0.3226857185363769,45,2628,4
"S162C,H208Y",S162C,H208Y,-1.3685646057128906,-5.66487455368042,-0.3226161003112793,2311,2190,175
"P157S,T215Y",P157S,T215Y,-6.096169948577881,-3.1207141876220703,-0.3225064277648926,20,7089,5
"A158T,K219Q",A158T,K219Q,-6.086113929748535,-4.903281211853027,-0.3224601745605469,34,2424,1
"I135T,I159V",I135T,I159V,-0.6197185516357422,-5.8862996101379395,-0.3223195075988769,7903,28,5
"V106A,D177G",V106A,D177G,-4.698551177978516,-5.052972316741943,-0.3222346305847168,285,324,2
"K101P,E203K",K101P,E203K,-5.446383953094482,-4.813840866088867,-0.3221068382263183,288,1147,14
