mutation,unreduced_mutation
D39A,T39S
D39B,T39A
D39C,T39K
D40A,E40F
D40B,E40K
D40C,E40D
D41A,M41K
D41B,M41I
D41C,M41L
C42A,E42V
C42B,E42K
C42D,E42G
C43A,K43R
C43B,K43E
C43D,K43Q
C44A,E44A
C44B,E44D
C44D,E44G
B45A,G45W
B45C,G45E
B45D,G45R
A46B,K46R
A46C,K46Q
A46D,K46E
C47A,I47F
C47B,I47N
C47D,I47L
D48A,S48L
D48B,S48E
D48C,S48T
D49A,K49R
D49B,K49E
D49C,K49Q
C50A,I50L
C50B,I50M
C50D,I50V
A51B,G51W
A51C,G51R
A51D,G51E
D52A,P52T
D52B,P52A
D52C,P52E
C53A,E53D
C53B,E53G
C53D,E53K
D54A,N54D
D54B,N54S
D54C,N54I
B55A,P55A
B55C,P55S
B55D,P55Y
D56A,Y56F
D56B,Y56S
D56C,Y56H
C57A,N57Y
C57B,N57D
C57D,N57H
C58A,T58I
C58B,T58S
C58D,T58N
B59A,P59R
B59C,P59I
B59D,P59S
D60A,V60L
D60B,V60I
D60C,V60M
A61B,F61C
A61C,F61L
A61D,F61S
B62A,A62P
B62C,A62T
B62D,A62V
C63A,I63K
C63B,I63L
C63D,I63V
A64B,K64R
A64C,K64H
A64D,K64N
B65A,K65E
B65C,K65R
B65D,K65N
A66B,K66Q
A66C,K66R
A66D,K66N
A67B,D67E
A67C,D67G
A67D,D67N
D68A,S68R
D68B,S68G
D68C,S68N
B69A,T69N
B69C,T69D
B69D,T69I
C70A,K70G
C70B,K70E
C70D,K70R
C71A,W71M
C71B,W71G
C71D,W71R
D72A,R72I
D72B,R72G
D72C,R72K
C73A,K73M
C73B,K73N
C73D,K73L
D74A,L74F
D74B,L74V
D74C,L74I
A75B,V75T
A75C,V75I
A75D,V75M
A76B,D76V
A76C,D76E
A76D,D76N
C77A,F77S
C77B,F77E
C77D,F77L
D78A,R78S
D78B,R78T
D78C,R78K
C79A,E79D
C79B,E79G
C79D,E79K
B80A,L80F
B80C,L80P
B80D,L80Y
D81A,N81Y
D81B,N81T
D81C,N81I
A82B,K82T
A82C,K82R
A82D,K82Q
D83A,R83S
D83B,R83K
D83C,R83G
D84A,T84P
D84B,T84A
D84C,T84S
D85A,Q85H
D85B,Q85E
D85C,Q85K
A86B,D86E
A86C,D86S
A86D,D86N
B87A,F87S
B87C,F87L
B87D,F87Y
D88A,W88R
D88B,W88S
D88C,W88C
C89A,E89Q
C89B,E89K
C89D,E89G
D90A,V90G
D90B,V90A
D90C,V90I
D91A,Q91H
D91B,Q91R
D91C,Q91L
D92A,L92M
D92B,L92S
D92C,L92K
B93A,G93R
B93C,G93E
B93D,G93Y
A94B,I94L
A94C,I94R
A94D,I94M
C95A,P95Q
C95B,P95T
C95D,P95Y
B96A,H96N
B96C,H96Y
B96D,H96Q
A97B,P97L
A97C,P97S
A97D,P97Y
B98A,A98P
B98C,A98G
B98D,A98S
B99A,G99V
B99C,G99R
B99D,G99W
C100A,L100F
C100B,L100I
C100D,L100V
C101A,K101E
C101B,K101Q
C101D,K101P
C102A,K102R
C102B,K102E
C102D,K102Q
C103A,K103R
C103B,K103N
C103D,K103S
C104A,K104R
C104B,K104Q
C104D,K104N
C105A,S105A
C105B,S105L
C105D,S105T
D106A,V106M
D106B,V106A
D106C,V106I
D107A,T107A
D107B,T107P
D107C,T107S
B108A,V108A
B108C,V108I
B108D,V108L
A109B,L109I
A109C,L109V
A109D,L109M
B110A,D110N
B110C,D110E
B110D,D110Q
D111A,V111I
D111B,V111L
D111C,V111M
C112A,G112A
C112B,G112N
C112D,G112S
C113A,D113E
C113B,D113Y
C113D,D113N
A114B,A114P
A114C,A114E
A114D,A114G
D115A,Y115F
D115B,Y115H
D115C,Y115N
B116A,F116W
B116C,F116Y
B116D,F116L
C117A,S117L
C117B,S117A
C117D,S117T
D118A,V118I
D118B,V118G
D118C,V118M
B119A,P119A
B119C,P119S
B119D,P119T
A120B,L120I
A120C,L120S
A120D,L120W
C121A,D121H
C121B,D121N
C121D,D121Y
A122B,K122Q
A122C,K122E
A122D,K122P
B123A,D123S
B123C,D123E
B123D,D123N
B124A,F124L
B124C,F124I
B124D,F124S
D125A,R125G
D125B,R125K
D125C,R125S
B126A,K126R
B126C,K126E
B126D,K126Q
D127A,Y127I
D127B,Y127H
D127C,Y127C
B128A,T128I
B128C,T128S
B128D,T128P
A129B,A129T
A129C,A129V
A129D,A129S
A130B,F130I
A130C,F130C
A130D,F130L
D131A,T131E
D131B,T131A
D131C,T131S
C132A,I132R
C132B,I132V
C132D,I132L
A133B,P133T
A133C,P133S
A133D,P133R
D134A,S134R
D134B,S134C
D134C,S134G
A135B,I135L
A135C,I135T
A135D,I135V
A136B,N136T
A136C,N136D
A136D,N136K
C137A,N137T
C137B,N137I
C137D,N137S
C138A,E138K
C138B,E138A
C138D,E138Q
D139A,T139K
D139B,T139A
D139C,T139I
A140B,P140L
A140C,P140T
A140D,P140Q
D141A,G141E
D141B,G141A
D141C,G141R
B142A,I142M
B142C,I142T
B142D,I142V
D143A,R143G
D143B,R143I
D143C,R143K
D144A,Y144S
D144B,Y144F
D144C,Y144T
D145A,Q145V
D145B,Q145H
D145C,Q145E
D146A,Y146F
D146B,Y146C
D146C,Y146S
C147A,N147T
C147B,N147H
C147D,N147Y
D148A,V148A
D148B,V148L
D148C,V148G
D149A,L149R
D149B,L149P
D149C,L149F
B150A,P150A
B150C,P150S
B150D,P150Q
D151A,Q151R
D151B,Q151L
D151C,Q151M
B152A,G152E
B152C,G152D
B152D,G152R
D153A,W153C
D153B,W153R
D153C,W153S
B154A,K154Q
B154C,K154T
B154D,K154E
B155A,G155R
B155C,G155E
B155D,G155V
D156A,S156L
D156B,S156P
D156C,S156T
C157A,P157T
C157B,P157A
C157D,P157S
B158A,A158T
B158C,A158P
B158D,A158S
A159B,I159K
A159C,I159L
A159D,I159V
D160A,F160L
D160B,F160S
D160C,F160I
D161A,Q161K
D161B,Q161P
D161C,Q161R
B162A,S162C
B162C,S162D
B162D,S162Y
C163A,S163C
C163B,S163R
C163D,S163T
D164A,M164R
D164B,M164I
D164C,M164L
D165A,T165A
D165B,T165L
D165C,T165I
D166A,K166Q
D166B,K166R
D166C,K166I
C167A,I167F
C167B,I167V
C167D,I167M
C168A,L168F
C168B,L168I
C168D,L168V
D169A,E169A
D169B,E169K
D169C,E169D
C170A,P170S
C170B,P170T
C170D,P170H
C171A,F171S
C171B,F171L
C171D,F171Y
D172A,R172G
D172B,R172K
D172C,R172S
C173A,K173T
C173B,K173E
C173D,K173Q
B174A,Q174H
B174C,Q174R
B174D,Q174K
D175A,N175K
D175B,N175Y
D175C,N175H
D176A,P176K
D176B,P176Q
D176C,P176S
B177A,D177E
B177C,D177G
B177D,D177N
A178B,I178V
A178C,I178M
A178D,I178L
B179A,V179T
B179C,V179D
B179D,V179I
B180A,I180L
B180C,I180M
B180D,I180V
D181A,Y181C
D181B,Y181I
D181C,Y181V
D182A,Q182R
D182B,Q182H
D182C,Q182P
D183A,Y183N
D183B,Y183T
D183C,Y183F
B184A,M184T
B184C,M184V
B184D,M184I
A185B,D185N
A185C,D185E
A185D,D185G
C186A,D186Y
C186B,D186E
C186D,D186N
A187B,L187F
A187C,L187M
A187D,L187S
D188A,Y188H
D188B,Y188L
D188C,Y188C
D189A,V189I
D189B,V189A
D189C,V189L
D190A,G190E
D190B,G190A
D190C,G190S
B191A,S191F
B191C,S191P
B191D,S191T
A192B,D192E
A192C,D192H
A192D,D192N
C193A,L193F
C193B,L193V
C193D,L193M
D194A,E194K
D194B,E194Q
D194C,E194D
C195A,I195K
C195B,I195T
C195D,I195L
D196A,G196K
D196B,G196R
D196C,G196E
D197A,Q197K
D197B,Q197E
D197C,Q197P
C198A,H198Y
C198B,H198A
C198D,H198Q
D199A,R199S
D199B,R199T
D199C,R199K
D200A,T200A
D200B,T200E
D200C,T200I
B201A,K201R
B201C,K201I
B201D,K201M
B202A,I202M
B202C,I202V
B202D,I202T
D203A,E203A
D203B,E203K
D203C,E203D
B204A,E204D
B204C,E204Q
B204D,E204K
D205A,L205M
D205B,L205P
D205C,L205F
D206A,R206G
D206B,R206I
D206C,R206K
D207A,Q207A
D207B,Q207E
D207C,Q207K
C208A,H208L
C208B,H208F
C208D,H208Y
C209A,L209F
C209B,L209R
C209D,L209M
A210B,L210S
A210C,L210F
A210D,L210W
D211A,R211T
D211B,R211N
D211C,R211K
D212A,W212M
D212B,W212G
D212C,W212R
B213A,G213D
B213C,G213V
B213D,G213R
C214A,F214M
C214B,F214C
C214D,F214L
D215A,T215S
D215B,T215F
D215C,T215Y
D216A,T216I
D216B,T216H
D216C,T216P
D217A,P217T
D217B,P217S
D217C,P217Q
B218A,D218V
B218C,D218E
B218D,D218N
C219A,K219E
C219B,K219N
C219D,K219Q
B220A,K220E
B220C,K220I
B220D,K220R
C221A,H221C
C221B,H221L
C221D,H221Y
C222A,Q222H
C222B,Q222R
C222D,Q222P
C223A,K223Q
C223B,K223E
C223D,K223T
D224A,E224G
D224B,E224K
D224C,E224D
D225A,P225H
D225B,P225Y
D225C,P225S
C226A,P226Q
C226B,P226H
C226D,P226S
