double_mutation_pair,pair1,pair1_DRM,pair1_count,pair2,pair2_DRM,pair2_count,both_DRM,both_count,dde
E40F-E44D,E40F,0,200,E44D,0,2258,0,0,-2.22
E40F-E44A,E40F,0,200,E44A,0,453,0,1,-1.83
L100I-Y181C,L100I,0,1048,Y181C,1,3013,1,25,-1.74
D121H-D123N,D121H,0,715,D123N,0,1089,0,3,-1.56
K65R-T215Y,K65R,0,582,T215Y,0,7089,0,20,-1.5
S48E-K122E,S48E,0,92,K122E,0,9670,0,1,-1.49
D67N-S68G,D67N,0,6284,S68G,0,1572,0,135,-1.44
V118I-I167V,V118I,0,4638,I167V,0,159,0,7,-1.43
K103N-V179D,K103N,1,7169,V179D,0,411,1,6,-1.39
L74V-V75M,L74V,0,2012,V75M,0,1001,0,51,-1.36
F214L-T215Y,F214L,0,3429,T215Y,0,7089,0,254,-1.34
R172K-M184V,R172K,0,312,M184V,0,10518,0,85,-1.34
V108I-Y188L,V108I,0,1726,Y188L,1,965,1,6,-1.32
K103N-G190S,K103N,1,7169,G190S,1,575,1,56,-1.31
D218E-K223E,D218E,0,1380,K223E,0,425,0,7,-1.31
L210W-F214L,L210W,0,5245,F214L,0,3429,0,138,-1.3
D121Y-D123N,D121Y,0,539,D123N,0,1089,0,4,-1.29
K122E-D123E,K122E,0,9670,D123E,0,5031,0,1268,-1.26
S162C-K166R,S162C,0,2311,K166R,0,1428,0,26,-1.26
K103N-G190E,K103N,1,7169,G190E,1,89,1,5,-1.25
L100I-G190A,L100I,0,1048,G190A,1,2628,1,28,-1.24
D121H-D123E,D121H,0,715,D123E,0,5031,0,51,-1.24
I167V-F214L,I167V,0,159,F214L,0,3429,0,1,-1.23
K101E-K103N,K101E,0,1187,K103N,1,7169,1,133,-1.22
V60I-A62V,V60I,0,3385,A62V,0,944,0,24,-1.22
K65R-T215F,K65R,0,582,T215F,0,2076,0,5,-1.16
I178M-I202V,I178M,0,1880,I202V,0,2591,0,77,-1.15
R83K-I142V,R83K,0,1800,I142V,0,2050,0,57,-1.12
L100I-K101P,L100I,0,1048,K101P,0,288,0,1,-1.05
L74V-F77L,L74V,0,2012,F77L,0,530,0,7,-1.04
S68G-T69D,S68G,0,1572,T69D,0,1500,0,27,-1.04
S162C-T165I,S162C,0,2311,T165I,0,547,0,14,-1.03
E138A-Y181C,E138A,0,510,Y181C,1,3013,1,19,-1.02
K166R-Q174K,K166R,0,1428,Q174K,0,691,0,6,-1.01
S162C-F214L,S162C,0,2311,F214L,0,3429,0,163,-1.01
L100I-V108I,L100I,0,1048,V108I,0,1726,0,48,-1.01
R172K-M184I,R172K,0,312,M184I,0,278,0,1,-1.0
K122P-D123E,K122P,0,483,D123E,0,5031,0,114,-1.0
M41L-K46Q,M41L,0,7681,K46Q,0,98,0,2,-0.99
H221Y-K223Q,H221Y,0,1103,K223Q,0,560,0,14,-0.99
K103S-Y188L,K103S,1,445,Y188L,1,965,1,3,-0.98
Y181C-Y188L,Y181C,1,3013,Y188L,1,965,1,50,-0.98
K101E-K103S,K101E,0,1187,K103S,1,445,1,14,-0.98
L74V-V75I,L74V,0,2012,V75I,0,548,0,15,-0.96
Q207E-R211T,Q207E,0,3342,R211T,0,363,0,13,-0.95
L74V-F116Y,L74V,0,2012,F116Y,0,465,0,5,-0.93
V106I-P225H,V106I,0,832,P225H,0,1000,0,1,-0.92
L210W-K219Q,L210W,0,5245,K219Q,0,2424,0,248,-0.92
R83K-I135T,R83K,0,1800,I135T,0,7903,0,356,-0.91
R83K-F214L,R83K,0,1800,F214L,0,3429,0,118,-0.9
S162Y-K166R,S162Y,0,604,K166R,0,1428,0,8,-0.89
K70R-L210W,K70R,0,3843,L210W,0,5245,0,474,-0.89
Y188L-G190S,Y188L,1,965,G190S,1,575,1,7,-0.88
V108I-G190S,V108I,0,1726,G190S,1,575,1,19,-0.88
K49R-I142V,K49R,0,1558,I142V,0,2050,0,60,-0.87
L74I-Q151M,L74I,0,1137,Q151M,0,567,0,4,-0.87
D121Y-D123S,D121Y,0,539,D123S,0,325,0,0,-0.86
K101P-Y181C,K101P,0,288,Y181C,1,3013,1,6,-0.86
K43Q-K219E,K43Q,0,888,K219E,0,1432,0,23,-0.86
K103S-Y181C,K103S,1,445,Y181C,1,3013,1,38,-0.86
L100I-V106I,L100I,0,1048,V106I,0,832,0,6,-0.85
E40F-E44G,E40F,0,200,E44G,0,40,0,0,-0.85
K49R-S162Y,K49R,0,1558,S162Y,0,604,0,6,-0.85
D218E-H221Y,D218E,0,1380,H221Y,0,1103,0,55,-0.85
A98S-S162C,A98S,0,1551,S162C,0,2311,0,78,-0.84
V60I-V75T,V60I,0,3385,V75T,0,291,0,13,-0.84
V118I-S163T,V118I,0,4638,S163T,0,99,0,3,-0.83
S162Y-T165I,S162Y,0,604,T165I,0,547,0,0,-0.83
I135T-A158S,I135T,0,7903,A158S,0,429,0,100,-0.82
K104N-M184V,K104N,0,127,M184V,0,10518,0,38,-0.82
M41L-F214L,M41L,0,7681,F214L,0,3429,0,519,-0.82
Y181C-P225H,Y181C,1,3013,P225H,0,1000,1,38,-0.82
T69D-K219E,T69D,0,1500,K219E,0,1432,0,37,-0.82
K122Q-D123E,K122Q,0,97,D123E,0,5031,0,21,-0.81
K103N-Y181V,K103N,1,7169,Y181V,1,78,1,9,-0.8
L100I-G190E,L100I,0,1048,G190E,1,89,1,0,-0.8
L74I-F116Y,L74I,0,1137,F116Y,0,465,0,2,-0.8
K46Q-T215Y,K46Q,0,98,T215Y,0,7089,0,1,-0.79
K64R-T69D,K64R,0,538,T69D,0,1500,0,15,-0.79
K103N-L109V,K103N,1,7169,L109V,0,26,1,0,-0.78
D177G-Y181C,D177G,0,324,Y181C,1,3013,1,20,-0.78
Y181C-G190E,Y181C,1,3013,G190E,1,89,1,1,-0.78
R83K-I142T,R83K,0,1800,I142T,0,584,0,23,-0.77
Y188L-G190A,Y188L,1,965,G190A,1,2628,1,69,-0.77
K101P-V108I,K101P,0,288,V108I,0,1726,0,4,-0.75
K43E-E44D,K43E,0,1578,E44D,0,2258,0,305,-0.74
V60I-S162C,V60I,0,3385,S162C,0,2311,0,204,-0.74
G196E-T200E,G196E,0,3706,T200E,0,390,0,22,-0.74
D67N-S68R,D67N,0,6284,S68R,0,38,0,5,-0.74
D218E-K223Q,D218E,0,1380,K223Q,0,560,0,46,-0.73
K101E-K102Q,K101E,0,1187,K102Q,0,869,0,24,-0.73
T139A-M184V,T139A,0,122,M184V,0,10518,0,36,-0.73
L74I-V75M,L74I,0,1137,V75M,0,1001,0,59,-0.73
R83K-K219Q,R83K,0,1800,K219Q,0,2424,0,63,-0.72
P157A-M184V,P157A,0,36,M184V,0,10518,0,8,-0.72
G190E-D218E,G190E,1,89,D218E,0,1380,1,1,-0.72
H221Y-K223E,H221Y,0,1103,K223E,0,425,0,20,-0.72
G196E-Q197E,G196E,0,3706,Q197E,0,310,0,21,-0.72
K64R-S68G,K64R,0,538,S68G,0,1572,0,16,-0.71
R83K-S162C,R83K,0,1800,S162C,0,2311,0,129,-0.71
V60I-F77L,V60I,0,3385,F77L,0,530,0,39,-0.7
S162Y-F214L,S162Y,0,604,F214L,0,3429,0,61,-0.7
D177N-G190S,D177N,0,405,G190S,1,575,1,2,-0.7
Y188L-G190E,Y188L,1,965,G190E,1,89,1,3,-0.69
L100I-G190S,L100I,0,1048,G190S,1,575,1,7,-0.69
R172K-M184T,R172K,0,312,M184T,0,11,0,0,-0.69
K101E-K102E,K101E,0,1187,K102E,0,66,0,0,-0.69
L100I-K101Q,L100I,0,1048,K101Q,0,986,0,18,-0.68
K70R-L210S,K70R,0,3843,L210S,0,160,0,20,-0.68
A98G-K101P,A98G,0,1210,K101P,0,288,0,3,-0.68
K102E-K103N,K102E,0,66,K103N,1,7169,1,9,-0.68
A98G-V106A,A98G,0,1210,V106A,1,285,1,5,-0.67
S68G-R83K,S68G,0,1572,R83K,0,1800,0,67,-0.67
H208Y-F214L,H208Y,0,2190,F214L,0,3429,0,105,-0.67
L100I-K101E,L100I,0,1048,K101E,0,1187,0,15,-0.66
T165I-K166R,T165I,0,547,K166R,0,1428,0,15,-0.66
V60I-K64H,V60I,0,3385,K64H,0,106,0,12,-0.66
S162C-D177G,S162C,0,2311,D177G,0,324,0,13,-0.66
L100I-Y181V,L100I,0,1048,Y181V,1,78,1,0,-0.66
R83K-I135L,R83K,0,1800,I135L,0,751,0,62,-0.66
T39A-K43Q,T39A,0,2649,K43Q,0,888,0,202,-0.65
D76N-M184V,D76N,0,22,M184V,0,10518,0,3,-0.65
D218E-P225H,D218E,0,1380,P225H,0,1000,0,14,-0.65
K65R-D67N,K65R,0,582,D67N,0,6284,0,53,-0.65
L74V-Q151M,L74V,0,2012,Q151M,0,567,0,17,-0.65
K122E-M184T,K122E,0,9670,M184T,0,11,0,0,-0.64
I94L-Y181C,I94L,0,190,Y181C,1,3013,1,23,-0.64
S162C-K166Q,S162C,0,2311,K166Q,0,89,0,1,-0.64
K64N-T69D,K64N,0,58,T69D,0,1500,0,4,-0.64
S48T-I142V,S48T,0,392,I142V,0,2050,0,17,-0.63
H221Y-K223T,H221Y,0,1103,K223T,0,120,0,3,-0.63
E138A-D177E,E138A,0,510,D177E,0,4457,0,58,-0.63
L210F-F214L,L210F,0,196,F214L,0,3429,0,22,-0.63
I202V-E203D,I202V,0,2591,E203D,0,911,0,69,-0.63
M184V-Y188C,M184V,0,10518,Y188C,1,39,1,7,-0.63
Y181C-M184V,Y181C,1,3013,M184V,0,10518,1,1509,-0.63
S48T-R83K,S48T,0,392,R83K,0,1800,0,11,-0.63
K101E-V179D,K101E,0,1187,V179D,0,411,0,12,-0.62
T165L-K166R,T165L,0,138,K166R,0,1428,0,0,-0.62
A62V-D67N,A62V,0,944,D67N,0,6284,0,183,-0.62
V75T-M184I,V75T,0,291,M184I,0,278,0,1,-0.62
K103N-V179I,K103N,1,7169,V179I,0,2265,1,589,-0.62
M41L-F116Y,M41L,0,7681,F116Y,0,465,0,50,-0.62
A62V-K70R,A62V,0,944,K70R,0,3843,0,103,-0.61
D177N-G190A,D177N,0,405,G190A,1,2628,1,30,-0.61
I135V-T165I,I135V,0,1442,T165I,0,547,0,12,-0.61
I178L-G190E,I178L,0,1452,G190E,1,89,1,1,-0.61
E44D-Q151M,E44D,0,2258,Q151M,0,567,0,5,-0.61
K65R-T69N,K65R,0,582,T69N,0,1382,0,15,-0.6
D67N-I132L,D67N,0,6284,I132L,0,59,0,6,-0.6
L74I-F77L,L74I,0,1137,F77L,0,530,0,15,-0.6
K70R-Y115F,K70R,0,3843,Y115F,0,419,0,61,-0.6
M41L-K65R,M41L,0,7681,K65R,0,582,0,47,-0.6
E138A-E203D,E138A,0,510,E203D,0,911,0,8,-0.6
W88C-D218E,W88C,0,238,D218E,0,1380,0,5,-0.6
G190S-I202V,G190S,1,575,I202V,0,2591,1,49,-0.59
K65R-L210W,K65R,0,582,L210W,0,5245,0,22,-0.59
K103R-G190S,K103R,0,447,G190S,1,575,1,4,-0.59
D121Y-D123E,D121Y,0,539,D123E,0,5031,0,77,-0.59
K103N-K104N,K103N,1,7169,K104N,0,127,1,27,-0.59
S162Y-I202V,S162Y,0,604,I202V,0,2591,0,49,-0.59
L100I-V106A,L100I,0,1048,V106A,1,285,1,4,-0.59
P176S-M184V,P176S,0,44,M184V,0,10518,0,12,-0.59
S162C-T165L,S162C,0,2311,T165L,0,138,0,3,-0.59
K46Q-L210W,K46Q,0,98,L210W,0,5245,0,1,-0.58
D67E-M184V,D67E,0,112,M184V,0,10518,0,49,-0.58
K66R-M184V,K66R,0,40,M184V,0,10518,0,13,-0.58
D121H-D123S,D121H,0,715,D123S,0,325,0,21,-0.58
V90I-F214L,V90I,0,1068,F214L,0,3429,0,130,-0.58
K43E-K70R,K43E,0,1578,K70R,0,3843,0,133,-0.58
K43E-K219E,K43E,0,1578,K219E,0,1432,0,73,-0.58
S162C-K166I,S162C,0,2311,K166I,0,43,0,2,-0.58
R83K-K122E,R83K,0,1800,K122E,0,9670,0,538,-0.58
D177G-G190S,D177G,0,324,G190S,1,575,1,3,-0.58
Q151M-L210W,Q151M,0,567,L210W,0,5245,0,33,-0.57
V108I-G190E,V108I,0,1726,G190E,1,89,1,2,-0.57
S48T-T215S,S48T,0,392,T215S,0,244,0,0,-0.57
K219N-E224D,K219N,0,936,E224D,0,292,0,10,-0.57
K65R-D67G,K65R,0,582,D67G,0,550,0,12,-0.57
K122E-K166Q,K122E,0,9670,K166Q,0,89,0,36,-0.57
G190S-P225H,G190S,1,575,P225H,0,1000,1,5,-0.56
V90I-S162C,V90I,0,1068,S162C,0,2311,0,58,-0.56
K70G-L210W,K70G,0,90,L210W,0,5245,0,6,-0.56
D67N-S68N,D67N,0,6284,S68N,0,116,0,18,-0.56
T139A-M184I,T139A,0,122,M184I,0,278,0,1,-0.56
T39S-K43Q,T39S,0,154,K43Q,0,888,0,7,-0.56
L74V-W88C,L74V,0,2012,W88C,0,238,0,18,-0.56
P150Q-M184V,P150Q,0,6,M184V,0,10518,0,1,-0.56
K103R-V179I,K103R,0,447,V179I,0,2265,0,15,-0.55
V106A-Y181C,V106A,1,285,Y181C,1,3013,1,31,-0.55
V106A-V108I,V106A,1,285,V108I,0,1726,1,10,-0.55
R78K-M184V,R78K,0,26,M184V,0,10518,0,6,-0.55
L74I-V75I,L74I,0,1137,V75I,0,548,0,7,-0.55
S48E-K122Q,S48E,0,92,K122Q,0,97,0,1,-0.55
E44A-K70R,E44A,0,453,K70R,0,3843,0,28,-0.55
K43E-G190E,K43E,0,1578,G190E,1,89,1,6,-0.55
M41L-K70R,M41L,0,7681,K70R,0,3843,0,1307,-0.54
I135L-I142V,I135L,0,751,I142V,0,2050,0,56,-0.54
Q207E-R211N,Q207E,0,3342,R211N,0,82,0,7,-0.54
Y115F-L210W,Y115F,0,419,L210W,0,5245,0,35,-0.54
L109I-F214L,L109I,0,153,F214L,0,3429,0,10,-0.54
K43Q-K70R,K43Q,0,888,K70R,0,3843,0,97,-0.54
K103S-Y181V,K103S,1,445,Y181V,1,78,1,2,-0.54
K103N-Y188L,K103N,1,7169,Y188L,1,965,1,200,-0.54
Q145H-D177E,Q145H,0,18,D177E,0,4457,0,0,-0.54
K49R-E138Q,K49R,0,1558,E138Q,0,149,0,1,-0.54
V106M-P225H,V106M,1,164,P225H,0,1000,1,0,-0.54
K43E-K65R,K43E,0,1578,K65R,0,582,0,1,-0.54
I142T-E203D,I142T,0,584,E203D,0,911,0,9,-0.54
R83K-W88C,R83K,0,1800,W88C,0,238,0,8,-0.53
I135V-A158S,I135V,0,1442,A158S,0,429,0,19,-0.53
K122E-R199S,K122E,0,9670,R199S,0,11,0,1,-0.53
I178M-F214L,I178M,0,1880,F214L,0,3429,0,208,-0.53
K49R-K122P,K49R,0,1558,K122P,0,483,0,17,-0.53
K64H-S68G,K64H,0,106,S68G,0,1572,0,1,-0.53
E203K-P225H,E203K,0,1147,P225H,0,1000,0,9,-0.53
K49R-D121H,K49R,0,1558,D121H,0,715,0,30,-0.53
K102E-I135L,K102E,0,66,I135L,0,751,0,0,-0.53
R211K-D218N,R211K,0,9546,D218N,0,6,0,0,-0.53
W88C-M184V,W88C,0,238,M184V,0,10518,0,107,-0.53
T215Y-P225H,T215Y,0,7089,P225H,0,1000,0,164,-0.53
E79D-I135T,E79D,0,81,I135T,0,7903,0,18,-0.53
S162C-K173E,S162C,0,2311,K173E,0,307,0,19,-0.53
E53D-V106I,E53D,0,232,V106I,0,832,0,1,-0.53
V106M-I178M,V106M,1,164,I178M,0,1880,1,6,-0.53
A98G-Q151M,A98G,0,1210,Q151M,0,567,0,18,-0.53
V75M-Y181C,V75M,0,1001,Y181C,1,3013,1,159,-0.53
K103N-P176S,K103N,1,7169,P176S,0,44,1,8,-0.52
F171Y-H208Y,F171Y,0,121,H208Y,0,2190,0,3,-0.52
M184V-R199S,M184V,0,10518,R199S,0,11,0,2,-0.52
E53D-V179I,E53D,0,232,V179I,0,2265,0,11,-0.52
E44D-F116Y,E44D,0,2258,F116Y,0,465,0,4,-0.52
I135L-F214L,I135L,0,751,F214L,0,3429,0,60,-0.52
S162Y-I178M,S162Y,0,604,I178M,0,1880,0,35,-0.52
R83K-D121H,R83K,0,1800,D121H,0,715,0,23,-0.52
V106M-T215F,V106M,1,164,T215F,0,2076,1,13,-0.52
Y188L-P225H,Y188L,1,965,P225H,0,1000,1,11,-0.52
S162D-T165I,S162D,0,404,T165I,0,547,0,5,-0.52
F214L-D218E,F214L,0,3429,D218E,0,1380,0,225,-0.52
E44D-Y115F,E44D,0,2258,Y115F,0,419,0,9,-0.51
Q145E-T215Y,Q145E,0,14,T215Y,0,7089,0,0,-0.51
V106A-K219E,V106A,1,285,K219E,0,1432,1,8,-0.51
K70R-L74V,K70R,0,3843,L74V,0,2012,0,269,-0.51
L100I-Y188L,L100I,0,1048,Y188L,1,965,1,25,-0.51
M41L-Y115F,M41L,0,7681,Y115F,0,419,0,76,-0.51
R83K-A98S,R83K,0,1800,A98S,0,1551,0,77,-0.51
W88C-S162C,W88C,0,238,S162C,0,2311,0,9,-0.51
K101E-I135L,K101E,0,1187,I135L,0,751,0,24,-0.51
Y115F-T215Y,Y115F,0,419,T215Y,0,7089,0,67,-0.51
N175Y-D177E,N175Y,0,102,D177E,0,4457,0,11,-0.51
T139R-K219E,T139R,0,136,K219E,0,1432,0,3,-0.51
V111I-I202V,V111I,0,309,I202V,0,2591,0,30,-0.5
K102Q-V106I,K102Q,0,869,V106I,0,832,0,17,-0.5
K122E-R211N,K122E,0,9670,R211N,0,82,0,50,-0.5
T69D-K70G,T69D,0,1500,K70G,0,90,0,1,-0.5
I135L-A158S,I135L,0,751,A158S,0,429,0,10,-0.5
E138A-T139R,E138A,0,510,T139R,0,136,0,0,-0.5
I142T-T200E,I142T,0,584,T200E,0,390,0,3,-0.5
K103N-S105L,K103N,1,7169,S105L,0,13,1,2,-0.5
K73N-K122E,K73N,0,7,K122E,0,9670,0,2,-0.5
G190S-K223T,G190S,1,575,K223T,0,120,1,0,-0.5
E44A-K70E,E44A,0,453,K70E,0,89,0,0,-0.5
E204D-L210W,E204D,0,218,L210W,0,5245,0,15,-0.5
K65R-D67E,K65R,0,582,D67E,0,112,0,0,-0.5
Y146F-T215Y,Y146F,0,15,T215Y,0,7089,0,3,-0.49
T39K-E44A,T39K,0,222,E44A,0,453,0,11,-0.49
F116Y-T215Y,F116Y,0,465,T215Y,0,7089,0,46,-0.49
K103N-V106I,K103N,1,7169,V106I,0,832,1,172,-0.49
L74I-I135T,L74I,0,1137,I135T,0,7903,0,405,-0.49
A62V-L74V,A62V,0,944,L74V,0,2012,0,63,-0.49
R211N-K219E,R211N,0,82,K219E,0,1432,0,4,-0.49
I178V-M184V,I178V,0,167,M184V,0,10518,0,59,-0.49
E224D-P225H,E224D,0,292,P225H,0,1000,0,2,-0.49
E203K-T215F,E203K,0,1147,T215F,0,2076,0,64,-0.49
Y146F-T215F,Y146F,0,15,T215F,0,2076,0,0,-0.49
D76N-K103N,D76N,0,22,K103N,1,7169,1,2,-0.49
L210S-F214L,L210S,0,160,F214L,0,3429,0,13,-0.49
V118M-I167V,V118M,0,9,I167V,0,159,0,0,-0.49
V108I-V179D,V108I,0,1726,V179D,0,411,0,16,-0.49
I135T-Y144F,I135T,0,7903,Y144F,0,23,0,2,-0.49
K101E-A158S,K101E,0,1187,A158S,0,429,0,13,-0.49
V60I-K64N,V60I,0,3385,K64N,0,58,0,7,-0.49
S162C-I202V,S162C,0,2311,I202V,0,2591,0,187,-0.49
K103N-V106A,K103N,1,7169,V106A,1,285,1,72,-0.49
E203K-D218E,E203K,0,1147,D218E,0,1380,0,103,-0.49
Y144F-T200A,Y144F,0,23,T200A,0,5337,0,3,-0.49
V108I-E138A,V108I,0,1726,E138A,0,510,0,19,-0.49
I132L-K219E,I132L,0,59,K219E,0,1432,0,1,-0.49
F116Y-T215F,F116Y,0,465,T215F,0,2076,0,36,-0.48
E169D-E224D,E169D,0,1236,E224D,0,292,0,6,-0.48
H208Y-P225H,H208Y,0,2190,P225H,0,1000,0,15,-0.48
M184T-R211K,M184T,0,11,R211K,0,9546,0,2,-0.48
T215Y-K219Q,T215Y,0,7089,K219Q,0,2424,0,337,-0.48
D121N-R211K,D121N,0,25,R211K,0,9546,0,3,-0.48
I50M-G190A,I50M,0,21,G190A,1,2628,1,0,-0.48
R83K-V106I,R83K,0,1800,V106I,0,832,0,37,-0.48
E169D-Q174H,E169D,0,1236,Q174H,0,252,0,5,-0.48
S48E-K122P,S48E,0,92,K122P,0,483,0,5,-0.48
M184V-V189A,M184V,0,10518,V189A,0,9,0,0,-0.48
D177G-Y181V,D177G,0,324,Y181V,1,78,1,0,-0.48
E53K-I135T,E53K,0,24,I135T,0,7903,0,7,-0.48
T165I-P225H,T165I,0,547,P225H,0,1000,0,12,-0.48
T165L-K219N,T165L,0,138,K219N,0,936,0,0,-0.48
I142V-Y181V,I142V,0,2050,Y181V,1,78,1,2,-0.48
V118G-I167V,V118G,0,4,I167V,0,159,0,0,-0.48
K43E-K173T,K43E,0,1578,K173T,0,185,0,5,-0.48
A98G-V106M,A98G,0,1210,V106M,1,164,1,3,-0.47
I142M-D177E,I142M,0,91,D177E,0,4457,0,9,-0.47
K43Q-K70G,K43Q,0,888,K70G,0,90,0,1,-0.47
T165I-Q207K,T165I,0,547,Q207K,0,336,0,2,-0.47
V60I-Y181I,V60I,0,3385,Y181I,1,136,1,15,-0.47
A62V-I142V,A62V,0,944,I142V,0,2050,0,52,-0.47
D177G-I178L,D177G,0,324,I178L,0,1452,0,6,-0.47
K70G-R211T,K70G,0,90,R211T,0,363,0,0,-0.47
N175Y-E203K,N175Y,0,102,E203K,0,1147,0,3,-0.47
G190E-P225H,G190E,1,89,P225H,0,1000,1,0,-0.47
T215F-P225H,T215F,0,2076,P225H,0,1000,0,59,-0.47
I142M-Y181C,I142M,0,91,Y181C,1,3013,1,5,-0.47
L74I-I135V,L74I,0,1137,I135V,0,1442,0,52,-0.47
E194Q-R211T,E194Q,0,39,R211T,0,363,0,1,-0.47
V108I-V179T,V108I,0,1726,V179T,0,81,0,9,-0.47
E40D-E44D,E40D,0,196,E44D,0,2258,0,7,-0.47
Q151R-T215Y,Q151R,0,12,T215Y,0,7089,0,2,-0.47
K70R-S163C,K70R,0,3843,S163C,0,61,0,7,-0.47
G190A-P225H,G190A,1,2628,P225H,0,1000,1,52,-0.47
I202V-D218E,I202V,0,2591,D218E,0,1380,0,183,-0.47
G45E-M184V,G45E,0,16,M184V,0,10518,0,3,-0.46
R199K-R211K,R199K,0,26,R211K,0,9546,0,8,-0.46
E53D-R83K,E53D,0,232,R83K,0,1800,0,9,-0.46
K122P-R211N,K122P,0,483,R211N,0,82,0,0,-0.46
K103N-H208L,K103N,1,7169,H208L,0,13,1,5,-0.46
K43E-K219Q,K43E,0,1578,K219Q,0,2424,0,92,-0.46
Y181I-Y188L,Y181I,1,136,Y188L,1,965,1,3,-0.46
P176Q-D177E,P176Q,0,31,D177E,0,4457,0,1,-0.46
V60I-L74I,V60I,0,3385,L74I,0,1137,0,197,-0.46
A98S-K173E,A98S,0,1551,K173E,0,307,0,10,-0.46
A98G-Y115F,A98G,0,1210,Y115F,0,419,0,11,-0.46
K49R-D67G,K49R,0,1558,D67G,0,550,0,25,-0.46
K49R-I142T,K49R,0,1558,I142T,0,584,0,29,-0.46
E194Q-Q207E,E194Q,0,39,Q207E,0,3342,0,2,-0.46
T215S-P225H,T215S,0,244,P225H,0,1000,0,14,-0.46
N136T-Q207E,N136T,0,26,Q207E,0,3342,0,1,-0.46
I94L-K223E,I94L,0,190,K223E,0,425,0,2,-0.46
I178M-I202T,I178M,0,1880,I202T,0,33,0,0,-0.45
K122Q-M184T,K122Q,0,97,M184T,0,11,0,0,-0.45
M41L-Q151R,M41L,0,7681,Q151R,0,12,0,2,-0.45
K122Q-E203D,K122Q,0,97,E203D,0,911,0,0,-0.45
K103S-Y181I,K103S,1,445,Y181I,1,136,1,2,-0.45
T39A-K43R,T39A,0,2649,K43R,0,100,0,7,-0.45
K103N-L109I,K103N,1,7169,L109I,0,153,1,34,-0.45
L109I-I178M,L109I,0,153,I178M,0,1880,0,5,-0.45
T215S-H221Y,T215S,0,244,H221Y,0,1103,0,7,-0.45
V60I-M184T,V60I,0,3385,M184T,0,11,0,0,-0.45
D177E-Q197K,D177E,0,4457,Q197K,0,444,0,77,-0.45
L109I-Q207E,L109I,0,153,Q207E,0,3342,0,16,-0.45
K223Q-P225H,K223Q,0,560,P225H,0,1000,0,1,-0.45
D67G-F116Y,D67G,0,550,F116Y,0,465,0,12,-0.45
I50V-T215Y,I50V,0,272,T215Y,0,7089,0,44,-0.45
K43E-Q174R,K43E,0,1578,Q174R,0,536,0,34,-0.45
L210W-P225H,L210W,0,5245,P225H,0,1000,0,77,-0.45
E44D-K70R,E44D,0,2258,K70R,0,3843,0,225,-0.45
V179I-P225H,V179I,0,2265,P225H,0,1000,0,48,-0.45
K64H-I135L,K64H,0,106,I135L,0,751,0,0,-0.45
Q151M-T215Y,Q151M,0,567,T215Y,0,7089,0,65,-0.45
D67N-Y146S,D67N,0,6284,Y146S,0,12,0,0,-0.45
I135T-D218V,I135T,0,7903,D218V,0,6,0,0,-0.45
K103S-K104N,K103S,1,445,K104N,0,127,1,0,-0.44
I202V-K223Q,I202V,0,2591,K223Q,0,560,0,44,-0.44
H208F-F214L,H208F,0,75,F214L,0,3429,0,0,-0.44
K166R-E169D,K166R,0,1428,E169D,0,1236,0,51,-0.44
K103S-L109V,K103S,1,445,L109V,0,26,1,0,-0.44
K101P-I135T,K101P,0,288,I135T,0,7903,0,101,-0.44
K104Q-T215Y,K104Q,0,22,T215Y,0,7089,0,1,-0.44
E53D-T165I,E53D,0,232,T165I,0,547,0,0,-0.44
I132L-K219Q,I132L,0,59,K219Q,0,2424,0,3,-0.44
I135L-L210F,I135L,0,751,L210F,0,196,0,2,-0.44
M41L-P225H,M41L,0,7681,P225H,0,1000,0,158,-0.44
I135L-T165I,I135L,0,751,T165I,0,547,0,11,-0.44
K64R-A158S,K64R,0,538,A158S,0,429,0,2,-0.44
V75T-Y188L,V75T,0,291,Y188L,1,965,1,6,-0.44
V118G-M184V,V118G,0,4,M184V,0,10518,0,1,-0.44
K103R-L109V,K103R,0,447,L109V,0,26,0,0,-0.44
T165I-V179I,T165I,0,547,V179I,0,2265,0,36,-0.44
K70E-I202V,K70E,0,89,I202V,0,2591,0,8,-0.44
E53D-S162C,E53D,0,232,S162C,0,2311,0,9,-0.44
L210S-K219Q,L210S,0,160,K219Q,0,2424,0,12,-0.44
I142T-K219Q,I142T,0,584,K219Q,0,2424,0,32,-0.44
M184V-E204K,M184V,0,10518,E204K,0,134,0,49,-0.44
T165I-D177N,T165I,0,547,D177N,0,405,0,3,-0.44
K43E-P225H,K43E,0,1578,P225H,0,1000,0,14,-0.44
T69I-M184V,T69I,0,84,M184V,0,10518,0,41,-0.44
S162Y-G190A,S162Y,0,604,G190A,1,2628,1,64,-0.44
T165A-T215F,T165A,0,18,T215F,0,2076,0,0,-0.44
V106M-Y181C,V106M,1,164,Y181C,1,3013,1,18,-0.44
E44A-Q174R,E44A,0,453,Q174R,0,536,0,8,-0.44
K166R-R211T,K166R,0,1428,R211T,0,363,0,11,-0.43
S162Y-K166I,S162Y,0,604,K166I,0,43,0,0,-0.43
K49R-I167V,K49R,0,1558,I167V,0,159,0,4,-0.43
S162Y-I178V,S162Y,0,604,I178V,0,167,0,0,-0.43
V111I-Y188L,V111I,0,309,Y188L,1,965,1,8,-0.43
Q174H-T215S,Q174H,0,252,T215S,0,244,0,2,-0.43
V106I-D123S,V106I,0,832,D123S,0,325,0,5,-0.43
S48L-K122E,S48L,0,15,K122E,0,9670,0,3,-0.43
K101E-K102R,K101E,0,1187,K102R,0,641,0,29,-0.43
S48T-I142T,S48T,0,392,I142T,0,584,0,5,-0.43
Y181I-P225H,Y181I,1,136,P225H,0,1000,1,1,-0.43
D177N-G190E,D177N,0,405,G190E,1,89,1,1,-0.43
I142V-F171Y,I142V,0,2050,F171Y,0,121,0,5,-0.43
F116Y-H221Y,F116Y,0,465,H221Y,0,1103,0,41,-0.43
M41L-Y188H,M41L,0,7681,Y188H,0,72,0,12,-0.43
I50V-Q207E,I50V,0,272,Q207E,0,3342,0,30,-0.43
V106M-D218E,V106M,1,164,D218E,0,1380,1,3,-0.43
V118I-D121Y,V118I,0,4638,D121Y,0,539,0,86,-0.43
S48T-T69D,S48T,0,392,T69D,0,1500,0,10,-0.43
V75M-N175Y,V75M,0,1001,N175Y,0,102,0,4,-0.43
I178M-G190E,I178M,0,1880,G190E,1,89,1,7,-0.43
K49R-W88C,K49R,0,1558,W88C,0,238,0,8,-0.43
E40F-K70R,E40F,0,200,K70R,0,3843,0,9,-0.43
L100I-S162C,L100I,0,1048,S162C,0,2311,0,73,-0.43
K64N-R83K,K64N,0,58,R83K,0,1800,0,0,-0.43
Q174K-E204K,Q174K,0,691,E204K,0,134,0,1,-0.43
K103N-V111L,K103N,1,7169,V111L,0,11,1,3,-0.43
S162C-N175Y,S162C,0,2311,N175Y,0,102,0,2,-0.43
E204K-D218E,E204K,0,134,D218E,0,1380,0,0,-0.43
I178M-T200I,I178M,0,1880,T200I,0,1087,0,65,-0.43
R172K-H208Y,R172K,0,312,H208Y,0,2190,0,37,-0.43
I178L-G196R,I178L,0,1452,G196R,0,101,0,4,-0.43
I159V-T215Y,I159V,0,28,T215Y,0,7089,0,3,-0.43
T165I-M184V,T165I,0,547,M184V,0,10518,0,225,-0.43
Q151R-T215F,Q151R,0,12,T215F,0,2076,0,0,-0.42
S162Y-G190S,S162Y,0,604,G190S,1,575,1,11,-0.42
K43Q-Y115F,K43Q,0,888,Y115F,0,419,0,5,-0.42
I195L-Q207E,I195L,0,227,Q207E,0,3342,0,24,-0.42
L80F-M184V,L80F,0,8,M184V,0,10518,0,1,-0.42
E138A-K219E,E138A,0,510,K219E,0,1432,0,20,-0.42
K64H-K101Q,K64H,0,106,K101Q,0,986,0,5,-0.42
R199K-R211T,R199K,0,26,R211T,0,363,0,0,-0.42
K103N-I167V,K103N,1,7169,I167V,0,159,1,45,-0.42
V106A-Y188L,V106A,1,285,Y188L,1,965,1,2,-0.42
D113E-K122E,D113E,0,6,K122E,0,9670,0,1,-0.42
E138A-Q207E,E138A,0,510,Q207E,0,3342,0,46,-0.42
Q145E-M184V,Q145E,0,14,M184V,0,10518,0,3,-0.42
L100I-E138A,L100I,0,1048,E138A,0,510,0,12,-0.42
M41L-Q151M,M41L,0,7681,Q151M,0,567,0,84,-0.42
Q151M-T215S,Q151M,0,567,T215S,0,244,0,4,-0.42
D67E-T69I,D67E,0,112,T69I,0,84,0,0,-0.42
E40F-E203K,E40F,0,200,E203K,0,1147,0,31,-0.42
T165I-T215Y,T165I,0,547,T215Y,0,7089,0,122,-0.42
Y188C-T215Y,Y188C,1,39,T215Y,0,7089,1,3,-0.42
D177E-Y181V,D177E,0,4457,Y181V,1,78,1,9,-0.42
Q207E-K219E,Q207E,0,3342,K219E,0,1432,0,155,-0.42
F214M-T215Y,F214M,0,9,T215Y,0,7089,0,2,-0.42
Y181C-I202T,Y181C,1,3013,I202T,0,33,1,3,-0.42
W88C-I135T,W88C,0,238,I135T,0,7903,0,70,-0.42
K103S-V106A,K103S,1,445,V106A,1,285,1,3,-0.42
M41L-D113N,M41L,0,7681,D113N,0,68,0,12,-0.42
K122P-K173T,K122P,0,483,K173T,0,185,0,2,-0.42
K154T-T215Y,K154T,0,5,T215Y,0,7089,0,0,-0.42
T215F-H221Y,T215F,0,2076,H221Y,0,1103,0,114,-0.42
Y115F-I135T,Y115F,0,419,I135T,0,7903,0,150,-0.42
S117T-R211K,S117T,0,6,R211K,0,9546,0,0,-0.41
V60I-Y181C,V60I,0,3385,Y181C,1,3013,1,468,-0.41
V108I-Y115F,V108I,0,1726,Y115F,0,419,0,49,-0.41
V118I-I180V,V118I,0,4638,I180V,0,109,0,9,-0.41
R83K-Q174K,R83K,0,1800,Q174K,0,691,0,36,-0.41
E204K-H208Y,E204K,0,134,H208Y,0,2190,0,5,-0.41
K43E-I142T,K43E,0,1578,I142T,0,584,0,26,-0.41
D67E-T200A,D67E,0,112,T200A,0,5337,0,20,-0.41
E40D-L210W,E40D,0,196,L210W,0,5245,0,24,-0.41
E42G-Y181C,E42G,0,56,Y181C,1,3013,1,3,-0.41
G190S-K223E,G190S,1,575,K223E,0,425,1,10,-0.41
F214L-D218V,F214L,0,3429,D218V,0,6,0,0,-0.41
D67N-P225H,D67N,0,6284,P225H,0,1000,0,162,-0.41
M41L-N137T,M41L,0,7681,N137T,0,7,0,1,-0.41
S162C-K219Q,S162C,0,2311,K219Q,0,2424,0,118,-0.41
D67N-T69I,D67N,0,6284,T69I,0,84,0,11,-0.41
K102R-I167V,K102R,0,641,I167V,0,159,0,1,-0.41
E44D-K219Q,E44D,0,2258,K219Q,0,2424,0,123,-0.41
D67G-V75I,D67G,0,550,V75I,0,548,0,14,-0.41
I50L-T215Y,I50L,0,8,T215Y,0,7089,0,0,-0.41
S163C-T215F,S163C,0,61,T215F,0,2076,0,4,-0.41
I202T-Q207E,I202T,0,33,Q207E,0,3342,0,3,-0.41
K65E-M184V,K65E,0,24,M184V,0,10518,0,9,-0.41
Q151M-M184V,Q151M,0,567,M184V,0,10518,0,306,-0.41
S68N-T215F,S68N,0,116,T215F,0,2076,0,6,-0.41
D67G-V189I,D67G,0,550,V189I,0,632,0,13,-0.41
N54I-V60I,N54I,0,29,V60I,0,3385,0,1,-0.41
K103R-E203K,K103R,0,447,E203K,0,1147,0,18,-0.41
E53D-Q207A,E53D,0,232,Q207A,0,311,0,0,-0.41
D177G-E203D,D177G,0,324,E203D,0,911,0,11,-0.41
P157S-T215F,P157S,0,20,T215F,0,2076,0,0,-0.41
E138Q-E203D,E138Q,0,149,E203D,0,911,0,6,-0.41
E169D-D177G,E169D,0,1236,D177G,0,324,0,11,-0.41
E44A-Q151M,E44A,0,453,Q151M,0,567,0,0,-0.41
V106I-I142T,V106I,0,832,I142T,0,584,0,13,-0.41
I135L-G190E,I135L,0,751,G190E,1,89,1,1,-0.41
V118I-Y188C,V118I,0,4638,Y188C,1,39,1,1,-0.4
A98G-K166R,A98G,0,1210,K166R,0,1428,0,56,-0.4
I50L-I135T,I50L,0,8,I135T,0,7903,0,1,-0.4
S68N-T69D,S68N,0,116,T69D,0,1500,0,0,-0.4
Q174K-K223Q,Q174K,0,691,K223Q,0,560,0,13,-0.4
E79D-I135L,E79D,0,81,I135L,0,751,0,1,-0.4
D67E-E169D,D67E,0,112,E169D,0,1236,0,1,-0.4
S162Y-T165L,S162Y,0,604,T165L,0,138,0,1,-0.4
L100I-F171Y,L100I,0,1048,F171Y,0,121,0,0,-0.4
K64H-L100I,K64H,0,106,L100I,0,1048,0,3,-0.4
V75M-F214L,V75M,0,1001,F214L,0,3429,0,84,-0.4
S162Y-K166Q,S162Y,0,604,K166Q,0,89,0,1,-0.4
R83K-V179I,R83K,0,1800,V179I,0,2265,0,109,-0.4
S162D-R211N,S162D,0,404,R211N,0,82,0,1,-0.4
D121Y-K219N,D121Y,0,539,K219N,0,936,0,15,-0.4
V106I-E138A,V106I,0,832,E138A,0,510,0,12,-0.4
I142T-D177E,I142T,0,584,D177E,0,4457,0,99,-0.4
D113E-R211K,D113E,0,6,R211K,0,9546,0,2,-0.4
A98S-L100I,A98S,0,1551,L100I,0,1048,0,66,-0.4
D67E-V108I,D67E,0,112,V108I,0,1726,0,8,-0.4
F116Y-L210W,F116Y,0,465,L210W,0,5245,0,27,-0.4
R83G-I135T,R83G,0,20,I135T,0,7903,0,5,-0.4
T139R-I142V,T139R,0,136,I142V,0,2050,0,4,-0.4
V106I-R211N,V106I,0,832,R211N,0,82,0,2,-0.4
V111I-Q207A,V111I,0,309,Q207A,0,311,0,1,-0.4
L100I-V189I,L100I,0,1048,V189I,0,632,0,23,-0.4
K101P-I135L,K101P,0,288,I135L,0,751,0,7,-0.4
I202V-E203K,I202V,0,2591,E203K,0,1147,0,97,-0.4
P176S-R211K,P176S,0,44,R211K,0,9546,0,14,-0.4
E40D-Q151M,E40D,0,196,Q151M,0,567,0,0,-0.4
L74I-D121Y,L74I,0,1137,D121Y,0,539,0,18,-0.4
M41L-S48T,M41L,0,7681,S48T,0,392,0,93,-0.4
I202V-P225H,I202V,0,2591,P225H,0,1000,0,91,-0.4
L109V-M184V,L109V,0,26,M184V,0,10518,0,12,-0.4
V90I-V106M,V90I,0,1068,V106M,1,164,1,2,-0.4
H208Y-F214C,H208Y,0,2190,F214C,0,9,0,0,-0.4
D123N-R211N,D123N,0,1089,R211N,0,82,0,3,-0.4
G196E-T200A,G196E,0,3706,T200A,0,5337,0,877,-0.4
K104N-K122E,K104N,0,127,K122E,0,9670,0,48,-0.4
V60I-N137I,V60I,0,3385,N137I,0,21,0,0,-0.4
S134G-I135V,S134G,0,41,I135V,0,1442,0,1,-0.4
P176S-Y181C,P176S,0,44,Y181C,1,3013,1,0,-0.39
K122P-E203D,K122P,0,483,E203D,0,911,0,15,-0.39
E40F-E203D,E40F,0,200,E203D,0,911,0,14,-0.39
S48E-A98G,S48E,0,92,A98G,0,1210,0,0,-0.39
I142V-K173T,I142V,0,2050,K173T,0,185,0,12,-0.39
T39S-T215S,T39S,0,154,T215S,0,244,0,1,-0.39
L74V-M184I,L74V,0,2012,M184I,0,278,0,22,-0.39
K219E-H221Y,K219E,0,1432,H221Y,0,1103,0,81,-0.39
K104N-M184T,K104N,0,127,M184T,0,11,0,0,-0.39
A62V-I135L,A62V,0,944,I135L,0,751,0,17,-0.39
I135T-T139R,I135T,0,7903,T139R,0,136,0,40,-0.39
K122P-M184T,K122P,0,483,M184T,0,11,0,0,-0.39
L100I-K102E,L100I,0,1048,K102E,0,66,0,0,-0.39
L210W-F214M,L210W,0,5245,F214M,0,9,0,1,-0.39
M41L-K104Q,M41L,0,7681,K104Q,0,22,0,3,-0.39
T39A-T165A,T39A,0,2649,T165A,0,18,0,1,-0.39
L100V-M184V,L100V,0,23,M184V,0,10518,0,8,-0.39
E79D-I135V,E79D,0,81,I135V,0,1442,0,3,-0.39
R83K-K122Q,R83K,0,1800,K122Q,0,97,0,9,-0.39
I135T-E194K,I135T,0,7903,E194K,0,65,0,18,-0.39
S162Y-I178L,S162Y,0,604,I178L,0,1452,0,25,-0.39
F116Y-T215S,F116Y,0,465,T215S,0,244,0,5,-0.39
Q174R-E204K,Q174R,0,536,E204K,0,134,0,2,-0.39
E40D-E44A,E40D,0,196,E44A,0,453,0,0,-0.39
Q207A-L210W,Q207A,0,311,L210W,0,5245,0,46,-0.39
G190A-I202V,G190A,1,2628,I202V,0,2591,1,309,-0.39
L74I-T139R,L74I,0,1137,T139R,0,136,0,2,-0.39
D177G-G190A,D177G,0,324,G190A,1,2628,1,29,-0.39
E169D-M184I,E169D,0,1236,M184I,0,278,0,8,-0.39
L74I-W88C,L74I,0,1137,W88C,0,238,0,12,-0.39
D177E-E224K,D177E,0,4457,E224K,0,37,0,8,-0.39
D67N-F214M,D67N,0,6284,F214M,0,9,0,2,-0.39
I135T-Y188C,I135T,0,7903,Y188C,1,39,1,9,-0.39
M184V-G190E,M184V,0,10518,G190E,1,89,1,36,-0.39
S68G-H208Y,S68G,0,1572,H208Y,0,2190,0,121,-0.39
M41L-I178V,M41L,0,7681,I178V,0,167,0,32,-0.39
S134G-I135L,S134G,0,41,I135L,0,751,0,0,-0.39
I178M-G196K,I178M,0,1880,G196K,0,97,0,3,-0.39
I178L-G190A,I178L,0,1452,G190A,1,2628,1,146,-0.39
D86N-T200A,D86N,0,23,T200A,0,5337,0,2,-0.38
Q151R-G196E,Q151R,0,12,G196E,0,3706,0,0,-0.38
R172K-K173Q,R172K,0,312,K173Q,0,257,0,0,-0.38
A62V-V179T,A62V,0,944,V179T,0,81,0,3,-0.38
K103S-T165I,K103S,1,445,T165I,0,547,1,6,-0.38
K66R-M184I,K66R,0,40,M184I,0,278,0,0,-0.38
M184V-R206G,M184V,0,10518,R206G,0,8,0,3,-0.38
K103R-I178L,K103R,0,447,I178L,0,1452,0,13,-0.38
T139R-D218E,T139R,0,136,D218E,0,1380,0,5,-0.38
K166R-Q174R,K166R,0,1428,Q174R,0,536,0,26,-0.38
S162D-K173T,S162D,0,404,K173T,0,185,0,1,-0.38
S68G-D123S,S68G,0,1572,D123S,0,325,0,18,-0.38
E194Q-R211K,E194Q,0,39,R211K,0,9546,0,16,-0.38
K103N-T131A,K103N,1,7169,T131A,0,10,1,0,-0.38
Y115F-I142V,Y115F,0,419,I142V,0,2050,0,21,-0.38
Y115F-I142T,Y115F,0,419,I142T,0,584,0,6,-0.38
Q174R-E224D,Q174R,0,536,E224D,0,292,0,3,-0.38
T69N-T215Y,T69N,0,1382,T215Y,0,7089,0,219,-0.38
G196E-R211K,G196E,0,3706,R211K,0,9546,0,1708,-0.38
P157A-Q207E,P157A,0,36,Q207E,0,3342,0,2,-0.38
I132L-Q151M,I132L,0,59,Q151M,0,567,0,0,-0.38
I180V-T215F,I180V,0,109,T215F,0,2076,0,8,-0.38
E138Q-E169D,E138Q,0,149,E169D,0,1236,0,6,-0.38
T39A-E44A,T39A,0,2649,E44A,0,453,0,109,-0.38
K122P-K166Q,K122P,0,483,K166Q,0,89,0,1,-0.38
Q197K-R211T,Q197K,0,444,R211T,0,363,0,5,-0.38
A98S-I180V,A98S,0,1551,I180V,0,109,0,5,-0.38
T165L-D218E,T165L,0,138,D218E,0,1380,0,3,-0.38
K43R-V108I,K43R,0,100,V108I,0,1726,0,5,-0.38
I50V-L210W,I50V,0,272,L210W,0,5245,0,30,-0.38
I132L-L210W,I132L,0,59,L210W,0,5245,0,7,-0.38
I135V-K219E,I135V,0,1442,K219E,0,1432,0,72,-0.38
S68N-R83K,S68N,0,116,R83K,0,1800,0,9,-0.38
D67G-Y188L,D67G,0,550,Y188L,1,965,1,20,-0.38
K103S-I167V,K103S,1,445,I167V,0,159,1,3,-0.38
G190E-G196E,G190E,1,89,G196E,0,3706,1,12,-0.38
K122E-A158T,K122E,0,9670,A158T,0,34,0,12,-0.38
K103N-H208F,K103N,1,7169,H208F,0,75,1,23,-0.38
I142V-K166Q,I142V,0,2050,K166Q,0,89,0,5,-0.38
K70E-K173Q,K70E,0,89,K173Q,0,257,0,0,-0.38
K43Q-I178V,K43Q,0,888,I178V,0,167,0,0,-0.38
I195T-D218E,I195T,0,65,D218E,0,1380,0,2,-0.38
I167V-F214C,I167V,0,159,F214C,0,9,0,0,-0.38
E44A-K219Q,E44A,0,453,K219Q,0,2424,0,9,-0.38
K46Q-L74V,K46Q,0,98,L74V,0,2012,0,4,-0.38
S48T-A98G,S48T,0,392,A98G,0,1210,0,9,-0.38
T69D-V179D,T69D,0,1500,V179D,0,411,0,14,-0.37
Y181C-Q197P,Y181C,1,3013,Q197P,0,85,1,8,-0.37
K122E-K166I,K122E,0,9670,K166I,0,43,0,12,-0.37
K101P-R211T,K101P,0,288,R211T,0,363,0,5,-0.37
W88R-K219Q,W88R,0,8,K219Q,0,2424,0,0,-0.37
T58N-K101Q,T58N,0,51,K101Q,0,986,0,4,-0.37
K223E-P225H,K223E,0,425,P225H,0,1000,0,0,-0.37
V106A-D177N,V106A,1,285,D177N,0,405,1,2,-0.37
S68G-S162C,S68G,0,1572,S162C,0,2311,0,130,-0.37
I178L-L210F,I178L,0,1452,L210F,0,196,0,6,-0.37
S68G-I132L,S68G,0,1572,I132L,0,59,0,2,-0.37
M41L-K219Q,M41L,0,7681,K219Q,0,2424,0,845,-0.37
K122E-S163C,K122E,0,9670,S163C,0,61,0,31,-0.37
D218E-K223T,D218E,0,1380,K223T,0,120,0,11,-0.37
S134R-T200A,S134R,0,28,T200A,0,5337,0,2,-0.37
L74V-W88S,L74V,0,2012,W88S,0,67,0,2,-0.37
A98G-L100I,A98G,0,1210,L100I,0,1048,0,54,-0.37
K103N-R199S,K103N,1,7169,R199S,0,11,1,1,-0.37
V106I-V111I,V106I,0,832,V111I,0,309,0,8,-0.37
L74V-P225H,L74V,0,2012,P225H,0,1000,0,46,-0.37
R199T-T200A,R199T,0,6,T200A,0,5337,0,0,-0.37
R83K-K219E,R83K,0,1800,K219E,0,1432,0,67,-0.37
V106M-T215S,V106M,1,164,T215S,0,244,1,1,-0.37
K101Q-F214L,K101Q,0,986,F214L,0,3429,0,123,-0.37
V60I-R206I,V60I,0,3385,R206I,0,21,0,0,-0.37
K70G-K219N,K70G,0,90,K219N,0,936,0,0,-0.37
L210F-R211T,L210F,0,196,R211T,0,363,0,1,-0.37
R78K-K103N,R78K,0,26,K103N,1,7169,1,4,-0.37
K64N-I135T,K64N,0,58,I135T,0,7903,0,21,-0.37
K65R-K70G,K65R,0,582,K70G,0,90,0,3,-0.37
D67G-D192N,D67G,0,550,D192N,0,96,0,0,-0.37
V90I-A98G,V90I,0,1068,A98G,0,1210,0,42,-0.37
I142M-D177G,I142M,0,91,D177G,0,324,0,0,-0.37
P140T-M184V,P140T,0,24,M184V,0,10518,0,9,-0.37
F77L-Y181C,F77L,0,530,Y181C,1,3013,1,126,-0.37
K64H-R83K,K64H,0,106,R83K,0,1800,0,0,-0.37
D67G-E169D,D67G,0,550,E169D,0,1236,0,17,-0.37
K70G-V118I,K70G,0,90,V118I,0,4638,0,7,-0.37
V75T-K166R,V75T,0,291,K166R,0,1428,0,13,-0.37
V60I-P170S,V60I,0,3385,P170S,0,34,0,2,-0.37
K101Q-T107S,K101Q,0,986,T107S,0,69,0,0,-0.37
K122P-P225H,K122P,0,483,P225H,0,1000,0,14,-0.37
M41L-T131A,M41L,0,7681,T131A,0,10,0,0,-0.37
R83K-V106M,R83K,0,1800,V106M,1,164,1,7,-0.37
T139A-M184T,T139A,0,122,M184T,0,11,0,0,-0.37
Y146F-T215S,Y146F,0,15,T215S,0,244,0,0,-0.37
G190A-G196E,G190A,1,2628,G196E,0,3706,1,467,-0.37
K70E-T215Y,K70E,0,89,T215Y,0,7089,0,16,-0.37
I135V-E203A,I135V,0,1442,E203A,0,66,0,3,-0.37
T107A-F214L,T107A,0,18,F214L,0,3429,0,0,-0.37
T58S-D67N,T58S,0,16,D67N,0,6284,0,1,-0.37
Q207E-W212M,Q207E,0,3342,W212M,0,38,0,5,-0.37
G190A-K223T,G190A,1,2628,K223T,0,120,1,17,-0.36
A98G-T139I,A98G,0,1210,T139I,0,69,0,0,-0.36
S134R-K219Q,S134R,0,28,K219Q,0,2424,0,2,-0.36
K104N-D177E,K104N,0,127,D177E,0,4457,0,20,-0.36
Y181C-Y188H,Y181C,1,3013,Y188H,0,72,1,6,-0.36
W88C-K219Q,W88C,0,238,K219Q,0,2424,0,16,-0.36
K103N-I202T,K103N,1,7169,I202T,0,33,1,7,-0.36
K70R-T165A,K70R,0,3843,T165A,0,18,0,1,-0.36
P176K-R211K,P176K,0,6,R211K,0,9546,0,1,-0.36
R83K-Q207A,R83K,0,1800,Q207A,0,311,0,7,-0.36
K173E-M184I,K173E,0,307,M184I,0,278,0,1,-0.36
Q174R-E204Q,Q174R,0,536,E204Q,0,116,0,0,-0.36
M41L-R78K,M41L,0,7681,R78K,0,26,0,3,-0.36
E79G-D123E,E79G,0,5,D123E,0,5031,0,0,-0.36
K70E-T215F,K70E,0,89,T215F,0,2076,0,2,-0.36
D67G-P225H,D67G,0,550,P225H,0,1000,0,19,-0.36
A98G-K102E,A98G,0,1210,K102E,0,66,0,1,-0.36
L74I-W212M,L74I,0,1137,W212M,0,38,0,1,-0.36
I178M-G190S,I178M,0,1880,G190S,1,575,1,35,-0.36
N175Y-H208Y,N175Y,0,102,H208Y,0,2190,0,13,-0.36
D86E-K219Q,D86E,0,93,K219Q,0,2424,0,2,-0.36
M41L-D86E,M41L,0,7681,D86E,0,93,0,19,-0.36
G45E-K103N,G45E,0,16,K103N,1,7169,1,2,-0.36
K103N-Y181I,K103N,1,7169,Y181I,1,136,1,32,-0.36
I135L-E224D,I135L,0,751,E224D,0,292,0,4,-0.36
I135L-E203K,I135L,0,751,E203K,0,1147,0,29,-0.36
I135T-R211N,I135T,0,7903,R211N,0,82,0,33,-0.36
K104R-Y188L,K104R,0,312,Y188L,1,965,1,6,-0.36
W88S-M184V,W88S,0,67,M184V,0,10518,0,31,-0.36
K70R-I195K,K70R,0,3843,I195K,0,31,0,2,-0.36
E44D-F214L,E44D,0,2258,F214L,0,3429,0,83,-0.36
V90I-D218E,V90I,0,1068,D218E,0,1380,0,60,-0.36
T69N-L210W,T69N,0,1382,L210W,0,5245,0,175,-0.36
V60I-L205F,V60I,0,3385,L205F,0,26,0,2,-0.36
K103S-H208F,K103S,1,445,H208F,0,75,1,0,-0.36
I135V-S163G,I135V,0,1442,S163G,0,10,0,0,-0.36
K70R-V189I,K70R,0,3843,V189I,0,632,0,75,-0.36
E44D-K70G,E44D,0,2258,K70G,0,90,0,3,-0.36
K101P-T165I,K101P,0,288,T165I,0,547,0,1,-0.36
E138A-A158S,E138A,0,510,A158S,0,429,0,5,-0.36
S163G-R211K,S163G,0,10,R211K,0,9546,0,4,-0.36
T69I-V106M,T69I,0,84,V106M,1,164,1,0,-0.36
R211N-D218N,R211N,0,82,D218N,0,6,0,0,-0.36
L74V-L109V,L74V,0,2012,L109V,0,26,0,1,-0.36
K103N-A129G,K103N,1,7169,A129G,0,4,1,0,-0.36
K122E-H221C,K122E,0,9670,H221C,0,9,0,3,-0.36
P170S-I178L,P170S,0,34,I178L,0,1452,0,1,-0.36
K64N-M184V,K64N,0,58,M184V,0,10518,0,28,-0.36
I135V-I180V,I135V,0,1442,I180V,0,109,0,4,-0.36
T69I-M184I,T69I,0,84,M184I,0,278,0,2,-0.36
N147T-L210W,N147T,0,9,L210W,0,5245,0,0,-0.36
I135V-E204Q,I135V,0,1442,E204Q,0,116,0,4,-0.36
A158S-I178L,A158S,0,429,I178L,0,1452,0,18,-0.36
V60I-D76N,V60I,0,3385,D76N,0,22,0,0,-0.36
S48E-I135T,S48E,0,92,I135T,0,7903,0,23,-0.36
V60I-E203A,V60I,0,3385,E203A,0,66,0,13,-0.36
R83K-S162D,R83K,0,1800,S162D,0,404,0,16,-0.35
D76N-K122E,D76N,0,22,K122E,0,9670,0,6,-0.35
P176S-T215Y,P176S,0,44,T215Y,0,7089,0,6,-0.35
R78K-R211K,R78K,0,26,R211K,0,9546,0,8,-0.35
D121N-K219Q,D121N,0,25,K219Q,0,2424,0,1,-0.35
I142V-G190E,I142V,0,2050,G190E,1,89,1,6,-0.35
V60I-V111I,V60I,0,3385,V111I,0,309,0,39,-0.35
A158S-K223E,A158S,0,429,K223E,0,425,0,1,-0.35
K122E-Y146F,K122E,0,9670,Y146F,0,15,0,5,-0.35
Y144F-D177E,Y144F,0,23,D177E,0,4457,0,1,-0.35
E40F-D177G,E40F,0,200,D177G,0,324,0,1,-0.35
V118I-K166I,V118I,0,4638,K166I,0,43,0,2,-0.35
T39S-K166R,T39S,0,154,K166R,0,1428,0,4,-0.35
I135L-W212M,I135L,0,751,W212M,0,38,0,0,-0.35
L74V-E194D,L74V,0,2012,E194D,0,79,0,4,-0.35
R143K-T215Y,R143K,0,30,T215Y,0,7089,0,5,-0.35
K43Q-V75I,K43Q,0,888,V75I,0,548,0,15,-0.35
V189I-K219E,V189I,0,632,K219E,0,1432,0,38,-0.35
K70G-R211N,K70G,0,90,R211N,0,82,0,0,-0.35
A98S-T139A,A98S,0,1551,T139A,0,122,0,2,-0.35
S48T-K102R,S48T,0,392,K102R,0,641,0,3,-0.35
E203K-E204K,E203K,0,1147,E204K,0,134,0,2,-0.35
M41I-K46Q,M41I,0,10,K46Q,0,98,0,0,-0.35
P170S-I178M,P170S,0,34,I178M,0,1880,0,1,-0.35
I135V-T165L,I135V,0,1442,T165L,0,138,0,2,-0.35
K103R-F171Y,K103R,0,447,F171Y,0,121,0,0,-0.35
M184V-S191F,M184V,0,10518,S191F,0,14,0,5,-0.35
A62V-T69D,A62V,0,944,T69D,0,1500,0,42,-0.35
E44A-K70G,E44A,0,453,K70G,0,90,0,0,-0.35
T39A-Q145H,T39A,0,2649,Q145H,0,18,0,0,-0.35
M41L-F171L,M41L,0,7681,F171L,0,16,0,1,-0.35
K104N-I178L,K104N,0,127,I178L,0,1452,0,2,-0.35
E138A-D218E,E138A,0,510,D218E,0,1380,0,18,-0.35
Y144F-T200I,Y144F,0,23,T200I,0,1087,0,0,-0.35
A158S-Q174R,A158S,0,429,Q174R,0,536,0,5,-0.35
D67G-Q151M,D67G,0,550,Q151M,0,567,0,15,-0.35
V60I-P140T,V60I,0,3385,P140T,0,24,0,1,-0.35
K70R-R206I,K70R,0,3843,R206I,0,21,0,0,-0.35
K101P-Y188L,K101P,0,288,Y188L,1,965,1,10,-0.35
K104N-G196E,K104N,0,127,G196E,0,3706,0,16,-0.35
D67E-D123N,D67E,0,112,D123N,0,1089,0,3,-0.35
L74V-K104N,L74V,0,2012,K104N,0,127,0,8,-0.35
I135L-E203A,I135L,0,751,E203A,0,66,0,1,-0.35
I135T-Q222H,I135T,0,7903,Q222H,0,6,0,0,-0.35
K103N-E224G,K103N,1,7169,E224G,0,6,1,1,-0.35
R211N-K219Q,R211N,0,82,K219Q,0,2424,0,6,-0.35
K65R-L74I,K65R,0,582,L74I,0,1137,0,7,-0.35
Y181I-G190E,Y181I,1,136,G190E,1,89,1,2,-0.35
N175Y-K223Q,N175Y,0,102,K223Q,0,560,0,1,-0.35
K103N-T216P,K103N,1,7169,T216P,0,7,1,0,-0.35
Q174H-E203D,Q174H,0,252,E203D,0,911,0,4,-0.35
F116Y-I132L,F116Y,0,465,I132L,0,59,0,0,-0.35
T69D-L74V,T69D,0,1500,L74V,0,2012,0,226,-0.35
D177E-Q197E,D177E,0,4457,Q197E,0,310,0,47,-0.35
D177G-Q197P,D177G,0,324,Q197P,0,85,0,0,-0.35
V75T-T139R,V75T,0,291,T139R,0,136,0,1,-0.35
A98S-E194K,A98S,0,1551,E194K,0,65,0,1,-0.35
L210W-P225S,L210W,0,5245,P225S,0,9,0,0,-0.35
I178M-G196R,I178M,0,1880,G196R,0,101,0,7,-0.35
T165A-T215Y,T165A,0,18,T215Y,0,7089,0,3,-0.35
E42K-Y181C,E42K,0,19,Y181C,1,3013,1,1,-0.35
A98S-E203A,A98S,0,1551,E203A,0,66,0,2,-0.35
E44A-F214L,E44A,0,453,F214L,0,3429,0,14,-0.35
E169D-I178M,E169D,0,1236,I178M,0,1880,0,66,-0.35
D123N-Q207K,D123N,0,1089,Q207K,0,336,0,10,-0.35
V118I-P157S,V118I,0,4638,P157S,0,20,0,1,-0.35
E44A-V75I,E44A,0,453,V75I,0,548,0,1,-0.34
K70E-D123S,K70E,0,89,D123S,0,325,0,2,-0.34
K173E-D177E,K173E,0,307,D177E,0,4457,0,58,-0.34
K70R-K122Q,K70R,0,3843,K122Q,0,97,0,10,-0.34
W88C-D121Y,W88C,0,238,D121Y,0,539,0,1,-0.34
N137S-R211K,N137S,0,18,R211K,0,9546,0,5,-0.34
V106I-G196E,V106I,0,832,G196E,0,3706,0,127,-0.34
N136T-M184V,N136T,0,26,M184V,0,10518,0,10,-0.34
I159V-T215F,I159V,0,28,T215F,0,2076,0,1,-0.34
D67N-R143G,D67N,0,6284,R143G,0,8,0,1,-0.34
M41L-T58S,M41L,0,7681,T58S,0,16,0,3,-0.34
T39S-K122Q,T39S,0,154,K122Q,0,97,0,0,-0.34
I180V-I202V,I180V,0,109,I202V,0,2591,0,8,-0.34
I178M-Y188H,I178M,0,1880,Y188H,0,72,0,4,-0.34
D67G-K201R,D67G,0,550,K201R,0,58,0,0,-0.34
E138K-T215F,E138K,0,82,T215F,0,2076,0,7,-0.34
Y115F-D121Y,Y115F,0,419,D121Y,0,539,0,4,-0.34
Y115F-T215F,Y115F,0,419,T215F,0,2076,0,35,-0.34
K43E-E169D,K43E,0,1578,E169D,0,1236,0,59,-0.34
R83K-D177E,R83K,0,1800,D177E,0,4457,0,343,-0.34
K43E-S48E,K43E,0,1578,S48E,0,92,0,2,-0.34
M184I-I195T,M184I,0,278,I195T,0,65,0,0,-0.34
T107A-Q207E,T107A,0,18,Q207E,0,3342,0,2,-0.34
M184T-L210W,M184T,0,11,L210W,0,5245,0,0,-0.34
A98S-K201R,A98S,0,1551,K201R,0,58,0,1,-0.34
Q174K-Q197K,Q174K,0,691,Q197K,0,444,0,9,-0.34
D76N-M184I,D76N,0,22,M184I,0,278,0,0,-0.34
I178L-Y188C,I178L,0,1452,Y188C,1,39,1,0,-0.34
K49R-L74I,K49R,0,1558,L74I,0,1137,0,61,-0.34
S48E-V108I,S48E,0,92,V108I,0,1726,0,3,-0.34
T69D-D218E,T69D,0,1500,D218E,0,1380,0,198,-0.34
I47F-D177E,I47F,0,21,D177E,0,4457,0,3,-0.34
K46Q-V60I,K46Q,0,98,V60I,0,3385,0,11,-0.34
I135T-I167M,I135T,0,7903,I167M,0,12,0,1,-0.34
R78K-Y181C,R78K,0,26,Y181C,1,3013,1,0,-0.34
P176S-M184I,P176S,0,44,M184I,0,278,0,0,-0.34
M41K-K46Q,M41K,0,4,K46Q,0,98,0,0,-0.34
K103N-H208Y,K103N,1,7169,H208Y,0,2190,1,686,-0.34
R83K-T215F,R83K,0,1800,T215F,0,2076,0,73,-0.34
N136D-T215Y,N136D,0,8,T215Y,0,7089,0,1,-0.34
I159V-M184V,I159V,0,28,M184V,0,10518,0,9,-0.34
K101E-Y188L,K101E,0,1187,Y188L,1,965,1,37,-0.34
F87L-D123E,F87L,0,23,D123E,0,5031,0,2,-0.34
T131A-T215Y,T131A,0,10,T215Y,0,7089,0,0,-0.34
V60I-D186Y,V60I,0,3385,D186Y,0,12,0,0,-0.34
V179D-T215Y,V179D,0,411,T215Y,0,7089,0,94,-0.34
M41L-A62T,M41L,0,7681,A62T,0,7,0,0,-0.34
K64N-D123E,K64N,0,58,D123E,0,5031,0,8,-0.34
I135T-K220R,I135T,0,7903,K220R,0,11,0,3,-0.34
A62T-T215Y,A62T,0,7,T215Y,0,7089,0,0,-0.34
T139I-S162D,T139I,0,69,S162D,0,404,0,0,-0.34
Y181V-Y188L,Y181V,1,78,Y188L,1,965,1,3,-0.34
A98G-D177N,A98G,0,1210,D177N,0,405,0,14,-0.34
E44G-L74V,E44G,0,40,L74V,0,2012,0,0,-0.34
K43E-E204D,K43E,0,1578,E204D,0,218,0,3,-0.34
E79D-D123E,E79D,0,81,D123E,0,5031,0,12,-0.34
A98S-V106M,A98S,0,1551,V106M,1,164,1,7,-0.34
V106I-F116Y,V106I,0,832,F116Y,0,465,0,18,-0.34
K122E-T165A,K122E,0,9670,T165A,0,18,0,4,-0.34
E40F-I135T,E40F,0,200,I135T,0,7903,0,62,-0.34
E138Q-E203K,E138Q,0,149,E203K,0,1147,0,6,-0.34
T215Y-P217Q,T215Y,0,7089,P217Q,0,6,0,0,-0.34
S134C-I135T,S134C,0,17,I135T,0,7903,0,3,-0.34
V75M-D113N,V75M,0,1001,D113N,0,68,0,0,-0.34
I94L-S162C,I94L,0,190,S162C,0,2311,0,7,-0.34
M41L-I195T,M41L,0,7681,I195T,0,65,0,25,-0.34
T69N-I178V,T69N,0,1382,I178V,0,167,0,4,-0.34
V148L-T215Y,V148L,0,6,T215Y,0,7089,0,0,-0.33
Q145E-T215F,Q145E,0,14,T215F,0,2076,0,1,-0.33
V106A-D177E,V106A,1,285,D177E,0,4457,1,55,-0.33
K43E-Q151M,K43E,0,1578,Q151M,0,567,0,11,-0.33
S117A-L210W,S117A,0,20,L210W,0,5245,0,6,-0.33
T139I-V179I,T139I,0,69,V179I,0,2265,0,4,-0.33
S117T-T215Y,S117T,0,6,T215Y,0,7089,0,0,-0.33
S68N-T215Y,S68N,0,116,T215Y,0,7089,0,24,-0.33
S162C-I178M,S162C,0,2311,I178M,0,1880,0,165,-0.33
I135T-I142T,I135T,0,7903,I142T,0,584,0,200,-0.33
R83G-K103N,R83G,0,20,K103N,1,7169,1,4,-0.33
E44D-K166I,E44D,0,2258,K166I,0,43,0,1,-0.33
K103N-S134G,K103N,1,7169,S134G,0,41,1,8,-0.33
T39K-S162C,T39K,0,222,S162C,0,2311,0,14,-0.33
H221Y-P225H,H221Y,0,1103,P225H,0,1000,0,34,-0.33
K104R-D177E,K104R,0,312,D177E,0,4457,0,53,-0.33
K70R-N175H,K70R,0,3843,N175H,0,68,0,7,-0.33
S134C-R211K,S134C,0,17,R211K,0,9546,0,5,-0.33
A98G-E194K,A98G,0,1210,E194K,0,65,0,1,-0.33
D177N-Q197K,D177N,0,405,Q197K,0,444,0,6,-0.33
V106M-V108I,V106M,1,164,V108I,0,1726,1,9,-0.33
T84A-M184V,T84A,0,3,M184V,0,10518,0,0,-0.33
T107S-V118I,T107S,0,69,V118I,0,4638,0,19,-0.33
E169D-D177N,E169D,0,1236,D177N,0,405,0,16,-0.33
K103N-I195T,K103N,1,7169,I195T,0,65,1,19,-0.33
A158S-D177N,A158S,0,429,D177N,0,405,0,4,-0.33
D86E-I135V,D86E,0,93,I135V,0,1442,0,7,-0.33
M41L-K64N,M41L,0,7681,K64N,0,58,0,19,-0.33
M41L-I132V,M41L,0,7681,I132V,0,37,0,7,-0.33
K70G-R211K,K70G,0,90,R211K,0,9546,0,32,-0.33
Y188L-E204Q,Y188L,1,965,E204Q,0,116,1,1,-0.33
T69I-T215Y,T69I,0,84,T215Y,0,7089,0,14,-0.33
I202V-Q207E,I202V,0,2591,Q207E,0,3342,0,313,-0.33
M41L-Y188C,M41L,0,7681,Y188C,1,39,1,5,-0.33
I142T-E203K,I142T,0,584,E203K,0,1147,0,19,-0.33
T139R-T200A,T139R,0,136,T200A,0,5337,0,28,-0.33
R211T-D218N,R211T,0,363,D218N,0,6,0,0,-0.33
L210S-T215F,L210S,0,160,T215F,0,2076,0,10,-0.33
V60I-G196R,V60I,0,3385,G196R,0,101,0,10,-0.33
E169D-R211T,E169D,0,1236,R211T,0,363,0,11,-0.33
K126R-R211K,K126R,0,8,R211K,0,9546,0,2,-0.33
T58N-K65R,T58N,0,51,K65R,0,582,0,15,-0.33
V111M-Y188L,V111M,0,57,Y188L,1,965,1,0,-0.33
A158S-S162C,A158S,0,429,S162C,0,2311,0,33,-0.33
T165I-T215F,T165I,0,547,T215F,0,2076,0,43,-0.33
I132L-K219N,I132L,0,59,K219N,0,936,0,2,-0.33
I135T-S163G,I135T,0,7903,S163G,0,10,0,4,-0.33
M184V-L187F,M184V,0,10518,L187F,0,8,0,1,-0.33
Q174H-E204K,Q174H,0,252,E204K,0,134,0,0,-0.33
M41L-I159V,M41L,0,7681,I159V,0,28,0,3,-0.33
A98G-K103S,A98G,0,1210,K103S,1,445,1,30,-0.33
M184V-I195T,M184V,0,10518,I195T,0,65,0,34,-0.33
I47N-V60I,I47N,0,20,V60I,0,3385,0,0,-0.33
W88R-M184V,W88R,0,8,M184V,0,10518,0,5,-0.33
A62V-R83K,A62V,0,944,R83K,0,1800,0,55,-0.33
I178L-G190S,I178L,0,1452,G190S,1,575,1,33,-0.33
R83K-D123S,R83K,0,1800,D123S,0,325,0,6,-0.33
A98S-S162Y,A98S,0,1551,S162Y,0,604,0,37,-0.33
L74V-Y188L,L74V,0,2012,Y188L,1,965,1,78,-0.33
T107P-D177E,T107P,0,28,D177E,0,4457,0,3,-0.33
I50L-R211K,I50L,0,8,R211K,0,9546,0,1,-0.33
I135T-Q151M,I135T,0,7903,Q151M,0,567,0,215,-0.33
E40F-K64R,E40F,0,200,K64R,0,538,0,3,-0.33
D67N-V148L,D67N,0,6284,V148L,0,6,0,0,-0.33
D123N-G196K,D123N,0,1089,G196K,0,97,0,2,-0.33
K103S-I178V,K103S,1,445,I178V,0,167,1,1,-0.33
K70R-E79D,K70R,0,3843,E79D,0,81,0,10,-0.33
T107A-Y181C,T107A,0,18,Y181C,1,3013,1,1,-0.33
E40F-F214L,E40F,0,200,F214L,0,3429,0,3,-0.33
I142V-A158S,I142V,0,2050,A158S,0,429,0,29,-0.33
K103R-P176S,K103R,0,447,P176S,0,44,0,0,-0.33
S163T-H221Y,S163T,0,99,H221Y,0,1103,0,2,-0.33
K122E-P157A,K122E,0,9670,P157A,0,36,0,13,-0.33
V75T-H208Y,V75T,0,291,H208Y,0,2190,0,41,-0.33
K49R-T69N,K49R,0,1558,T69N,0,1382,0,79,-0.33
T39A-Q197P,T39A,0,2649,Q197P,0,85,0,5,-0.33
E44D-V75I,E44D,0,2258,V75I,0,548,0,23,-0.33
S134R-T215F,S134R,0,28,T215F,0,2076,0,2,-0.33
D123S-H208Y,D123S,0,325,H208Y,0,2190,0,23,-0.33
I167V-F214M,I167V,0,159,F214M,0,9,0,0,-0.33
T139A-T215Y,T139A,0,122,T215Y,0,7089,0,25,-0.33
F77L-L100I,F77L,0,530,L100I,0,1048,0,21,-0.33
M184V-D185G,M184V,0,10518,D185G,0,10,0,2,-0.33
K104N-I135L,K104N,0,127,I135L,0,751,0,3,-0.33
V75T-I135T,V75T,0,291,I135T,0,7903,0,93,-0.33
T84P-T215F,T84P,0,12,T215F,0,2076,0,0,-0.33
V108I-S162D,V108I,0,1726,S162D,0,404,0,53,-0.33
V108I-Y188H,V108I,0,1726,Y188H,0,72,0,4,-0.33
K122E-A129G,K122E,0,9670,A129G,0,4,0,0,-0.33
K104N-Q174R,K104N,0,127,Q174R,0,536,0,0,-0.33
I178M-Y181C,I178M,0,1880,Y181C,1,3013,1,219,-0.33
G190S-D218E,G190S,1,575,D218E,0,1380,1,56,-0.33
T139R-E169D,T139R,0,136,E169D,0,1236,0,4,-0.33
M41L-Q145E,M41L,0,7681,Q145E,0,14,0,1,-0.33
E40K-E44D,E40K,0,45,E44D,0,2258,0,4,-0.33
E169K-G190A,E169K,0,38,G190A,1,2628,1,2,-0.33
K102E-K103S,K102E,0,66,K103S,1,445,1,1,-0.33
K201I-F214L,K201I,0,29,F214L,0,3429,0,0,-0.33
M41L-I50L,M41L,0,7681,I50L,0,8,0,0,-0.33
T84P-T215Y,T84P,0,12,T215Y,0,7089,0,2,-0.33
K43E-I135T,K43E,0,1578,I135T,0,7903,0,543,-0.33
T58N-T215F,T58N,0,51,T215F,0,2076,0,1,-0.32
K64N-T215Y,K64N,0,58,T215Y,0,7089,0,12,-0.32
L100I-P225H,L100I,0,1048,P225H,0,1000,0,46,-0.32
V60M-D123E,V60M,0,9,D123E,0,5031,0,0,-0.32
K103S-S162C,K103S,1,445,S162C,0,2311,1,30,-0.32
D123N-G190S,D123N,0,1089,G190S,1,575,1,23,-0.32
K104N-I135V,K104N,0,127,I135V,0,1442,0,5,-0.32
S68G-K219Q,S68G,0,1572,K219Q,0,2424,0,95,-0.32
N137T-T215Y,N137T,0,7,T215Y,0,7089,0,2,-0.32
E204K-T215Y,E204K,0,134,T215Y,0,7089,0,28,-0.32
S162C-S163T,S162C,0,2311,S163T,0,99,0,4,-0.32
K166R-E203A,K166R,0,1428,E203A,0,66,0,4,-0.32
Q145E-T215S,Q145E,0,14,T215S,0,244,0,0,-0.32
E44A-Y115F,E44A,0,453,Y115F,0,419,0,1,-0.32
F77L-H208Y,F77L,0,530,H208Y,0,2190,0,59,-0.32
D67E-M184T,D67E,0,112,M184T,0,11,0,0,-0.32
K65R-T215S,K65R,0,582,T215S,0,244,0,6,-0.32
Y188H-Q207E,Y188H,0,72,Q207E,0,3342,0,7,-0.32
K49E-S162Y,K49E,0,20,S162Y,0,604,0,0,-0.32
D177N-Y181C,D177N,0,405,Y181C,1,3013,1,47,-0.32
M184T-R211N,M184T,0,11,R211N,0,82,0,0,-0.32
K103N-D192E,K103N,1,7169,D192E,0,8,1,1,-0.32
E40D-F116Y,E40D,0,196,F116Y,0,465,0,0,-0.32
M41L-K70G,M41L,0,7681,K70G,0,90,0,19,-0.32
F77L-I132L,F77L,0,530,I132L,0,59,0,0,-0.32
K66R-M184T,K66R,0,40,M184T,0,11,0,0,-0.32
K103N-P176Q,K103N,1,7169,P176Q,0,31,1,8,-0.32
E138Q-K223E,E138Q,0,149,K223E,0,425,0,0,-0.32
E44D-K65R,E44D,0,2258,K65R,0,582,0,5,-0.32
E40K-G190A,E40K,0,45,G190A,1,2628,1,4,-0.32
S162C-H208Y,S162C,0,2311,H208Y,0,2190,0,175,-0.32
P157S-T215Y,P157S,0,20,T215Y,0,7089,0,5,-0.32
A158T-K219Q,A158T,0,34,K219Q,0,2424,0,1,-0.32
I135T-I159V,I135T,0,7903,I159V,0,28,0,5,-0.32
V106A-D177G,V106A,1,285,D177G,0,324,1,2,-0.32
K101P-E203K,K101P,0,288,E203K,0,1147,0,14,-0.32
