double_mutation_pairs,ddE,either_pos_DRAP,either_mut_DRM,both_mut_DRM
F116Y-Q151M,4.38,False,False,False
M41L-T215Y,3.44,False,False,False
V75M-F77L,3.36,False,False,False
K101E-G190S,3.3,True,True,True
E203K-K223E,3.19,False,False,False
K173T-Q174K,3.17,False,False,False
E169K-K173E,3.04,False,False,False
K43E-E44A,2.91,False,False,False
V75I-I132L,2.9,True,False,False
K70R-K219E,2.77,False,False,False
D67N-K219Q,2.73,False,False,False
Q207K-R211N,2.72,False,False,False
K70R-K219Q,2.72,False,False,False
L210W-T215Y,2.7,False,False,False
F116Y-Q151L,2.68,False,False,False
K103R-V179D,2.64,True,True,True
K101E-G190A,2.64,True,True,True
K103N-P225H,2.64,True,True,True
K65R-S68N,2.63,False,False,False
L100I-K103N,2.59,True,True,True
Q174K-N175Y,2.57,False,False,False
V75I-F77L,2.53,False,False,False
M41L-T215F,2.48,False,False,False
D67G-K219E,2.42,False,False,False
D121Y-K122E,2.41,False,False,False
D67N-K219E,2.38,False,False,False
K101P-K103S,2.35,True,True,True
Q207K-R211T,2.34,False,False,False
D121H-K122E,2.32,False,False,False
L210W-T215S,2.28,False,False,False
M41L-T215S,2.27,False,False,False
E40F-K43E,2.24,False,False,False
T39K-K43E,2.21,False,False,False
D67N-K70R,2.21,False,False,False
D218E-K219Q,2.18,False,False,False
D67G-K219Q,2.16,False,False,False
L74V-Y115F,2.13,False,False,False
D67G-K70R,2.13,False,False,False
L74V-L100I,2.04,True,True,False
A62V-V75I,2.04,False,False,False
K101Q-G190S,2.03,True,True,True
F116Y-Q151R,1.99,False,False,False
D67G-T69D,1.97,False,False,False
A62V-V75T,1.95,False,False,False
V106M-V179D,1.94,True,True,True
V118I-F214L,1.91,False,False,False
K49R-E169K,1.9,False,False,False
K49R-I50V,1.89,False,False,False
V75I-Q151M,1.87,False,False,False
K102E-Y188L,1.82,True,True,False
K122E-D123N,1.79,False,False,False
E203K-K223T,1.77,False,False,False
V75I-F116Y,1.77,False,False,False
S68G-T69I,1.77,False,False,False
Y181C-H221Y,1.76,True,True,True
L74I-V75T,1.75,False,False,False
F116H-Q151M,1.72,False,False,False
K103S-G190A,1.72,True,True,True
K122E-D123S,1.71,False,False,False
K173Q-Q174K,1.71,False,False,False
D67G-K70G,1.7,False,False,False
F77L-Q151M,1.7,False,False,False
K49R-E169D,1.7,False,False,False
K65R-S68R,1.69,False,False,False
N175H-K201I,1.67,False,False,False
E44D-L210S,1.66,False,False,False
E203K-K223Q,1.66,False,False,False
D67N-K70G,1.66,False,False,False
K43R-E44A,1.66,False,False,False
K103S-P225H,1.65,True,True,True
T215F-K219E,1.63,False,False,False
D177E-I178V,1.63,False,False,False
E194Q-G196E,1.61,False,False,False
E203A-K223E,1.59,False,False,False
K103R-P225H,1.58,True,True,True
K65R-S68G,1.58,False,False,False
K73M-V75M,1.58,False,False,False
D67G-S68G,1.57,False,False,False
E203K-Q207E,1.57,False,False,False
H208Y-W212M,1.57,False,False,False
D67G-K219N,1.56,False,False,False
M41L-L210W,1.56,False,False,False
K70G-K219Q,1.56,False,False,False
V106I-Y188L,1.55,True,True,True
D67N-T69D,1.55,False,False,False
Q197K-T200E,1.53,False,False,False
K122Q-D123N,1.53,False,False,False
Q207A-R211N,1.52,False,False,False
F77L-F116Y,1.51,False,False,False
T200E-E204D,1.51,False,False,False
K73M-V75T,1.51,False,False,False
M41I-T215Y,1.5,False,False,False
K122P-D177E,1.49,False,False,False
L100I-K103R,1.49,True,True,True
V108I-H221Y,1.49,True,True,True
K103S-D192N,1.48,True,True,False
V90I-S162Y,1.47,True,True,False
D67G-K70E,1.45,False,False,False
L74V-G190E,1.44,True,True,False
K65R-Y181C,1.43,True,True,False
