wildtype_aa1	pos1	mutate_aa1	wildtype_aa2	pos2	mutate_aa2	ddE	Mutant_MSA_frequency1(based_on_unreduced)	Mutant_MSA_frequency2(based_on_unreduced)	Unreduced_DRM_with_freq_lt_0.01
C	140	D	D	148	B	8.50879	0.19918032786885245	0.1860655737704918	C140D;D148B
D	143	A	D	230	C	6.37754	0.023770491803278688	0.022950819672131147	D143A;D230C
B	157	A	D	160	B	6.0882	0.06475409836065574		B157A;
C	140	A	D	148	A	5.61299	0.011475409836065573	0.004918032786885246	C140A;D148A
C	140	D	D	148	C	5.2042	0.19918032786885245	0.05081967213114754	C140D;D148C
C	140	D	D	148	A	5.18354	0.19918032786885245	0.004918032786885246	C140D;D148A
C	140	A	D	148	C	4.91495	0.011475409836065573	0.05081967213114754	C140A;D148C
D	138	A	D	148	A	4.90052	0.03278688524590164	0.004918032786885246	D138A;D148A
C	140	A	D	148	B	3.75478	0.011475409836065573	0.1860655737704918	C140A;D148B
B	157	A	D	160	A	3.74083	0.06475409836065574		B157A;
D	143	B	D	230	C	3.7007	0.000819672131147541	0.022950819672131147	D143B;D230C
D	72	C	A	74	B	3.62676		0.04016393442622951	A74B
D	138	A	D	148	C	3.5258	0.03278688524590164	0.05081967213114754	D138A;D148C
C	140	B	B	147	A	-1.95662	0.005737704918032787	0.013114754098360656	C140B;B147A
C	156	A	A	163	C	-1.98524		0.012295081967213115	A163C
C	140	D	D	143	C	-1.9985	0.19918032786885245	0.05491803278688524	C140D;D143C
D	119	B	A	163	C	-2.00689		0.012295081967213115	A163C
D	39	A	D	148	C	-2.02423		0.05081967213114754	D148C
D	148	C	A	155	C	-2.03277	0.05081967213114754	0.19836065573770492	D148C;A155C
D	143	C	D	148	B	-2.04878	0.05491803278688524	0.1860655737704918	D143C;D148B
C	122	B	C	232	D	-2.05584		0.03278688524590164	C232D
C	140	D	B	147	A	-2.10001	0.19918032786885245	0.013114754098360656	C140D;B147A
C	140	D	A	155	C	-2.12024	0.19918032786885245	0.19836065573770492	C140D;A155C
D	148	B	A	155	C	-2.2372	0.1860655737704918	0.19836065573770492	D148B;A155C
B	151	A	A	155	C	-2.26538		0.19836065573770492	A155C
D	143	C	A	155	C	-2.31686	0.05491803278688524	0.19836065573770492	D143C;A155C
