mutation_pair,epistasis_subset,num_seqs,average_p,actual_f,weighted_average_p,weighted_actual_f
G140S-Q148H,Total,1220,0.1942,0.1811,0.1918,0.1954
G140S-Q148H,Gain_of_function,182,0.6514,0.6703,0.6583,0.6936
G140S-Q148H,rescue,900,0.1314,0.11,0.1246,0.1221
G140S-Q148H,compensatory,105,0.0007002,0,0.0007153,0
G140S-Q148H,non_compensatory,33,4.968e-05,0,4.999e-05,0
Y143C-S230R,Total,1220,0.01881,0.01803,0.02012,0.02048
Y143C-S230R,Gain_of_function,25,0.5839,0.64,0.5958,0.6531
Y143C-S230R,rescue,241,0.02677,0.02075,0.02462,0.02199
Y143C-S230R,compensatory,365,0.004954,0.00274,0.00298,0.001184
Y143C-S230R,non_compensatory,589,0.0001452,0,0.0001362,0
G140A-Q148K,Total,1220,0.003079,0.003279,0.003648,0.004028
G140A-Q148K,Gain_of_function,5,0.6291,0.8,0.6291,0.8
G140A-Q148K,rescue,16,0.01221,0,0.01112,0
G140A-Q148K,compensatory,167,0.002181,0,0.002139,0
G140A-Q148K,non_compensatory,1032,4.968e-05,0,4.691e-05,0
G140S-Q148R,Total,1220,0.0164,0.01557,0.01668,0.01528
G140S-Q148R,Gain_of_function,19,0.3795,0.4211,0.3878,0.4404
G140S-Q148R,rescue,234,0.03279,0.04701,0.03076,0.03905
G140S-Q148R,compensatory,472,0.01042,0,0.01031,0
G140S-Q148R,non_compensatory,495,0.0004042,0,0.0003636,0
G140S-Q148K,Total,1220,0.002535,0.001639,0.002591,0.002014
G140S-Q148K,Gain_of_function,5,0.3238,0.4,0.3238,0.4
G140S-Q148K,rescue,35,0.02326,0,0.0139,0
G140S-Q148K,compensatory,319,0.001713,0,0.002043,0
G140S-Q148K,non_compensatory,861,0.0001314,0,0.0001215,0
G140A-Q148R,Total,1220,0.008525,0.008197,0.008793,0.009399
G140A-Q148R,Gain_of_function,16,0.4586,0.4375,0.4544,0.4524
G140A-Q148R,rescue,37,0.03527,0.05405,0.03347,0.06316
G140A-Q148R,compensatory,546,0.003031,0.001832,0.002891,0.00236
G140A-Q148R,non_compensatory,621,0.0001663,0,0.0001627,0
E138K-Q148K,Total,1220,0.002656,0.003279,0.003167,0.004028
E138K-Q148K,Gain_of_function,13,0.1982,0.2308,0.2089,0.2432
E138K-Q148K,rescue,31,0.001396,0,0.001695,0
E138K-Q148K,compensatory,362,0.001497,0.002762,0.001607,0.003447
E138K-Q148K,non_compensatory,814,9.678e-05,0,9.42e-05,0
G140A-Q148H,Total,1220,0.0006287,0,0.0006567,0
G140A-Q148H,Gain_of_function,4,0.001254,0,0.001254,0
G140A-Q148H,rescue,4,0.007959,0,0.00945,0
G140A-Q148H,compensatory,260,0.001767,0,0.001873,0
G140A-Q148H,non_compensatory,952,0.0002844,0,0.0002774,0
E138K-Q148R,Total,1220,0.01941,0.01803,0.01811,0.01762
E138K-Q148R,Gain_of_function,29,0.6008,0.6207,0.5547,0.5811
E138K-Q148R,rescue,13,0.1066,0.1538,0.06802,0.1987
E138K-Q148R,compensatory,361,0.01222,0.00554,0.01094,0.003891
E138K-Q148R,non_compensatory,817,0.0005661,0,0.0005157,0
Y143C-S230K,Total,1220,0.0008582,0.0008197,0.001042,0.001007
Y143C-S230K,Gain_of_function,1,0.9707,1,0.9707,1
Y143C-S230K,rescue,1,0.01423,0,0.01423,0
Y143C-S230K,compensatory,57,0.0005215,0,0.0005695,0
Y143C-S230K,non_compensatory,1161,2.787e-05,0,2.588e-05,0
