mutation_pair,epistasis_subset,num_seqs,num_with_DMC,average_p_total,observed_f_total,average_p_subcategory,observed_f_subcategory,,weights_sum,weights_sum_with_DMC,weighted_average_p_total,weighted_observed_f_total,weighted_average_p_subcategory,weighted_observed_f_subcategory
D30N-N88D,Total,5710,247,0.0427,0.0433,0.0427,0.0433,,4650.0000,212.2000,0.0429,0.0456,0.0429,0.0456
D30N-N88D,Gain_of_function,117,69,0.0122,0.0121,0.5945,0.5897,,94.5833,59.0000,0.0122,0.0127,0.6011,0.6238
D30N-N88D,rescue,923,137,0.0198,0.0240,0.1226,0.1484,,761.5667,116.8667,0.0201,0.0251,0.1225,0.1535
D30N-N88D,compensatory,2746,40,0.0105,0.0070,0.0218,0.0146,,2256.9510,35.3333,0.0103,0.0076,0.0213,0.0157
D30N-N88D,non_compensatory,1924,1,0.0003,0.0002,0.0008,0.0005,,1536.8990,1.0000,0.0003,0.0002,0.0008,0.0007

D30N-N88D,flipped,2068,35,0.0054,0.0061,0.0149,0.0169,,1702.9510,28.0000,0.0054,0.0060,0.0148,0.0164
D30N-N88D,non_flipped,3642,212,0.0373,0.0371,0.0585,0.0582,,2947.0490,184.2000,0.0374,0.0396,0.0591,0.0591

V32I-I47V,Total,5710,156,0.0264,0.0273,0.0264,0.0273,,4650.0000,144.0000,0.0288,0.0310,0.0288,0.0310
V32I-I47V,Gain_of_function,105,69,0.0132,0.0121,0.7190,0.6571,,97.0000,67.5000,0.0150,0.0145,0.7201,0.6959
V32I-I47V,rescue,206,43,0.0056,0.0075,0.1544,0.2087,,175.0869,37.6667,0.0060,0.0081,0.1580,0.2151
V32I-I47V,compensatory,920,33,0.0061,0.0058,0.0380,0.0359,,752.7384,28.8333,0.0064,0.0062,0.0395,0.0383
V32I-I47V,non_compensatory,4479,11,0.0015,0.0019,0.0019,0.0025,,3625.1747,10.0000,0.0015,0.0022,0.0019,0.0028

V32I-I47V,flipped,2351,56,0.0086,0.0098,0.0209,0.0238,,1963.2446,53.3333,0.0096,0.0115,0.0228,0.0272
V32I-I47V,non_flipped,3359,100,0.0178,0.0175,0.0303,0.0298,,2686.7554,90.6667,0.0192,0.0195,0.0333,0.0333

G48V-I54A,Total,5710,106,0.0200,0.0186,0.0200,0.0186,,4650.0000,88.9667,0.0195,0.0191,0.0195,0.0191
G48V-I54A,Gain_of_function,131,72,0.0111,0.0126,0.4839,0.5496,,107.1238,59.6238,0.0112,0.0128,0.4870,0.5566
G48V-I54A,rescue,436,28,0.0062,0.0049,0.0816,0.0642,,338.9755,24.2000,0.0057,0.0052,0.0788,0.0714
G48V-I54A,compensatory,968,6,0.0025,0.0011,0.0145,0.0062,,795.4782,5.1429,0.0023,0.0011,0.0133,0.0065
G48V-I54A,non_compensatory,4175,0,0.0002,0.0000,0.0003,0.0000,,3408.4224,0.0000,0.0002,0.0000,0.0003,0.0000

G48V-I54A,flipped,2104,77,0.0134,0.0135,0.0365,0.0366,,1743.5156,65.9333,0.0136,0.0142,0.0364,0.0378
G48V-I54A,non_flipped,3606,29,0.0066,0.0051,0.0104,0.0080,,2906.4844,23.0333,0.0058,0.0050,0.0093,0.0093

D30N-K45Q,Total,5710,17,0.0023,0.0030,0.0023,0.0030,,4650.0000,14.5000,0.0025,0.0031,0.0025,0.0031
D30N-K45Q,Gain_of_function,4,4,0.0005,0.0007,0.7554,1.0000,,4.0000,4.0000,0.0006,0.0009,0.7554,1.0000
D30N-K45Q,rescue,3,1,0.0001,0.0002,0.1397,0.3333,,3.0000,1.0000,0.0001,0.0002,0.1397,0.3333
D30N-K45Q,compensatory,1801,12,0.0015,0.0021,0.0048,0.0067,,1447.8165,9.5000,0.0016,0.0020,0.0050,0.0066
D30N-K45Q,non_compensatory,3902,0,0.0002,0.0000,0.0003,0.0000,,3195.1835,0.0000,0.0002,0.0000,0.0003,0.0000

D30N-K45Q,flipped,201,2,0.0003,0.0004,0.0095,0.0100,,180.4038,2.0000,0.0004,0.0004,0.0105,0.0111
D30N-K45Q,non_flipped,5509,15,0.0019,0.0026,0.0020,0.0027,,4469.5962,12.5000,0.0021,0.0027,0.0021,0.0021

I54A-V82A,Total,5710,125,0.0227,0.0219,0.0227,0.0219,,4650.0000,102.8000,0.0222,0.0221,0.0222,0.0221
I54A-V82A,Gain_of_function,121,76,0.0116,0.0133,0.5485,0.6281,,93.5308,59.9667,0.0114,0.0129,0.5651,0.6411
I54A-V82A,rescue,447,39,0.0074,0.0068,0.0951,0.0872,,379.1093,36.0000,0.0073,0.0077,0.0893,0.0950
I54A-V82A,compensatory,2215,10,0.0035,0.0018,0.0090,0.0045,,1780.6575,6.8333,0.0034,0.0015,0.0089,0.0038
I54A-V82A,non_compensatory,2927,0,0.0002,0.0000,0.0004,0.0000,,2396.7024,0.0000,0.0002,0.0000,0.0004,0.0000

I54A-V82A,flipped,287,25,0.0039,0.0044,0.0769,0.0871,,253.5643,21.0714,0.0040,0.0045,0.0727,0.0831
I54A-V82A,non_flipped,5423,100,0.0189,0.0175,0.0199,0.0184,,4396.4357,81.7286,0.0183,0.0176,0.0193,0.0193

I54V-V82A,Total,5710,877,0.1455,0.1536,0.1455,0.1536,,4650.0000,680.6422,0.1449,0.1464,0.1449,0.1464
I54V-V82A,Gain_of_function,1065,619,0.1075,0.1084,0.5763,0.5812,,862.6434,495.0538,0.1079,0.1065,0.5818,0.5739
I54V-V82A,rescue,673,139,0.0213,0.0243,0.1806,0.2065,,537.2391,105.1095,0.0207,0.0226,0.1791,0.1956
I54V-V82A,compensatory,1475,105,0.0140,0.0184,0.0541,0.0712,,1213.5234,71.8503,0.0136,0.0155,0.0521,0.0592
I54V-V82A,non_compensatory,2497,14,0.0027,0.0025,0.0063,0.0056,,2036.5940,8.6286,0.0027,0.0019,0.0062,0.0042

I54V-V82A,flipped,1718,264,0.0489,0.0462,0.1626,0.1537,,1451.7155,219.7286,0.0504,0.0473,0.1615,0.1514
I54V-V82A,non_flipped,3992,613,0.0966,0.1074,0.1382,0.1536,,3198.2845,460.9136,0.0945,0.0991,0.1374,0.1374

M46I-L76V,Total,5710,151,0.0237,0.0264,0.0237,0.0264,,4650.0000,120.1429,0.0245,0.0258,0.0245,0.0258
M46I-L76V,Gain_of_function,76,44,0.0060,0.0077,0.4473,0.5789,,65.8333,39.8333,0.0064,0.0086,0.4507,0.6051
M46I-L76V,rescue,37,9,0.0012,0.0016,0.1824,0.2432,,31.4833,7.3333,0.0012,0.0016,0.1844,0.2329
M46I-L76V,compensatory,3348,95,0.0159,0.0166,0.0271,0.0284,,2727.8012,72.2262,0.0162,0.0155,0.0277,0.0265
M46I-L76V,non_compensatory,2249,3,0.0007,0.0005,0.0017,0.0013,,1824.8821,0.7500,0.0007,0.0002,0.0017,0.0004

M46I-L76V,flipped,22,3,0.0005,0.0005,0.1339,0.1364,,16.8000,2.0000,0.0005,0.0004,0.1273,0.1190
M46I-L76V,non_flipped,5688,148,0.0232,0.0259,0.0233,0.0260,,4633.2000,118.1429,0.0241,0.0254,0.0242,0.0242

I54V-V82T,Total,5710,235,0.0404,0.0412,0.0404,0.0412,,4650.0000,192.0833,0.0409,0.0413,0.0409,0.0413
I54V-V82T,Gain_of_function,89,36,0.0062,0.0063,0.3948,0.4045,,73.4333,28.8000,0.0063,0.0062,0.3968,0.3922
I54V-V82T,rescue,1247,144,0.0231,0.0252,0.1059,0.1155,,1015.9163,118.2500,0.0233,0.0254,0.1067,0.1164
I54V-V82T,compensatory,1019,39,0.0088,0.0068,0.0492,0.0383,,832.4255,32.3667,0.0090,0.0070,0.0504,0.0389
I54V-V82T,non_compensatory,3355,16,0.0024,0.0028,0.0040,0.0048,,2728.2248,12.6667,0.0023,0.0027,0.0039,0.0046

I54V-V82T,flipped,3033,156,0.0288,0.0273,0.0541,0.0514,,2509.0893,128.5833,0.0299,0.0277,0.0554,0.0512
I54V-V82T,non_flipped,2677,79,0.0117,0.0138,0.0249,0.0295,,2140.9107,63.5000,0.0110,0.0137,0.0239,0.0239

I54A-V82T,Total,5710,25,0.0050,0.0044,0.0050,0.0044,,4650.0000,22.8333,0.0049,0.0049,0.0049,0.0049
I54A-V82T,Gain_of_function,3,3,0.0002,0.0005,0.3709,1.0000,,3.0000,3.0000,0.0002,0.0006,0.3709,1.0000
I54A-V82T,rescue,406,21,0.0037,0.0037,0.0516,0.0517,,340.7115,18.8333,0.0035,0.0041,0.0483,0.0553
I54A-V82T,compensatory,1143,1,0.0009,0.0002,0.0046,0.0009,,910.3779,1.0000,0.0009,0.0002,0.0046,0.0011
I54A-V82T,non_compensatory,4158,0,0.0003,0.0000,0.0003,0.0000,,3395.9105,0.0000,0.0003,0.0000,0.0003,0.0000

I54A-V82T,flipped,313,12,0.0019,0.0021,0.0343,0.0383,,276.3262,11.5000,0.0021,0.0025,0.0346,0.0416
I54A-V82T,non_flipped,5397,13,0.0032,0.0023,0.0034,0.0024,,4373.6738,11.3333,0.0029,0.0024,0.0031,0.0031

G48V-V82A,Total,5710,249,0.0406,0.0436,0.0406,0.0436,,4650.0000,185.6192,0.0395,0.0399,0.0395,0.0399
G48V-V82A,Gain_of_function,176,130,0.0188,0.0228,0.6105,0.7386,,143.2738,108.7738,0.0190,0.0234,0.6153,0.7592
G48V-V82A,rescue,22,11,0.0010,0.0019,0.2527,0.5000,,15.3000,5.3000,0.0007,0.0011,0.2198,0.3464
G48V-V82A,compensatory,2040,95,0.0198,0.0166,0.0555,0.0466,,1648.5103,64.6608,0.0188,0.0139,0.0530,0.0392
G48V-V82A,non_compensatory,3472,13,0.0010,0.0023,0.0017,0.0037,,2842.9158,6.8846,0.0010,0.0015,0.0017,0.0024

G48V-V82A,flipped,111,14,0.0011,0.0025,0.0551,0.1261,,99.2500,12.5000,0.0012,0.0027,0.0577,0.1259
G48V-V82A,non_flipped,5599,235,0.0396,0.0412,0.0403,0.0420,,4550.7500,173.1192,0.0383,0.0372,0.0391,0.0391

I54A-A71I,Total,5710,13,0.0022,0.0023,0.0022,0.0023,,4650.0000,12.5000,0.0022,0.0027,0.0022,0.0027
I54A-A71I,Gain_of_function,0,0,0.0000,0.0000,0.0000,0.0000,,0.0000,0.0000,0.0000,0.0000,0.0000,0.0000
I54A-A71I,rescue,290,7,0.0012,0.0012,0.0230,0.0241,,252.7762,7.0000,0.0012,0.0015,0.0220,0.0277
I54A-A71I,compensatory,1245,6,0.0009,0.0011,0.0043,0.0048,,1008.0633,5.5000,0.0009,0.0012,0.0041,0.0055
I54A-A71I,non_compensatory,4175,0,0.0001,0.0000,0.0002,0.0000,,3389.1605,0.0000,0.0001,0.0000,0.0002,0.0000

I54A-A71I,flipped,1636,12,0.0018,0.0021,0.0064,0.0073,,1313.2200,11.5000,0.0018,0.0025,0.0063,0.0088
I54A-A71I,non_flipped,4074,1,0.0004,0.0002,0.0005,0.0002,,3336.7800,1.0000,0.0004,0.0002,0.0006,0.0006

M46I-N88T,Total,5710,14,0.0017,0.0025,0.0017,0.0025,,4650.0000,9.6667,0.0017,0.0021,0.0017,0.0021
M46I-N88T,Gain_of_function,3,3,0.0003,0.0005,0.5048,1.0000,,3.0000,3.0000,0.0003,0.0006,0.5048,1.0000
M46I-N88T,rescue,0,0,0.0000,0.0000,0.0000,0.0000,,0.0000,0.0000,0.0000,0.0000,0.0000,0.0000
M46I-N88T,compensatory,2886,8,0.0013,0.0014,0.0026,0.0028,,2362.7279,3.6667,0.0013,0.0008,0.0025,0.0016
M46I-N88T,non_compensatory,2821,3,0.0001,0.0005,0.0003,0.0011,,2284.2721,3.0000,0.0001,0.0006,0.0003,0.0013

M46I-N88T,flipped,7,0,0.0000,0.0000,0.0063,0.0000,,6.3333,0.0000,0.0000,0.0000,0.0070,0.0000
M46I-N88T,non_flipped,5703,14,0.0017,0.0025,0.0017,0.0025,,4643.6667,9.6667,0.0017,0.0021,0.0017,0.0017

L90M-C95F,Total,5710,95,0.0163,0.0166,0.0163,0.0166,,4650.0000,75.2000,0.0164,0.0162,0.0164,0.0162
L90M-C95F,Gain_of_function,31,26,0.0033,0.0046,0.5993,0.8387,,27.3000,22.8000,0.0034,0.0049,0.5863,0.8352
L90M-C95F,rescue,3,2,0.0001,0.0004,0.2710,0.6667,,3.0000,2.0000,0.0002,0.0004,0.2710,0.6667
L90M-C95F,compensatory,2986,67,0.0126,0.0117,0.0241,0.0224,,2427.1687,50.4000,0.0125,0.0108,0.0239,0.0208
L90M-C95F,non_compensatory,2690,0,0.0003,0.0000,0.0006,0.0000,,2192.5313,0.0000,0.0003,0.0000,0.0006,0.0000

L90M-C95F,flipped,17,0,0.0001,0.0000,0.0448,0.0000,,10.4286,0.0000,0.0002,0.0000,0.0726,0.0000
L90M-C95F,non_flipped,5693,95,0.0162,0.0166,0.0162,0.0167,,4639.5714,75.2000,0.0162,0.0162,0.0163,0.0163

V32I-M46I,Total,5710,196,0.0322,0.0343,0.0322,0.0343,,4650.0000,169.1667,0.0355,0.0364,0.0355,0.0364
V32I-M46I,Gain_of_function,179,120,0.0207,0.0210,0.6599,0.6704,,165.1667,108.1667,0.0236,0.0233,0.6655,0.6549
V32I-M46I,rescue,40,18,0.0014,0.0032,0.2005,0.4500,,33.2500,13.5000,0.0014,0.0029,0.2025,0.4060
V32I-M46I,compensatory,2474,53,0.0083,0.0093,0.0192,0.0214,,2005.0546,42.5000,0.0086,0.0091,0.0200,0.0212
V32I-M46I,non_compensatory,3017,5,0.0018,0.0009,0.0034,0.0017,,2446.5288,5.0000,0.0017,0.0011,0.0033,0.0020

V32I-M46I,flipped,241,76,0.0103,0.0133,0.2429,0.3154,,207.6024,68.0833,0.0119,0.0146,0.2655,0.3280
V32I-M46I,non_flipped,5469,120,0.0219,0.0210,0.0229,0.0219,,4442.3976,101.0833,0.0236,0.0217,0.0247,0.0247

G48V-V82T,Total,5710,44,0.0092,0.0077,0.0092,0.0077,,4650.0000,39.7500,0.0089,0.0085,0.0089,0.0085
G48V-V82T,Gain_of_function,13,1,0.0009,0.0002,0.3907,0.0769,,7.8000,1.0000,0.0006,0.0002,0.3612,0.1282
G48V-V82T,rescue,144,14,0.0033,0.0025,0.1309,0.0972,,118.4643,13.0000,0.0034,0.0028,0.1315,0.1097
G48V-V82T,compensatory,1599,27,0.0044,0.0047,0.0156,0.0169,,1297.8437,24.2500,0.0043,0.0052,0.0152,0.0187
G48V-V82T,non_compensatory,3954,2,0.0007,0.0004,0.0010,0.0005,,3225.8920,1.5000,0.0007,0.0003,0.0010,0.0005

G48V-V82T,flipped,218,3,0.0009,0.0005,0.0234,0.0138,,190.1190,2.0000,0.0010,0.0004,0.0243,0.0105
G48V-V82T,non_flipped,5492,41,0.0083,0.0072,0.0087,0.0075,,4459.8810,37.7500,0.0079,0.0081,0.0082,0.0082

I54V-T91S,Total,5710,42,0.0080,0.0074,0.0080,0.0074,,4650.0000,41.5000,0.0086,0.0089,0.0086,0.0089
I54V-T91S,Gain_of_function,10,8,0.0009,0.0014,0.5279,0.8000,,10.0000,8.0000,0.0011,0.0017,0.5279,0.8000
I54V-T91S,rescue,6,1,0.0001,0.0002,0.1229,0.1667,,5.5000,1.0000,0.0002,0.0002,0.1305,0.1818
I54V-T91S,compensatory,2271,33,0.0068,0.0058,0.0171,0.0145,,1828.1204,32.5000,0.0072,0.0070,0.0182,0.0178
I54V-T91S,non_compensatory,3423,0,0.0001,0.0000,0.0002,0.0000,,2806.3796,0.0000,0.0001,0.0000,0.0002,0.0000

I54V-T91S,flipped,18,1,0.0001,0.0002,0.0186,0.0556,,15.2500,1.0000,0.0001,0.0002,0.0218,0.0656
I54V-T91S,non_flipped,5692,41,0.0079,0.0072,0.0079,0.0072,,4634.7500,40.5000,0.0085,0.0087,0.0085,0.0085

M46I-F53Y,Total,5710,17,0.0029,0.0030,0.0029,0.0030,,4650.0000,14.9167,0.0032,0.0032,0.0032,0.0032
M46I-F53Y,Gain_of_function,4,3,0.0005,0.0005,0.7059,0.7500,,3.5000,3.0000,0.0005,0.0006,0.7102,0.8571
M46I-F53Y,rescue,0,0,0.0000,0.0000,0.0000,0.0000,,0.0000,0.0000,0.0000,0.0000,0.0000,0.0000
M46I-F53Y,compensatory,2595,13,0.0023,0.0023,0.0051,0.0050,,2120.2951,10.9167,0.0026,0.0023,0.0057,0.0051
M46I-F53Y,non_compensatory,3111,1,0.0001,0.0002,0.0001,0.0003,,2526.2049,1.0000,0.0001,0.0002,0.0001,0.0004

M46I-F53Y,flipped,0,0,0.0000,0.0000,0.0000,0.0000,,0.0000,0.0000,0.0000,0.0000,0.0000,0.0000
M46I-F53Y,non_flipped,5710,17,0.0029,0.0030,0.0029,0.0030,,4650.0000,14.9167,0.0032,0.0032,0.0032,0.0032

M46L-K55R,Total,5710,82,0.0160,0.0144,0.0160,0.0144,,4650.0000,75.5583,0.0167,0.0162,0.0167,0.0162
M46L-K55R,Gain_of_function,22,14,0.0014,0.0025,0.3694,0.6364,,21.2000,14.0000,0.0017,0.0030,0.3739,0.6604
M46L-K55R,rescue,80,7,0.0015,0.0012,0.1051,0.0875,,72.7000,6.2000,0.0016,0.0013,0.1052,0.0853
M46L-K55R,compensatory,1767,50,0.0120,0.0088,0.0387,0.0283,,1409.3023,44.8583,0.0122,0.0096,0.0402,0.0318
M46L-K55R,non_compensatory,3841,11,0.0012,0.0019,0.0017,0.0029,,3146.7977,10.5000,0.0012,0.0023,0.0017,0.0033

M46L-K55R,flipped,359,3,0.0006,0.0005,0.0101,0.0084,,314.6500,3.0000,0.0008,0.0006,0.0113,0.0095
M46L-K55R,non_flipped,5351,79,0.0154,0.0138,0.0164,0.0148,,4335.3500,72.5583,0.0159,0.0156,0.0171,0.0171

M46L-V82A,Total,5710,398,0.0679,0.0697,0.0679,0.0697,,4650.0000,314.4655,0.0673,0.0676,0.0673,0.0676
M46L-V82A,Gain_of_function,407,187,0.0307,0.0327,0.4304,0.4595,,332.1798,155.2202,0.0309,0.0334,0.4319,0.4673
M46L-V82A,rescue,417,48,0.0109,0.0084,0.1494,0.1151,,359.6119,39.6000,0.0114,0.0085,0.1468,0.1101
M46L-V82A,compensatory,1333,144,0.0230,0.0252,0.0987,0.1080,,1051.4026,107.9845,0.0219,0.0232,0.0967,0.1027
M46L-V82A,non_compensatory,3553,19,0.0033,0.0033,0.0053,0.0053,,2906.8058,11.6607,0.0032,0.0025,0.0052,0.0040

M46L-V82A,flipped,1634,23,0.0050,0.0040,0.0175,0.0141,,1362.6643,22.5000,0.0053,0.0048,0.0181,0.0165
M46L-V82A,non_flipped,4076,375,0.0629,0.0657,0.0882,0.0920,,3287.3357,291.9655,0.0620,0.0628,0.0877,0.0877

M46I-K55R,Total,5710,174,0.0311,0.0305,0.0311,0.0305,,4650.0000,154.9048,0.0330,0.0333,0.0330,0.0333
M46I-K55R,Gain_of_function,72,36,0.0061,0.0063,0.4844,0.5000,,64.7000,34.0000,0.0066,0.0073,0.4754,0.5255
M46I-K55R,rescue,33,4,0.0012,0.0007,0.1991,0.1212,,32.2000,4.0000,0.0014,0.0009,0.1988,0.1242
M46I-K55R,compensatory,2373,131,0.0224,0.0229,0.0539,0.0552,,1928.1881,115.2381,0.0236,0.0248,0.0568,0.0598
M46I-K55R,non_compensatory,3232,3,0.0014,0.0005,0.0026,0.0009,,2624.9119,1.6667,0.0015,0.0004,0.0026,0.0006

M46I-K55R,flipped,67,2,0.0004,0.0004,0.0346,0.0299,,57.0833,2.0000,0.0005,0.0004,0.0401,0.0350
M46I-K55R,non_flipped,5643,172,0.0307,0.0301,0.0311,0.0305,,4592.9167,152.9048,0.0325,0.0329,0.0329,0.0329

