Sequence	Mutations	Mutation_count	dm1	dm2	dm12	Dm1m2-min(dm1,dm2)
ABAAABCBACBBAACBDBABBDBCABBAAAAAABAAABDAABAABAAABCBAAAAACACBAABAADACCBAAAACACABBABABAAABABBAABDABBCABAABABAAAADACBCAAACABBCCADAAAAAAAABDBDACBACAAABDABAAAAACBBADAADCCAAABAAABAAABAABABAABAAABAAAACCAAAABBAABBBBCACDCAACDBDCBCAAAAABADDBCACAAAAABAABAAAAAAABBDBDBACCBBBA	['A11B', 'D24C', 'B25A', 'C31A', 'A97B', 'A101B', 'B111D', 'D112A', 'D119C', 'C122B', 'D125A', 'D143C', 'A163D', 'B187A', 'C220B']	15	4.301315	0.0	4.3013134	4.3013134
ABAAABCBACABAACBABABBDBDBBBAAAAAABAAABDACBAABAAABCBAAAAACACBAAAAADACCBAAABCACABBABABAAABABBAABDABBCABAABABAAAABDCBCAAABABCCADDAAAAAAAABDBDACBAAAAABDABAAAAACBBADAABCCAAABAAABAAABAABABAABABABAAAACCAAAABBAABBBBCACDCAACDBCACCCAAAABADCBCACAAAAABAABAAAAAAABBDBDBACCBBBA	['D17A', 'C31A', 'A41C', 'B63A', 'A74B', 'A97B', 'A101B', 'D119B', 'C124A', 'D143A', 'A163B', 'D218C', 'C219A', 'A222C', 'D230C']	15	3.8975754	0.0	3.8975754	3.8975754
ABAAABDBACABAACBABABBDBDBBBAAAAAABAAABDAABAABAAABCBAAAAACACBAABAADACCBAAAACACABBABABAAABABBAABDABBCABAABABAAAABACBCAAABABCCCADAAAAAAAABDBDACBACAAABDABAAACACBBADAAACCAAABAAABAAABAABABAABABABAAAACCAAAABBAABBBBCACDCAACDBDCCCAAAAABADDBCACAAAAABAABAAAAAAABBDBDBACCBBBA	['C7D', 'D17A', 'C31A', 'A97B', 'A101B', 'D112A', 'D119B', 'D125A', 'D143C', 'A154C']	10	3.2657623	0.0	3.2657623	3.2657623
ABAAACCBABABAACBCBABBDDDBBBAAACAABAAABDAABAABAAABCBAAAAACACBAABAADACCBAAABCACABBABABAAABABCAABAABBCABAABABAAAABDCBCAAACABBCAADAAAAAAAABDBDACBACAAABDABAAAAACBBADAAACCAAABAAABAAABAABABAABABABAAAACCAAAABBAABBBBCACDCAACDBDCCCAAAAABADDBCACAAAAABAABAAAAAAABBDBDBACCBBBA	['B6C', 'C10B', 'D17C', 'B23D', 'A74B', 'B91C', 'D95A', 'A97B', 'A101B', 'D119C', 'C122B', 'C124A', 'D125A', 'D143C']	14	3.012074	0.0	3.0120735	3.0120735
ABAAABDBACABAACBABABBDBDBBBAAAAAABAAABDAABAABAAABCBAAAAACACBAABAADACCBAAAACACABBABABAAABABBAABDABBCABAABABAAAABACBCAAADABCCCADAAAAAAAABDBDACBACAAABDABAAACACBBADAAACCAAABAAABAAABAABABAABABABAAAACCAAAABAAABBBBCACDCAACDBDCCCAAAAABADDBCACAAAAABAABAAAAAAABBDBDBACCBBBA	['C7D', 'D17A', 'C31A', 'A97B', 'A101B', 'D112A', 'D125A', 'D143C', 'A154C', 'B201A']	10	3.0095801	0.0	3.009575	3.009575
ABAAABCBACABAACBABABBDBDBBBAAACAABAAABBAABAABAAABCBAAAAACACBAABAADACCBAAABCACABBABABAAABABBAABDABBCABAABABAAAABACBCAAABABCCAADAAAAAAAACDBDACBABAAABDABAAAAACBBADAAACCAAABAAABAAABAABABAABABABAAAABACAAABBAABBBBCACDCAACDBDCCCAAAAABADDBCACAAAAABAABAAAAAAABBDBDBACCBBBA	['D17A', 'D39B', 'A74B', 'A97B', 'A101B', 'D112A', 'D119B', 'C124A', 'D125A', 'B135C', 'D143B', 'C194B', 'C195A', 'A196C']	14	2.933572	0.0	2.9335718	2.9335718
ABAAABCBACABBACBABABBDBDBBBAAAAAABAAABDAABAABAAABCBAAAAACACBAABAADACCBAAABCACABBABABAAABABBAABDABBCABAABABAAAABACBCAAABABCCCDDACAAAAAABDBAACBAAAAABDABAAAAAABBADAAACCAAABAAABAAABAABABAABABABAAAACCAAAABBAABBBBAACDCAACDBDCCCAAAAABADCBCACAAAAABAABAAAAAAABADBDBACCBBBA	['A13B', 'D17A', 'C31A', 'A74B', 'A97B', 'A101B', 'D112A', 'D119B', 'A128C', 'D138A', 'D143A', 'C156A', 'C208A', 'D230C', 'B252A']	15	2.6842375	0.0	2.6842346	2.6842346
ABAAABCBACABAACBDBABBDBDBBBAAACAABAAABDAABAABAAABCBAAAAACACBAABAADACCBAAABCACABBABABAAABABBAABDABBCAAAABABAAAABDCBCAAABABCCADDAAAAAAAABDBDACBAAAAABDABAAAAACBBADAADCCAAABAAABAAABAABABAABABABAAAACCAAAABBAABBBBCACDCAACDBDCCCAAAAABADCBCACAAAAABAABAAAAAAABBDBDBACCBBBA	['A74B', 'A97B', 'D119B', 'C124A', 'D143A', 'A163D', 'D230C']	7	2.6689103	0.0	2.6689053	2.6689053
ABAAABCBACBBAACBDBAABDBDBBBAAACAABAAABDACBAABAAABCBAAAAACACBAABAADACCBAAAACACABBABABAAABABBAABDAABCAAAABABAAAABBCBCAAADABCCCDDAAAAAAAABDBDACBADAAABDABBAAAACBBADAAACCAAABAAABAAABAABABAABABABAAAACCAAAABAAABBBBCACDCAACDBDCCCAAAAABADDBCACAAAAABAABAAAAAAABBDBDBACCBBBA	['A11B', 'B20A', 'A41C', 'D112B', 'A151B', 'B201A']	6	-5.580465	0.0	-3.1440353	2.4364295
ABAAABCBACBBAACBDBAABDBDBBBAAACAABAAABDACBAABAAABCBAAAAACACBAABAADACCBAAAACACABBABABAAABABBAABDAABCAAAABABAAAABBCBCAAADABCCCDDAAAAAAAABDBDACBADAAABDABBAAAACBBADAAACCAAABAAABAAABAABABAABABABAAAACCAAAABAAABBBBCACDCAACDBDCCCAAAAABADDBCACAAAAABAABAAAAAAABBDBDBACCBBBA	['A11B', 'B20A', 'A41C', 'D112B', 'A151B', 'B201A']	6	-5.580465	0.0	-3.1440353	2.4364295
ABAAABCBACABAACBABABADBDABBAAACAABAAABDAABAAAAAABCBAAAAACACBAABAADACCBAAAACACABBABABAAABABBAABDAABCABAABAAAAAADBCBCAAADABCCADDAAAAAAAABDBDACBADAAABDABBAAACCABABAACCCAAABAAABAAABAABABAABABABAAAACCAAAABBAABBBBAACDCAACDBDCCCAAAAABADDBCACAAAAABAABAAAAAAABBDBDAACCBBBA	['D17A', 'B21A', 'B25A', 'B45A', 'A101B', 'B106A', 'B111D', 'D112B', 'C124A', 'A151B', 'A155C', 'B157A', 'D160B', 'A163C', 'C208A', 'B256A']	16	-7.5485415	0.0	-5.112114	2.4364276
ABAAABCBACBBAACBCBABBDBDBBBAAAAAABAAABDAABAABAAABCBAAAAACACBAABAADACCBAAAACACAABABABAAABABBAABDABBCABAABABAAAABDCBCAAACABCCCDDAAAAAAAACDBDACBADAAABDABBAAACCBBADAADCCAAABAAABAAABAABBBAABABABAAAACCAAAABAAABBABCACDCAACDBDCCCAAAAABADDBCACAAAAABAABAAAAAAABBDBDBACCBBBA	['A11B', 'D17C', 'C31A', 'B79A', 'A97B', 'A101B', 'D119C', 'B135C', 'A151B', 'A155C', 'A163D', 'A181B', 'B201A', 'B206A']	14	-3.8035603	0.0	-1.3671331	2.436427
ABAAABCBACBBAACBDBAABDBDBBBAAACAABAAABDAABAABAAABCBAAAAACACBAABAADACCBAAABCACABBABABAAABABBAABDAABCABAABABAAAABDCBCAAACABBCADDAAAAAAAABDBDACBADAAABDABBAAACCBBADAAACCAAABAAABAAABAABABAABABABAAAACDAAAABBABBBBBCACDCAACDBDCCCAAAAAAADDBCACAAAAABAABAAAAAAABBDBCAACCBBBA	['A11B', 'B20A', 'A74B', 'A101B', 'D119C', 'C122B', 'C124A', 'A151B', 'A155C', 'C195D', 'A203B', 'B227A', 'D255C', 'B256A']	14	-6.477065	0.0	-4.040638	2.436427
ABAAABCBACABAACBDBABBDBDABBAAACAABAAABDAABAABAAABCBAAAAACACBAABAADACCBADAACACABBABABAAABABBAABDAABCAAAABABAAAABDCBCAAADABCCCDDAAAAAAAABDBDACBADAAABDABBAAAACBBADAAACCAAABAAABAAABAABABAABABABAAAACCAAAABBAABBBBCACCCAABDBDCCCAAAAABADDBCACAAAAABAABAAAAAAABBDBDBACCBBBA	['B25A', 'A72D', 'A151B', 'D211C', 'C215B']	5	-6.0228024	0.0	-3.5863762	2.4364262
ABAAACCBACBBAACBDBABBDBCBBBAAAAAABAAABDAAAAABAAABABAAAAACACBAABAADACCBAABCCACABBABAAAAABABBAABCAABCABAABABAAAABDABCAAADABCCBDDAAAAAAAABDBDACBADAAABDABBAAACCABABAACCCAAABAAABAAABAABABAABABABAAAACCAAAABAAABBABCACCCAACDBDCCCAAAAABADDBCACAAAAACAABAAAAAAABBDBDBACCBBBA	['B6C', 'A11B', 'D24C', 'C31A', 'B42A', 'C50A', 'A73B', 'A74C', 'B84A', 'D95C', 'A101B', 'C113A', 'C124B', 'A151B', 'A155C', 'B157A', 'D160B', 'A163C', 'B201A', 'B206A', 'D211C', 'B240C']	22	-6.2358484	0.0	-3.7994223	2.4364262
ABAAABCBACABAACBDBABBDBDBBBAAACAABAAABDAABAABAAABCBAAAAACACAAABAADACCBAAAACACABBABABAAABABBAABDAABCAAAABABAAAABDDBCAAADABCCCDDAAAAAAAABDBDACBADAAABDABBAAACCBBADAADCCAAABAAABAAABAABAAAABABABAAAACCAAAABAAABBBBCACDCAACDBDCCCAAAAABADDBCACAAAAABAABAAAAAAABBDBDBACCBBBA	['B60A', 'C113D', 'A151B', 'A155C', 'A163D', 'B182A', 'B201A']	7	-8.484434	0.0	-6.048008	2.4364262
ABAAABCBACABAACBDBABBDBDBBBAAACAABAAABDAABAABAAABCBAAAAACACAAABAADACCBAAAACACABBABABAAABABBAABDAABCAAAABABAAAABDDBCAAADABCCCDDAAAAAAAABDBDACBADAAABDABBAAACCBBADAADCCAAABAAABAAABAABAAAABABABAAAACCAAAABAAABBBBCACDCAACDBDCCCAAAAABADDBCACAAAAABAABAAAAAAABBDBDBACCBBBA	['B60A', 'C113D', 'A151B', 'A155C', 'A163D', 'B182A', 'B201A']	7	-8.484434	0.0	-6.048008	2.4364262
ABAAABCBACABAACBDBABBDBDBBBAAAAAABAAABDAABAAAAAABCBAAAAACACBAABAADACCBAAAACACABBABABAAABABBAABDABBCABAABABAAAABDCBCAAABABCCCDDAAAAAAAACDBAACBADAAAADABBAAACCABABAAACCAAABAAABAAABAABABAABABABAAAACCAAAABAAABBBBCACDCAABDBDCCCAAAAABADDBCACAAAAABAABAAAAAAABBDBDBACCBBBA	['C31A', 'B45A', 'A97B', 'A101B', 'D119B', 'B135C', 'D138A', 'B147A', 'A151B', 'A155C', 'B157A', 'D160B', 'B201A', 'C215B']	14	-4.7433496	0.0	-2.3069239	2.4364257
ABAAABCBACBBAACBDBABBDBCBBBAAACAABAAABDAABAABAAABCBAAAAACACBAABAADACCBAAAACACABBABABAAABABBAABDAABCABAABABAAAABDCBCAAACABCCCDDAAAAAAAABDBDACBADAAABDABBAAACCBBADAAACCAAABAAABAAABAABABAABABABAAAACCAAAABBAABBAACACDBAACDBDCCCAAAAABADDBCACAAAAABAABAAAAAAABBDBDBACCBBBA	['A11B', 'D24C', 'A101B', 'D119C', 'A151B', 'A155C', 'B206A', 'B207A', 'C212B']	9	-5.35748	0.0	-2.9210548	2.4364252
ABAAABCBACABAACBDBAABDBDBBBAAAAAABAAABDAABAAAAAACCBAAAAACACBAABAADACCBAAAACACABBABABAAABABBAABDABBCABAABABAAAABDCBCAAABABCCCDDAAAAAAAACDBAACBADAAAADABBAAACCABABAAACCAAABAAABAAABAABABAABABABAAAACCAAAABAAABBBBCACDCAABDBDCCCAAAAABADDBCAAAAAAABAABAAAAAAABBDBDBACCBBBA	['B20A', 'C31A', 'B45A', 'B49C', 'A97B', 'A101B', 'D119B', 'B135C', 'D138A', 'B147A', 'A151B', 'A155C', 'B157A', 'D160B', 'B201A', 'C215B', 'C234A']	17	-3.5119538	0.0	-1.0755291	2.4364247
ABAAABCBACABAACBABABBDBDBBBAAAAAABAAABDAABAABAAABCBAAAAACACBAABAADACCBAAAACACABBABABAAABABBAABDAABCABAABABAAAABDCBCAAADABCCCDDAAAAAAAABDBDACBADAAABDABBAAACCBBADAAACCAAABAAABAAABAABABAABABABAAAACCBAAABAAABBBBCACDCAACDBDCCCAAAAABADDBDACAAAAABAABAAAAAAABBDBDAACCBBBA	['D17A', 'C31A', 'A101B', 'A151B', 'A155C', 'A196B', 'B201A', 'C232D', 'B256A']	9	-8.779248	0.0	-6.342824	2.4364243
ABAAABCBACBBAACBDBABBDBDBBBAAAAAABAAABDAABAABAAABCBAAAAACACBAABAADACCBAAAACACABBABABAAABABBAABDAABCAAAABABAAAABDCBCAAADABCCCDDAAAAAAAACDBDACBADAAABDABBAAACCBBADAAACCAAABAAABAAABAABBBAABABABAAAACDAAAABAAABBBBCACDCAACDBDCCCAAAAABADDBDACAAAAABAABAAAAAAABBDBDBACCBBBA	['A11B', 'C31A', 'B135C', 'A151B', 'A155C', 'A181B', 'C195D', 'B201A', 'C232D']	9	-7.826043	0.0	-5.389619	2.4364243
ABAAABCBABABAACBDBABADBDBBBAAACAABAAABDAABAABAAABCBAAAAACACBAABAADACCBAAAACACABBABABAAABABBAABDAABCAAAABABAAAABDCBCAAADABCCCDDAAAAAAAABDBCACBADAAABDABBAAACCBBADAAACCAAABBAABAAABAABABAABABABAAAACCAAAABBAABBBBCACDCAACDBDCCCAAAAABADDBCACAAAAABAABAAAAAAABBDBDBACCBBBA	['C10B', 'B21A', 'D138C', 'A151B', 'A155C', 'A170B']	6	-5.9995174	0.0	-3.5630932	2.4364243
ABAAABCBACABAACBABABBDBDBBBAAACAABAAABDAABAABAAABCBAAAAACACBAABAADACCBAAAACACABBABABAAABABBAABDAABCABAABABAAAABDCBCAAACABCCDADAAAAAAAACDBDACBADAAABDABBAAAACBBADAAACCAAABAAABAAABAABABAABABABAAAACBAAAABBAABBBBCACDCAACDBDCCCAAAAABADDBCACAAAAABAABAAAAAAABBDBDAACCBBBA	['D17A', 'A101B', 'D119C', 'C124D', 'D125A', 'B135C', 'A151B', 'C195B', 'B256A']	9	-6.385896	0.0	-3.9494724	2.4364238
ABAAACCBABABAACBDBABBDBDBBBAAAAAABAAABBAABAABAAABCBAAAAACACBAABAADACCBADAACACABBABABAAABABBAABDAABCABAABAAAAAABDCBCAAACABCCCDDAAAAAAAABDBDACBADAAABDABBAAACCBBADAAACCAAABAAABAAABAABABAABABABAAAACCAAAABBAABABBBACDCAACDBDCCCAAAAABADDBCACAAAAABAABAAAAAAABBABCAACCBBBA	['B6C', 'C10B', 'C31A', 'D39B', 'A72D', 'A101B', 'B106A', 'D119C', 'A151B', 'A155C', 'B205A', 'C208B', 'D253A', 'D255C', 'B256A']	15	-8.793211	0.0	-6.3567877	2.4364233
ABAAABCBACABAACBABABBDBDBBBBAACAABAAABDAABAABAAABCBAAAAACACBAABAADACCBADAACACABBABABAAABACBAABDAABCAAAABABAAAABDCBCAAABABCCCDDAAAAAAAABDBDACBADAAABDABBAAACCABABAAACCAAABAAABAAABAABABAABABABAAAACCAAAABBAABBBBCACDCAACDBDCCCAAAAABADDBAACAAAAABAABAAAAAAABBDBDBACCBBBA	['D17A', 'A28B', 'A72D', 'B90C', 'D119B', 'A151B', 'A155C', 'B157A', 'D160B', 'C232A']	10	-7.693815	0.0	-5.257392	2.4364233
ABAAABCBACABAACBDBABBDBDBBBAAACAABAAABDAABAABAAABABAAAAACACBAABAADACCBAAAACACABBABABAAABABBAABDAABCABAABABAAAAADCBCAAABABCCCDDAAAAAAAABDBDACBADAAABDABBAAACCBBADAAACCAAABAAABAAABAABABAABABABAAAACCAAAABBAABBBBCACDCAACDBDCCCAAAAAAADDBCACAAAAABAABAAAAAAABBCBDAACCBBBA	['C50A', 'A101B', 'B111A', 'D119B', 'A151B', 'A155C', 'B227A', 'D253C', 'B256A']	9	-8.510794	0.0	-6.0743704	2.4364233
ABAAABCBACABAACBABABBDBDBBBAAAAAABAAABDAABAABAAABABAAAAACACBAABAADACCBAAAACACABBABABAAABABBAABDAABCABAABABAAAABDCBCAAADABCCDDDAAAAAAAABDBCACBADAAABDABBAAACCBBADAACCCAAABAAABAAABAABABAABABABAAAACCAAAABAAABBBBCACDCAACDBDCCCAAAAABADDBCACAAAAABAABAAAAAAABBDBDBACCBBBA	['D17A', 'C31A', 'C50A', 'A101B', 'C124D', 'D138C', 'A151B', 'A155C', 'A163C', 'B201A']	10	-6.772933	0.0	-4.3365097	2.4364233
ABAAABCBACBBAACBCBABBDDDBBBAAACAABAAABDAABAABAAABABAAAAACACBAABAADACCBAAAACACABBABABAAABABBAABDAABCABAABABAAAABDCBCAAADABCCADDAAAAAAAACDBDACBADAAABDABBAAACCBBADAAACCAAABAAABAAABAABABAABABABAAAACCAAAABBAABBBBCACDCAACDBDCCCAAAAABADDBCACAAAAABAABAAAAAAABBDBDBACCBBBA	['A11B', 'D17C', 'B23D', 'C50A', 'A101B', 'C124A', 'B135C', 'A151B', 'A155C']	9	-9.06674	0.0	-6.6303167	2.4364233
ABAAABCBABABAACBDBABBDBDBBBAAAAAABAAABDAABAABAAABABAAAAACACBAABAADACCBAAAACACABBABABAAABABBAABDAABCABAABAAAAAABBCBCAAADABCCADDAAAAAAAABDBDACBADAAAADABBAAAACBBADAAACCAAABAAABAAABAABABAABABABAAAACCAAAABBAABBBBCACDCAACDBDCCCAAAAABADDBCACAAAAABAABAAAAAAABBDBDBACCBBBA	['C10B', 'C31A', 'C50A', 'A101B', 'B106A', 'D112B', 'C124A', 'B147A', 'A151B']	9	-7.452448	0.0	-5.0160246	2.4364233
ABAAABCBABABAACBDBABBDBDBBBAAAAAABAAABDAABAABAAABABAAAAACACBAABAADACCBAAAACACABBABABAAABABBAABDAABCABAABAAAAAABBCBCAAADABCCADDAAAAAAAABDBDACBADAAAADABBAAAACBBADAAACCAAABAAABAAABAABABAABABABAAAACCAAAABBAABBBBCACDCAACDBDCCCAAAAABADDBCACAAAAABAABAAAAAAABBDBDBACCBBBA	['C10B', 'C31A', 'C50A', 'A101B', 'B106A', 'D112B', 'C124A', 'B147A', 'A151B']	9	-7.452448	0.0	-5.0160246	2.4364233
ABAAABCBABABAACBDBABBDBDBBBAAAAAABAAABDAABAABAAABCBAAAAACACBAABAADACCBAAAACACABBABABAAABABBAABDAABCABAABABAAAABDCBCAAADABCCCDDAAAAAAAABDBDACBADAAABDABBAACACBBADAAACAAAABAAABAAABAABABAABABABAAAACCAAAABAAABBBBCACDCAACDBDCCCAAAAABADDBCACAAAAABAABAAAAAAABBDBDBACCBBBA	['C10B', 'C31A', 'A101B', 'A151B', 'A154C', 'C165A', 'B201A']	7	-5.456107	0.0	-3.0196838	2.4364233
ABAAADBBACBBABCBDBABBDBDBBBAAAAAABAAABDAABAABAAABABAAAAACACBAABAADACCBAAAACACABBABABAAABABBAABDAABCAAAABABAAAABDDBCAAADABCCCADAAAAAAAABDBDACBADAAABDABBAAACCBBADAAACCAAABAAABAAABAABABAABABABAAAACCAAAABAAABBBBCACDCAACDBDCCCAAAAABADDBCACAAAAABAABAAAAAAABBDBDAACCBBBA	['B6D', 'C7B', 'A11B', 'A14B', 'C31A', 'C50A', 'C113D', 'D125A', 'A151B', 'A155C', 'B201A', 'B256A']	12	-9.136798	0.0	-6.7003746	2.4364233
ABAAABCBACABAACBDBABABDBBBBAAACAABAAABDAABAABAAABCBAAAAACACBAABAADACCBAAAACACABBABADAAABABBAABDAABCAAAABABAAAABDCBCAAADABCCCDDAAAAAAAABDBDACBADAAABDABBAACCCBBADAAACAAAABAAABAAABAABABAABABABAAAACCAAAABAAABBBBCACDCAACDBDCCCAAAAABADDBDACAAAAABAABAAAAAAABBDBDBACCBBBA	['B21A', 'D22B', 'B23D', 'D24B', 'B84D', 'A151B', 'A154C', 'A155C', 'C165A', 'B201A', 'C232D']	11	-9.164563	0.0	-6.72814	2.4364233
ABAAABCBACABAACBABABBDBDBBBAAAAAABAAABDAABAABAAABCBAAAAACACBAABAADACCBADAACACABBABABAAABABBAABDABBCAAAABABAAAABDCBCAAABABCCABDAAAAAAAABDBDACBADAAABDABBAAACABBADAADCAAABBAAABAAABAABABAABABABAAAACCAAAABAAABBBBCACDCAACDBDCCCAABAABADDBCACAAAAABAABAAAAAAABBDBDAACCBBBA	['D17A', 'C31A', 'A72D', 'A97B', 'D119B', 'C124A', 'D125B', 'A151B', 'A155C', 'C156A', 'A163D', 'C165A', 'A168B', 'B201A', 'A224B', 'B256A']	16	-4.1269956	0.0	-1.6905727	2.4364228
ABAAABDBACBBAACBDBABBDBDBBBAAAAAABAAABDAABAABAAABABAAAAACACBAABAADACCBAAABCACABBABABAAABABBAABDAABCAAAABABAAAABDDBCAAACABBCCDDAAAAAAAABDBDACBADAAABDABBAAACCBBADAAACCAAABAAABAAABAABABAABABABAAAACCAAAABBAABBBBAACBBAACCBDCCCAAAAABADDBCACAAAAABAABAAAAAAABBDBDBACCBBBA	['C7D', 'A11B', 'C31A', 'C50A', 'A74B', 'C113D', 'D119C', 'C122B', 'A151B', 'A155C', 'C208A', 'D211B', 'C212B', 'D216C']	14	-3.9980512	0.0	-1.5616283	2.4364228
ABAAABABACBBAACBDBAABDBDBBBAAAAAABAAABDAABAABAAABCBAAAAACACBAABAADACCBAAAACACABBABABAAABABBAABDAABCABAABABAAAABDCBCAAADABCCCDDAAAAAAAACDBDACBADAAABDABBAAAACBBADAAACCAAABAAABAAABAABABAABABABAAAACCAAAABAAABBBBCACDCAACDBDCCCAAAAABADDBCACAAAAABAABAAAAAAABBDBDAACCBBBA	['C7A', 'A11B', 'B20A', 'C31A', 'A101B', 'B135C', 'A151B', 'B201A', 'B256A']	9	-4.8776097	0.0	-2.441187	2.4364228
ABAAABCBACABAACBDBABBDBDBBBAAACAABAAABDAABAAAAAABDBAAAAACACBAABAADACBBADACCACABBABAAAAABABBAABDAABCABAABABAAAABBCBCAAADABCCCADAAAAAAAABDBDACBADAAABDABBAAACCABABAACCCAAABAAABAAABAABABAABABABAAAACCAAAABAAABBBBCACDBAABDBDCCCAAAAABADDBCACAAAAABAABAAAAAAABBDBDAACCBBBA	['B45A', 'C50D', 'C69B', 'A72D', 'A74C', 'B84A', 'A101B', 'D112B', 'D125A', 'A151B', 'A155C', 'B157A', 'D160B', 'A163C', 'B201A', 'C212B', 'C215B', 'B256A']	18	-6.498106	0.0	-4.0616837	2.4364223
ABAAACCBABABAACBDBABADDDBBBAAACAABAAABCAABAABAAABABAAAAACACBAABAADACCBAAAACACABBABABAAABABBAABDABBCABAABABAAAABDCBCAAACABBCCDDAAAAAAAABDBDACBADAAABDABBAAACBBBADAAACCAAADAAABAAABAABABAABABABAAAACCAAAABBAABBBBCACDCAACDBDCCCAAAAABADABCADAAAAABAABAAAAAAABBDBDBACCBBBA	['B6C', 'C10B', 'B21A', 'B23D', 'D39C', 'C50A', 'A97B', 'A101B', 'D119C', 'C122B', 'A151B', 'A155C', 'C156B', 'B169D', 'D230A', 'C234D']	16	-9.585261	0.0	-7.148839	2.4364223
ABAAABCBABABAACBDBABADBDBBBAAACAABAAABDAABAABAAABCBAAAAACACBAABAADACCBAAAACACABBABABAAABABBCABDAABCAAAABABAAAABDCBCAAADABCCCDDAAAAAAAABDBDACBADAAABDABBAAACCBBADAAACCAAABAAABAAABAABABAABABABAAAACCAAAABBAABBBBCACDCAACDBDCCCAAAAABADDBCACAAAAABAABAAAAAAABBDBDBACCBBBA	['C10B', 'B21A', 'A92C', 'A151B', 'A155C']	5	-11.05884	0.0	-8.622417	2.4364223
ABAAABCBACBBABCBCBABBDDDBBBBABCAABAAABDAABAABAAABCBAAAAACACBAABAADACCBADAACACABBABABAAABABBAABDAABCAAAABABAAAABDCBCAAADABCCCDDAAAAAAAABDBDACBADAAABDABBAAACCBBADAAACCAAABAAABAAABAABABAABABABAAAACCAAAABAAABBABCACDCAACDBDCCCAAAAABADDBCACAAAAABAABAAAAAAABBDBDBACCBBBA	['A11B', 'A14B', 'D17C', 'B23D', 'A28B', 'A30B', 'A72D', 'A151B', 'A155C', 'B201A', 'B206A']	11	-5.725996	0.0	-3.2895737	2.4364223
ABAAABCBACBBAACBDBABBDBDBBBAAACAABAAABDAABAABAAABCBAAAAACACBAABAADACCBAAAACACABBABABAAABABBAABDAABCABAABABAAAAADCBCAAACABBCCDDAAAAAAAABDBDACBADAAABDABBAAACCBBADAAACCAAABAAABAAABAABABAABABABAAAACCAAAABBAABBBBCACDCAACDBDCCCAAAAABADDBCACAAAAABAABAAAAAAABBDBDBACCBBBA	['A11B', 'A101B', 'B111A', 'D119C', 'C122B', 'A151B', 'A155C']	7	-7.999365	0.0	-5.5629425	2.4364223
ABAAACCBABABAACBDBABBDBDBBBAAACAABAAABDAABAABAAABABAAAAACACBAABAADACCBADAACACABBABABAAABABBAABDAABCAAAABABAAAABDCBCAAACABBCDDDAAAAAAAABDBDACBADAAABDABBAAACCBBADAADCCAAABAAABAAABAABABAABABABAAAACCAAAABBAABBBBCACDCAACDBDCCCAAAAABADDBCACAAAAABAABAAAAAAABBDBDBACCBBBA	['B6C', 'C10B', 'C50A', 'A72D', 'D119C', 'C122B', 'C124D', 'A151B', 'A155C', 'A163D']	10	-8.515627	0.0	-6.0792046	2.4364223
ABAAACCBACABAACBABABBDBDBBBAAACAABAAABDAABAABAAABABAAAAACACBAABAADACCBADABCACABBABABAAABABBAABDABBCAAAABABAAAABDCBCAAABABCCCDDAAAAAAAABDBDACBADAAABDABBAAACABBADAAACCAAABAAABAAABAABABAABABABAAAACCAAAABBAABBBBBACDBAACDBDCCCAAAAABADDBCACAAAAABAABAAAAAAABBDBDBACCBBBA	['B6C', 'D17A', 'C50A', 'A72D', 'A74B', 'A97B', 'D119B', 'A151B', 'A155C', 'C156A', 'C208B', 'C212B']	12	-4.2846766	0.0	-1.8482542	2.4364223
ABAAABCBACBBAACBDBABBDBCBBBAAACAABAAABDAABAABAAABCBAAAAACACBAABAADACCBAAAACACABBABABAAABABBAABDAABCABAABABAAAABDCBCAAACABBCCDDAAAAAAAACDBDACBADAAABDABBAAACCBBADAAACCAAABAAABAAABAABABAABABABAAAACCAAAABBAABBBBCACDCAACDBDCCCAAAAABADDBCACAAAAABAABAAAAAAABBDBDAACCBBBA	['A11B', 'D24C', 'A101B', 'D119C', 'C122B', 'B135C', 'A151B', 'A155C', 'B256A']	9	-7.2754216	0.0	-4.8389997	2.4364219
ABAAABCBACABAACBABABBDBDBBBAAAAAABAAABDAABAABAAABCBAAAAACACBAABAADACCBAAAACACABBABABAAABABBAABDAABCABAABABAAAABDCBCAAADABCCADDAAAAAAAABDBDACBADAAABDABBAAAACBBADAAACCAAABAAABAAABAABABAABABABAAAACCAAAABBAABBBBCACDCAACDBDCCCAAAAABADDBCADAAAAABAABAAAAAAABBDBDBACCBBBA	['D17A', 'C31A', 'A101B', 'C124A', 'A151B', 'C234D']	6	-5.2668643	0.0	-2.8304424	2.4364219
ABAAABCBACABAACBABABADBDABBBAACAABAAABAAABAABAAABCBAAAAACACBAABAADACCBAAAACACABBABABAAABABBAABDABBCABAABABAAAABDCBCAAABABCCCDDAAAAAAAABDBDACBADAAABDABBAAACCBBADAAACCAAABAAABAAABAABABAABABABAAAACCAAAABBAABBBBCACDCAACDBCCCCAAAAABADDBCACAAAAABAABAAAAAAABBDBDBACCBBBA	['D17A', 'B21A', 'B25A', 'A28B', 'D39A', 'A97B', 'A101B', 'D119B', 'A151B', 'A155C', 'D218C']	11	-5.771546	0.0	-3.335124	2.4364219
ABAAABCBACABABCBDBAABDBDBBBAAACBABAAABDAABAAAAAABCBAAAAACACBAABAADACCBAAAACACABBABABAAABABBAABDAABCACAABABAAAABDCBCAAADABCCCDDAAAAAAAABBBCACBADAAABDABBAAACCBBADAABCCAAABAAABAAABAABABAABABABAAAACCAAAABAAABBABCACDCAACDBDCDCAAAAABADDBCACAAAAABAABAAAAAAABBDBDBACCBBBA	['A14B', 'B20A', 'A32B', 'B45A', 'A101C', 'D136B', 'D138C', 'A151B', 'A155C', 'A163B', 'B201A', 'B206A', 'C220D']	13	-6.4263825	0.0	-3.9899607	2.4364219
ABAAABCBACABAACBDBABBDBDBBBAAACAABAAABDAABAABAAABBBAAAAACACBAABAADACCBAAAACACABBABABAAABABBAABDAABCAAAABABAAAABDCBCAAADABCCCDDACAAAAAABDBCACBADAAABDABBAAACCABABAABCCAAABAAABAAABAABABAABABABAAAACCAAAABBAABBBBCACDCAACDBDCCCAAAAABADDBCACAAAAABAABAAAAAAABBDBDBACCBBBA	['C50B', 'A128C', 'D138C', 'A151B', 'A155C', 'B157A', 'D160B', 'A163B']	8	-5.585401	0.0	-3.1489792	2.4364219
ABAAABCBABABAACBDBABADBDBBBAAACAABAAABDAABAABAAABABAAAAACACBAABAADACCBAAABCACABBABABAAABABBCABDAABCAAAABABAAAABDCBCAAADABCCCDDAAAAAAAABDBDACBADAAABDABBAAAACBBADAAACCAAABAAABAAABAABABAABABABAAAACCAAAABBAABBBBCACCCAACDBDCCCAAAAABADDBCACAAAAABAABAAAAAAABBDBDBACCBBBA	['C10B', 'B21A', 'C50A', 'A74B', 'A92C', 'A151B', 'D211C']	7	-7.7022543	0.0	-5.265833	2.4364214
ABAAABCBACBBAACBDBABBDBDBBBAAAAAABAAABDAABAABAAABCBAAAAACACBAABAADACCBAAAACACABBABABAAABABBAABDABBCABAABABAAAACDDBCAAABABCCDADAAAAAAAABDBDACBADAAABDABBAAACCBBADAAACCAAABAAABAAABAABABAABABABAAAACBBAAABBAABCBBCACDCAACDBCCCCAAAAABADDBDACAAAAABAABAAAAAAABBDBDBACCBBBA	['A11B', 'C31A', 'A97B', 'A101B', 'B111C', 'C113D', 'D119B', 'C124D', 'D125A', 'A151B', 'A155C', 'C195B', 'A196B', 'B205C', 'D218C', 'C232D']	16	-7.8722973	0.0	-5.435876	2.4364214
ABAAABCBACBBAACBDBABBDBCBBBAAACAABAAABDAABAABAAABABAAAAACACBAABAADAACBAAACCACABBABABAAABABBAABDAABCAAAABABAAAABBDBCAAACABBCDDDAAAAAAAABDBDACBADAAABDABBAAACCABABAAACCAAABAAABAAABAABABAABABABAAAACCAAAABAAABBABAACDBAACDBDCCCAAAAABADDBCACAAAAABAABAAAAAAABBDBDBACCBBBA	['A11B', 'D24C', 'C50A', 'C68A', 'A74C', 'D112B', 'C113D', 'D119C', 'C122B', 'C124D', 'A151B', 'A155C', 'B157A', 'D160B', 'B201A', 'B206A', 'C208A', 'C212B']	18	-5.723811	0.0	-3.2873898	2.4364214
ABAAABCBACBBABCBDBABBDBDBBBAAAAAABAAABDACBAABAAABCBAAAAACACBAABAADACCBAAAACACABBABABAAABABBAABDACBCAAAABABAAAABDDBCAAABABCCCDDAAAAAAAABDBDACBADAAABDABBAAACCABADAAACCAAABAAABAAABAABABAABABABAAAACCAAAABAAABBABBACDCAACDBCCCCAAAAABADDBCACAAAAABAABAAAAAAABBDBDBACCBBBA	['A11B', 'A14B', 'C31A', 'A41C', 'A97C', 'C113D', 'D119B', 'A151B', 'A155C', 'B157A', 'B201A', 'B206A', 'C208B', 'D218C']	14	-5.572871	0.0	-3.1364498	2.4364214
ABAAABCBACABAACBABABBDBDBBBAAAAAABAAABBAABAABAAABCBAAAAACACBAABAADACCBAAAACACABBABACAAABABBAABDAABCABAABABAAAABDDBCAAADABCCAADAAAAAAAABDBDACBADAAABDABBAAACCABAAAADCCAAABAAABAAABAABABAABABABAAAACCAAAABBAABBBBCACACAACDBDCCCAAAAABADABCACAAAAABAABAAAAAAABBDBDBACCBBBA	['D17A', 'C31A', 'D39B', 'B84C', 'A101B', 'C113D', 'C124A', 'D125A', 'A151B', 'A155C', 'B157A', 'D160A', 'A163D', 'D211A', 'D230A']	15	-8.543565	0.0	-6.1071434	2.4364214
ABAAABCBACABAACBDBABBDBDBBBAAACAABAAABDAABAABAAABABAAAAACACBAABAADACCBAAAACACABBABABAAABABBAABDAABCABAABABAAAACDCBCAAABABCCCDDAAAAAAAABDBDACBADAAABDABBAAACCBBADAAACCAAABAAABAAABAABABAABABABAAAACCAAAABBAABBBBCACDCAACDBDCCCAAAAAAADDBCACAAAAABAABAAAAAAABBCBDAACCBBBA	['C50A', 'A101B', 'B111C', 'D119B', 'A151B', 'A155C', 'B227A', 'D253C', 'B256A']	9	-9.151368	0.0	-6.7149467	2.4364214
ABAAABCBACABAACBDBABBDBDBBBAAACAABAAABDAABAABAAABCBAAAAACACBAABAADACCBAAAACACABBABABAAABABBAABDAABCABAABABAAAABBCBCAAADABCCCDDAAAAAAAABDBDACBADAAABDABBAAACCBBADAAACCAAABAAABAAABAABABAABABABAAAACCAAAABBAABBBBCACDCAACDBDCBCAAAAABADDBCACAAAAABAABAAAAAAABBDBDBACCBBBA	['A101B', 'D112B', 'A151B', 'A155C', 'C220B']	5	-8.049659	0.0	-5.6132374	2.4364214
ABAAABCBACABAACBDBABBDBDBBBAAAAAABAAABDAABAABAAABABAAAAACACBAABAADACCBAAAACACABBABABAAABABBAABDAABCAAAABABAAAABDCBCAAADABCCCDDAAAAAAAABDBDACBADAAABDABBAAACCBBADAAACCAAABAAABAAABAABABAABABABAAAACCAAAABBAABBBBCACDCAACDBDCCCAAAAABADDBDACAAAAABAABAAAAAAABBDBDBACCBBBA	['C31A', 'C50A', 'A151B', 'A155C', 'C232D']	5	-8.895286	0.0	-6.458864	2.4364214
ABAAABCBACABAACBDBABBDBDBBBAAAAAABAAABDAABAAAAAACCBAAAAACACBAABAADACCBAAAACACABBABABAAABABBAABDABBCABAABABAAAABDCBCAAABABCCCDDAAAAAAAACDBAACBADAAAADABBAAACCABABAAACCAAABAAABAAABAABABAABABABAAAACCAAAABAAABBBBCACDCAABDBDCCCAAAAABADDBCAAAAAAABAABAAAAAAABBDBDBACCBBBA	['C31A', 'B45A', 'B49C', 'A97B', 'A101B', 'D119B', 'B135C', 'D138A', 'B147A', 'A151B', 'A155C', 'B157A', 'D160B', 'B201A', 'C215B', 'C234A']	16	-3.4585738	0.0	-1.0221529	2.436421
ABAAABCBACABAACBDBABBDBDBBBAAACAABAAABDAABAABAAABCBAAAAACACBAABAADACCBAAAACACABBABABAAABABBAABDAABCABAABABAAAABDCBCAAADABCCCDDAAAAAAAABDBDACBADAAABDABBAAAACBBADAAACCAAABAAABAAABAABABAABABABAAACCCAAAABAAABBBBCACDCAACDBDCCCAAAAABADDBCACAAAAABAABAAAAAAABBDBDAACCBBBA	['A101B', 'A151B', 'A193C', 'B201A', 'B256A']	5	-6.756865	0.0	-4.320444	2.436421
ABAAABCBACABAACBDBABBDBDBBBAAAAAABAAABDAABAABAAABCBAAAAACACBAABAADACCBAAAACACABBABABAAABABBAABDAABCABAABABAAAABDCBCAAADABCCCDDAAAAAAAABDBDACBADAAABDABBAAACCBBADAACCCAAABAAABAAABAABABAABABBBAAAACCAAAABBABBBBBCACDCAACDBDCCCAAAAABADDBCADAAAAABAABAAAAAAABBDBDBACCBBBA	['C31A', 'A101B', 'A151B', 'A155C', 'A163C', 'A188B', 'A203B', 'C234D']	8	-9.605983	0.0	-7.1695623	2.4364204
ABAAABCBACABAACBABABADBDBBBAAAAAABAAABDAABAABAAABCBAAAAACACBAABAADACCBAAAACACABBABABAAABABBAABDAABCABABBABAAAABDCBCAAADABCCADDAAAAAAAACDBDACBADAAABDABBAAACCBBADAAACCAAABAAABAAABAABABAABABABAAAACCAAAABAAABBBBCACDCAACDBABCCAAAAABADDBCAAAAAAABAABAAAAAAABBDBDAACCBBBA	['D17A', 'B21A', 'C31A', 'A101B', 'A103B', 'C124A', 'B135C', 'A151B', 'A155C', 'B201A', 'D218A', 'C219B', 'C234A', 'B256A']	14	-7.3154097	0.0	-4.878989	2.4364204
ABAAABCBACABAACBDBABBDBDBBBAAACAABAAABDAABAABAAABABAAAAACACBAABAADACCBAAAACACABBABABAAABABBAABDAABCAAAABABAAAABDCBCAAADABCCCDDAAAAAAAABDBDACBADAAABDABBAAAACBBADAAACCAAABAAABAAABAABABAABABABAAAACCAAAABBAABBBBCACDCAACDBDCCCAAAAABADDBCACAAAAABAABAAAAAAABBDBDBACCBBBA	['C50A', 'A151B']	2	-6.6247635	0.0	-4.188343	2.4364204
ABAAABCBACABAACBDBABBDBDBBBAAACAABAAABDAABAABAAABCBAAAAACACBAABAADACCBAAAACACABBABABAAABABBAABDAABCABAABABAAAADDCBCAAADABCCCDDAAAAAAAABDBDACBADAAABDABBAAACCBBADAADCCAAABAAABAAABAABABAABABABAAAACCAAAABBAABBBBCACDCAACDBDCCCAAAAABADDBCACAAAAABAABAAAAAAABBDBDBACCBBBA	['A101B', 'B111D', 'A151B', 'A155C', 'A163D']	5	-7.799341	0.0	-5.3629208	2.4364204
ABAAABCBACBBABCBDBABBDBDBBBAAAAAABAAABDAABAABAAABCBAAAAACACBAABAADACCBAAAACACABBABAAAAABABBAABDACBCAAAABABAAAABDDBCAAABABCCCDDAAAAAAAABDBDACBADAAABDABBAAACCABADAAACCAAABAAABAAABAABABAABABABAAAACCAAAABAAABBABBACDCAACDBCCCCAAAAABADDBCACAAAAABAABAAAAAAABBDBDBACCBBBA	['A11B', 'A14B', 'C31A', 'B84A', 'A97C', 'C113D', 'D119B', 'A151B', 'A155C', 'B157A', 'B201A', 'B206A', 'C208B', 'D218C']	14	-6.166417	0.0	-3.7299967	2.4364204
ABCAABCBACABAACBABABADBCBBBAAACAABAAABDAABAABAAABCBAAAAACACBAABAADACCBADAACABABBABABAAABABBAABDAABCABAABABAAAABDDBCAAADABCCADDAAAAAAAABDBDACBADAAABDABBAAACCBBADAAACCAAABAAABAAABAABABAABABABAAAACCAAAABBAABBBBCACDCAACDBDCCCAAAAABADDBDACAAAAABAABAAAAAAABBDBDBACCBBBA	['A3C', 'D17A', 'B21A', 'D24C', 'A72D', 'C77B', 'A101B', 'C113D', 'C124A', 'A151B', 'A155C', 'C232D']	12	-9.213849	0.0	-6.7774286	2.4364204
ABAAABCBACBBABCBDBABBDBABBBBAACAABAAABAAABAABAAABCBAAAAACACBAABAADACCBADACCACABBABABAAABABBAABDABBCAAAABABAAAABDCBCAAACAACCCDDAAAAAAAABDADACBADAAABDABBAAAACBBADAAABCAAABAAABAAABAABABAABAAABAAAACCAAAABAAABBBBCACDCAACDBDCCCAAAAABADDBAABAAAAABAABAAAAAAABBDBDBACCBBBA	['A11B', 'A14B', 'D24A', 'A28B', 'D39A', 'A72D', 'A74C', 'A97B', 'D119C', 'B121A', 'B137A', 'A151B', 'C164B', 'B187A', 'B201A', 'C232A', 'C234B']	17	-4.6922054	0.0	-2.255785	2.4364204
ABAAABCBACBBABCBDBABBDBABBBBAACAABAAABAAABAABAAABCBAAAAACACBAABAADACCBADACCACABBABABAAABABBAABDABBCAAAABABAAAABDCBCAAACAACCCDDAAAAAAAABDADACBADAAABDABBAAAACBBADAAABCAAABAAABAAABAABABAABAAABAAAACCAAAABAAABBBBCACDCAACDBDCCCAAAAABADDBAABAAAAABAABAAAAAAABBDBDBACCBBBA	['A11B', 'A14B', 'D24A', 'A28B', 'D39A', 'A72D', 'A74C', 'A97B', 'D119C', 'B121A', 'B137A', 'A151B', 'C164B', 'B187A', 'B201A', 'C232A', 'C234B']	17	-4.6922054	0.0	-2.255785	2.4364204
ABAAABCBACABAACBABABBDBDBBBAAAAAABAAABDAABAABAAABCBAAAAACACBAABAADACCBAAAACACABBABABAAABABBAABDAABCAAAABABAAAABDCBCAAADABCCDAAAAAAAAAABDBCACBADAAABDABBAAACABBADAAACCAAABAAABAAABAABABAABABABAAAACCAAAABAAABBABCACDCAACDBDCCCAAAAABADDBDACAAAAABAABAAAAAAABBDBDAACCBBBA	['D17A', 'C31A', 'C124D', 'D125A', 'D126A', 'D138C', 'A151B', 'A155C', 'C156A', 'B201A', 'B206A', 'C232D', 'B256A']	13	-6.530416	0.0	-4.093996	2.43642
ABAAABCBACABAACBABABBDBDBBBAAAAAABAAABDAABAABAAABCBAAAAACACBAABAADACCBAAAACACABBABABAAABABBAABDAABCABAABABAAAABDCBCAAADABCCAADAAAAAAAABDBDACBADAAABDABBAAACCBBADAACCCAAABAAABAAABAABABAABABABAAAACCAAAABAAABBBBCACDCAACDBDCBCAAAAABADDBDACAAAAABAABAAAAAAABBDBDAACCBBBA	['D17A', 'C31A', 'A101B', 'C124A', 'D125A', 'A151B', 'A155C', 'A163C', 'B201A', 'C220B', 'C232D', 'B256A']	12	-7.642115	0.0	-5.205695	2.43642
ABAAABCBACABAACBABABBDBDBBBAAACAABAAABDAABAABAAABCBAAAAACACBAABAADACCBADAACACABBABABAAABABBAABDAAACAAAABABAAAADDDBCAAADABCCAABAAAAAAAABDBDACBADAAABDABBAAACCBBADAAACCAAABBAABAAABAABABAABABABAAAACCAAAABAAABBBBCACDCAACDBDCBCAAAAABADDBCACAAAAABAABAAAAAAAABDBDBACCBBBA	['D17A', 'A72D', 'B98A', 'B111D', 'C113D', 'C124A', 'D125A', 'D126B', 'A151B', 'A155C', 'A170B', 'B201A', 'C220B', 'B251A']	14	-5.2799563	0.0	-2.8435364	2.43642
ABAAABCBACABAACBABABBDBDBBBAAACAABAAABDAABAABAAABBBAAAAACACBAABAADACCBAAAACACABBABABAAABABBAABDAABCABAABABAAAABDCBCAAADABCCADDAAAAAAAABDBCACBADAAABDABBAAACCBBADAAACCABABAAABAAABAABABAABABBBAAAACCAAAABBAABBBBCACDCAACDBDCBCAAAAABADDBDACAAAAABAABAAAAAAABBDBDBACCBBBA	['D17A', 'C50B', 'A101B', 'C124A', 'D138C', 'A151B', 'A155C', 'A167B', 'A188B', 'C220B', 'C232D']	11	-11.096781	0.0	-8.660361	2.4364195
ABAAABCBACABAACBABABBDBDBBBBAACAABAAABDAABAABAAABCBAAAAACACBAABAADACCBADAACACABBABABAAABABBAABDAABCAAAABABAAAABDCBCAAADABCCCDDACAAAAAABDBDACBADAAABDABBAAACCBBADAAACCAAABAAABAAABAABABAABABABAAAACCAAAABBAABBBBAACDCAACDBDCCCAAAAABADDBCAAAAAAABAABAAAAAAABBDBDBACCBBBA	['D17A', 'A28B', 'A72D', 'A128C', 'A151B', 'A155C', 'C208A', 'C234A']	8	-6.9091406	0.0	-4.472721	2.4364195
ABAAABCBACABAACBABABBDBDBBBAAACAABAAABDAABAABAAABABAAAAACACBAABAADACCBAAAACACABBABABAAABABBAABDAABCABAABABAAAABDCBCAAABABCCADDAAAAAAAABDBDACBADAAABDABBAAACAABADAAACCAAABAAABAAABAABABAABABABAAAACCAAAABAAABBBBCACDCAACDBDCCCAAAAABADDBCACAAAAABAABAAAAAAABBDBDBACCBBBA	['D17A', 'C50A', 'A101B', 'D119B', 'C124A', 'A151B', 'A155C', 'C156A', 'B157A', 'B201A']	10	-9.541658	0.0	-7.105239	2.4364195
ABAAABCBACABABCBDBABBCBDBBBAAACBABAABBAAABAABAAABCBAAAAACACBAABAADACCBAAAACACABBABABAAABABBAABDAABCABAABABAAAABDCBCAAADABCCCADAAAAAAAABDBDACBADAAABDABBAAAACBBADAADCCAAABCAABAAABAABABAABABABAAAACCAAAABAAABBBBCACDCAACDBDCCCAAAAABADDBCACAAAAABAABAAAAAAABBABDBACCBBBA	['A14B', 'D22C', 'A32B', 'A37B', 'D39A', 'A101B', 'D125A', 'A151B', 'A163D', 'A170C', 'B201A', 'D253A']	12	-6.192663	0.0	-3.7562437	2.4364195
ABAAABCBACABAACBDBABBDBDBBBAAACAABAAABDAABAABAAABABAAAAACACBAABAADACCBAAACCACABBABABAAABABBAABDAABCABAABABAAAABDCBCAAADABCCBDDAAAAAAAACDBDACBADAAABDABBAAACCABAAAAACCAAABAAABAAABAABBBAABABABAAAACCAAAABAAABBABCACDCAACDBCCBCAAAAAAADDBCACAAAAABAABAAAAAAABBBBDBACCBBBA	['C50A', 'A74C', 'A101B', 'C124B', 'B135C', 'A151B', 'A155C', 'B157A', 'D160A', 'A181B', 'B201A', 'B206A', 'D218C', 'C220B', 'B227A', 'D253B']	16	-8.129145	0.0	-5.692725	2.4364195
ABAAABCBACABAACBDBABBDBDBBBAAACAABAAABDAABAABAAABCBAAAAACACBAABAADACCBAAAACACABBABABAAABABBAABDAABCABAABABAAAABDCBCAAADABCCCDDAAAAAAAABDBDACBADAAABDABBAAACABBADAAACCAAABAAABAAABAABABAABABABAAAACCAAAABBAABBBBAACDCAACDBDCCCAAAAABADDBCACAAAAABAABAAAAAAABBDBDBACCBBBA	['A101B', 'A151B', 'A155C', 'C156A', 'C208A']	5	-9.7131815	0.0	-7.276762	2.4364195
ABAAABCBACABAACBDBABBDBDBBBAAACAABAAABDAABAABAAABCBAAAAACACBAABAADACCBAAAACACABBABABAAABABBAABDAABCABAABABAAAABDCBCAAADABCCCDDAAAAAAAABDBDACBADAAABDABBAAACABBADAAACCAAABAAABAAABAABABAABABABAAAACCAAAABBAABBBBAACDCAACDBDCCCAAAAABADDBCACAAAAABAABAAAAAAABBDBDBACCBBBA	['A101B', 'A151B', 'A155C', 'C156A', 'C208A']	5	-9.7131815	0.0	-7.276762	2.4364195
ABAAABCBACABABCBDBABBDBDBBBAAACBABAAABDAABAABAAABCBAAAAACACBAABAADACCBAAAACACABBABABAAABABBAABDAABCABAABABAAAABDCBCAAADABCCCDDAAAAAAAABBBCACBADAAABDABBAAACCBBADAABCCAAABAAABAAABAABABAABABABAAAACCAAAABAAABBABCACDCAACDBDCDCAAAAABADDBCACAAAAABAABAAAAAAABBDBDBACCBBBA	['A14B', 'A32B', 'A101B', 'D136B', 'D138C', 'A151B', 'A155C', 'A163B', 'B201A', 'B206A', 'C220D']	11	-7.2001853	0.0	-4.7637663	2.436419
ABAAABCBACABAACBABABBDBDBBBAAAAAABAAABDAABAABAAABCBAAAAACACBAABAADACCBADACCACABBABABAAABABBAABDAABCABAABABAAAABDDBCAAADABCCBADAAAAAAAABDBDACBADAAABDABBAAACABBADAAACCAAABABABAAABAABBBAABABABAAAACCAAAABAAABBABCACDCAACDBDCCAAAAAABADDBCACAAAAABAABAAAAAAABBDBDBACCBBBA	['D17A', 'C31A', 'A72D', 'A74C', 'A101B', 'C113D', 'C124B', 'D125A', 'A151B', 'A155C', 'C156A', 'A171B', 'A181B', 'B201A', 'B206A', 'C221A']	16	-5.7585664	0.0	-3.3221474	2.436419
ABAAABCBACABAACBDBAABDBDBBBAAAAAABAAABDAABAAAAAABCBAAAAACACBAABAADACCBAAAACACABBABABAAABABBAABDAABCABAABABAAAABDCBCAAADABCCCDDAAAAAAAACDBDACBADAAABDABBAAACCABABAAACCAAABAAABAAABAABABAABABABAAAACCAAAABAAABBBBCACDCAABDBDCCCAAAAABADDBCACAAAAABAABAAAAAAABBDBDBACCBBBA	['B20A', 'C31A', 'B45A', 'A101B', 'B135C', 'A151B', 'A155C', 'B157A', 'D160B', 'B201A', 'C215B']	11	-6.4313207	0.0	-3.9949017	2.436419
ABAAADBBABABAACBDBABBDBDBBBAAAAAABAAABDAABAABAAABCBAAAAACACBAABAADACCBADAACACABBABACAAABABAAABDAABCABAABABAAAABBCBCAAADABCCCDDAAAAAAAABDBDACBADAAABDABBAAACCBBADAAACCAAABAAABAAABAABABAABABABAAAACCAAAABAAABBABCACDCAACDBDCCCAAAAABADDBCACAAAAABAABAAAAAAABBDBDBACCBBBA	['B6D', 'C7B', 'C10B', 'C31A', 'A72D', 'B84C', 'B91A', 'A101B', 'D112B', 'A151B', 'A155C', 'B201A', 'B206A']	13	-9.199586	0.0	-6.7631674	2.4364185
ABAAABCBACABAACBABABBDBDBBBAAACAABAAABDAABAABAAABCBAAAAACACBAABAADABCBAAABCACABBABABAAABABBAABDAABCABAABABAAAABDCBCAAADABCCADDAAAAAAAABDBDACBADAAABDABBAAACCBBADAACCCAAABAAABAAABAABABAABABABAAAACCAAAABAAABBBBCACDCAACDBCCBCAAAAAAADDBCACAAAAABAABAAAAAAABBBBDAACCBBBA	['D17A', 'C68B', 'A74B', 'A101B', 'C124A', 'A151B', 'A155C', 'A163C', 'B201A', 'D218C', 'C220B', 'B227A', 'D253B', 'B256A']	14	-5.496502	0.0	-3.0600834	2.4364185
ABAAABCBABABAACBDBABBDBDBBBAAAAAABAAABDAABAABAAABCBAAAAACACBAABAADACCBAAAACACABBABABAAABABBAABDAABCABAABAAAAAABDCBCAAADABCCCDDAAAAAAAABDBDACBADAAABDABBAAAACBBADAAACCAAABAAABAAABAABABAABABABAAAACCAAAABBAABBBBCACDCAACDBDCCCAAAAABADDBCACAAAAABAABAAAAAAABBDBDBACCBBBA	['C10B', 'C31A', 'A101B', 'B106A', 'A151B']	5	-6.6470165	0.0	-4.210598	2.4364185
ABAAABCBABABABCBDBABBDDDBBBBABCAABAAABAAABAABAAABCBAAAAACACBAABAADACCBAAAACACABBABABAAABABBAABDAABCABAABABAAAABDCBCAAADABCCADDAAAAAAAABDBDACBADAAABDABBAAAACBBADAAACCAAABAAABAAABAABABAAAABABAAAACCAAAABAAABBABCACDCAACABDCCCAAAAABADDBCACAAAAABAABAAAAAAABBDBDBACCBBBA	['C10B', 'A14B', 'B23D', 'A28B', 'A30B', 'D39A', 'A101B', 'C124A', 'A151B', 'B185A', 'B201A', 'B206A', 'D216A']	13	-5.110758	0.0	-2.6743393	2.4364185
ABAAAABBACABAACBDBABBDBDBBBAAACAABAAABDAABAABAAABABAAAAACACBAABAADACCBAAAACACABBABABAAABABBAABDABBCABAABABAAAABDCBCAAACABCCCDDAAAAAAAABDBDACBADAAABDABBAAACCBBADAAACCAAABAAABAAABAABABAABABABAAAACCAAAABAAABBABAACCAAACDBDCCCAAAAABADDBDACAAAAABAABAAAAAAABBDBDBACCBBBA	['B6A', 'C7B', 'C50A', 'A97B', 'A101B', 'D119C', 'A151B', 'A155C', 'B201A', 'B206A', 'C208A', 'D211C', 'C212A', 'C232D']	14	-8.847482	0.0	-6.411063	2.4364185
ABBAABCBACABAACBABABBDBDBBBAAACAABAAABAAABAABAAABABAAAAACACBAABAADACCBADAACACABBABABAAABABBAABDAABCAAAABABAAAABDCBCAAADABCCCDDAAAAAAAABDBDACBADAAABDABBAAACAABADAAACCAAABAAAAAAABAABABAABABABAAAACCAAAABBAABBBBCACDCAACDBDCCCAAAAABADDBDACAAAAABAABAAAAAAABBDBDBACCBBBA	['A3B', 'D17A', 'D39A', 'C50A', 'A72D', 'A151B', 'A155C', 'C156A', 'B157A', 'B173A', 'C232D']	11	-11.451331	0.0	-9.014913	2.4364185
ABAAABCBACABAACBABABBDBDBBBAAACAABAAABDAABAABAAABCBAAAAACACBAABAADACCBAAAACACABBABABAAABABBAABDAABCABAABABAAAADCCBCAAABABCBDDDAAAAAAAABDBDACBADAAABDABBAAACAABADAAACCAAABAAABAAACAABABAABABABAAAACCAAAABBAABBBBCACDCAACDBDCCCAAAAABADDBCACAAAAABAABAAAAAAABBDBDAACCBBBA	['D17A', 'A101B', 'B111D', 'D112C', 'D119B', 'C123B', 'C124D', 'A151B', 'A155C', 'C156A', 'B157A', 'B177C', 'B256A']	13	-10.350414	0.0	-7.9139957	2.4364185
ABAAABCBACABAACBDBABBDBDBBBAAACAABAAABAAABAABAAABABAAAAACACBAABAADACCBAAAACACABBABABAAABABBAABDAABCAAAABABAAAABDCBCAAADABCCCACAAAAAAAABDBDACBADAAABDABBAAACCABABAAACCAAABAAABAAABAABABAABABABAAACCCAAAABBABBBBBCACDCAACDBDCCCAAAAABADDBDACAAAAABAABAAAAAAABBDBDBACCBBBA	['D39A', 'C50A', 'D125A', 'D126C', 'A151B', 'A155C', 'B157A', 'D160B', 'A193C', 'A203B', 'C232D']	11	-9.602415	0.0	-7.1659966	2.4364185
ABAAABCBACABAACBDBABBDBDBBBAAACAABAAABDAABAABAAABCBAAAAACACBAABAADACCBAAAACACABBABABAAABABBAABDAABCAAAABABAAAADBCBCAAADABCCADDAAAAAAAABDBDACBADAAABDABBAAACCBBADAADCCAAABAAABAAABAABABAABABABAAAACCAAAABAAABBBBCACDCAACDBDCCCAAAAABADDBCACAAAAABAABAAAAAAABBDBDBACCBBBA	['B111D', 'D112B', 'C124A', 'A151B', 'A155C', 'A163D', 'B201A']	7	-6.9363327	0.0	-4.499914	2.4364185
ABAAABCBACBBAACBDBABBDBDABBBAACAABAABBAAABAABAAABBBAAAAACACBAABAADACCBAAACCACABBABABAAABABBAABDAABCAAAABABAAAABDCBCAAADABCCADDAAAAAAAABDBCACBADAAABDABBAAACCABAAAAACCAAABAAABAAABAABABAABABABAAAACCAAAABBABBBBBBACDCAACDBDCCCAAAAABADDBDADAAAAABAABAAAAAAABBAADBACCBBBA	['A11B', 'B25A', 'A28B', 'A37B', 'D39A', 'C50B', 'A74C', 'C124A', 'D138C', 'A151B', 'A155C', 'B157A', 'D160A', 'A203B', 'C208B', 'C232D', 'C234D', 'D253A', 'B254A']	19	-10.289403	0.0	-7.8529844	2.4364185
ABAAABCBACABAACBDBABBDBDBBBAAAAAABAAABDAABAABAAABCBAAAAACACBAABAADACCBADAACACABBABABAAABACBAABDAABCABAABABAAAABDCBCAAADABCCCDDAAAAAAAABBBDACBADAAABDABBAAAACBBADAAACCAAABAAABAAABAABABAABABABAAAACCAAAABBAABBBBCACDCAACDBDCCCAAAAABADDBCACAAAAABAABAAAAAAABBDBDBACCBBBA	['C31A', 'A72D', 'B90C', 'A101B', 'D136B', 'A151B']	6	-6.657214	0.0	-4.2207966	2.4364176
ABAAABCBACABAACBDBABBDBDBBBAAACAABAAABDAABAABAAABABAAAAACACBAABAADACCBAAAACACABBABABAAABABBAABDABBCABAABABAAAABDCBCAAABABCCCDDAAAAAAAABDBDACBAAAAABDABBAAAACBBADAAACCAAABAAABAAABAABABAABABABAAAACCAAAABBAABBBBCACDCAACDBDCCCAAAAABADDBCAAAAAAABAABAAAAAAABBDBDBACCBBBA	['C50A', 'A97B', 'A101B', 'D119B', 'D143A', 'A151B', 'C234A']	7	-4.177518	0.0	-1.7411003	2.4364176
ABAAABCBACBBABCBDBABBDBCBBBAAACAABAAABDAABAABAAABCBAAAAACACBAAAAADACCBAAACCACABBABABAAABABBCABDABBCABAABABAAAABBCBCAAADABCCCADAAAAAAAABDBDACBADAAABDABBAAAACBBADAACCCAAABAAABAAABAABABAABABABAAAACCAAAABAAABBBBBACDCAACDBDCCCAAAAABADDBCAAAAAAABAABAAAAAAABBDBDBACCBBBA	['A11B', 'A14B', 'D24C', 'B63A', 'A74C', 'A92C', 'A97B', 'A101B', 'D112B', 'D125A', 'A151B', 'A163C', 'B201A', 'C208B', 'C234A']	15	-4.7632275	0.0	-2.32681	2.4364176
ABAAABCBACAAABCBDBABADCDBBBAAAAAABAAABDAABAABAAABCBAAAAACACBAABAADACCBAAAACACABBABABAAABABBCABDAABCABAABABAAAABDCBCAAADABCCADDAAAAAAAABDBDACBADAAABDABBAAACCBBADAAACCAAABAAABAAABAABABAABABABAAAACCAAAABBAAABBBCACDCAABDBDCCCAAAAABADDBCACAAAAABAABAAAAAAABBDBDBACCBBBA	['B12A', 'A14B', 'B21A', 'B23C', 'C31A', 'A92C', 'A101B', 'C124A', 'A151B', 'A155C', 'B204A', 'C215B']	12	-11.757889	0.0	-9.321471	2.4364176
ABAAABCBACABAACBDBABBDBDBBBAAACAABAAABDAABAABAAABCBAAAAACACBAABAADACCBAAAACACABBABABAAABABBAABDAABCACAABABAAAABDCBCAAADABCCDADAAAAAAAACDBDACBADAAABDABBAAACCBBADAACCCAAABAAABAAABAABABAABABABAAAACCAAAABAAABBBBCACDCAACDBDCCCAAAAABADDBCADAAAAABAABAAAAAAABBDBDAACCBBBA	['A101C', 'C124D', 'D125A', 'B135C', 'A151B', 'A155C', 'A163C', 'B201A', 'C234D', 'B256A']	10	-9.544792	0.0	-7.1083746	2.4364176
ABAAABCBACABAACBABABBDBDBBBAAAAAABAAABDAABAABAAABABAAAAACACBAABAADACCBAAAACACABBABABAAABABBAABCAABCABAABABAAAABACBCAAABABCCCDDAAAAAAAABDBDACBADAAABDABBAAACAABADAAACCAAABAAABAAABAABABAABABABAAAACCAAAABBAABBBBCACDCAACDBDCCCAAAAABADDBCACAAAAABAABAAAAAAABBDBDBACCBBBA	['D17A', 'C31A', 'C50A', 'D95C', 'A101B', 'D112A', 'D119B', 'A151B', 'A155C', 'C156A', 'B157A']	11	-7.4537644	0.0	-5.0173473	2.436417
ABAAABCBACBBAACBDBABCDBDABBAAACAABAAABDAABAABAAABCBAAAAACACBAABAADACCBAAAACACABBABABAAABABBAABDAABCAAAABABAAAABDCBCAAAAABBCCADAAAAAAAABDBDACBADAAABDABBAAAACBBADAAACCAAABAAABAAABAABABAABABABAAAACCAAAABAABBBBBCACDCAACDBCCCCAAAAABADDBCADAAAAABAABAAAAAAABBABDBACCBBBA	['A11B', 'B21C', 'B25A', 'D119A', 'C122B', 'D125A', 'A151B', 'B201A', 'A203B', 'D218C', 'C234D', 'D253A']	12	-7.7109046	0.0	-5.2744875	2.436417
ABAAABCBACABAACBDBAABDBDBBBAAACAABAAABDAABAABAAABABAAAAACACBAABAADACCBADAACACABBABABAAABABBAABDABBCABAABABAAAABDCBCAAABABCCADDAAAAAAAABDBDACBADAAABDABBAAACCBBADAAACCAAABAAABAAABAABABAABABABAAACCCAAAABBAABBBBCACCCAACDBDCCCAAAAABADDBCACAAAAABAABAAAAAAABBDBDBACCBBBA	['B20A', 'C50A', 'A72D', 'A97B', 'A101B', 'D119B', 'C124A', 'A151B', 'A155C', 'A193C', 'D211C']	11	-6.8085175	0.0	-4.372101	2.4364166
ABAAABCBACABAACBABABBDBDBBBBAACAABAAABDAABAABAAABABAAAAACACBAABAADACCBAAAACACABBABABAAABABBAABDAABCAAAABABAAAABDCBCAAADABCCDDDAAAAAAAABDBDACBADAAABDABBAAACCBBADAAACCABABAAABAAABAABABAABABABAAAACCAAAABBAABBBBCACCCAACDBDCCCAAAAAAADDBCACAAAAABAABAAAAAAABBDBCAACCBBBA	['D17A', 'A28B', 'C50A', 'C124D', 'A151B', 'A155C', 'A167B', 'D211C', 'B227A', 'D255C', 'B256A']	11	-10.116349	0.0	-7.6799326	2.4364166
ABAAABCBACBBAACBDBABBDBCBBBAAAAAABAAABDAABAABAAABCBAAAAACACBAABAADACCBAAAACACABBABABAAABABBAABDAABCABAABABAAAABDCBCAAACABBCCDDAAAAAAAABBBDACBADAAABDAABAAACCBBADAAACCAAABAAABAAABAABABAABABABAAAACCAAAABBAABBBBCACCCAACDBDCCCAAAAABADDBCACAAAAABAABAAAAAAABBDBDBACCBBBA	['A11B', 'D24C', 'C31A', 'A101B', 'D119C', 'C122B', 'D136B', 'B150A', 'A151B', 'A155C', 'D211C']	11	-7.5882235	0.0	-5.151807	2.4364166
ABAAABCBACBBAACBCBABBDBDBBBAAACAABAAABDAABAABAAABCBAAAAACACBAABAADACCBADAACACABBABABAAABABBAABDAABCAAAABABAAAABDCBCAAADABCCCDDAAAAAAAABDBDACBADAAABDABBAAACCBBADAAACCAAABAAABAAABAABABAABABABAAAACCAABABAAABBBBCACCCAACDBDCCCAAAAABADDBCACAAAAABAABAAAAAAABBDBDBACCBBBA	['A11B', 'D17C', 'A72D', 'A151B', 'A155C', 'A198B', 'B201A', 'D211C']	8	-8.535994	0.0	-6.099577	2.4364166
ABAAABCBACABABCBDBABBDBDBBBAAACAABAAABDAABAABAAABCBAAAAACACBAABAADACCBAAACAACAABABABAAABABBAABDAABCAAAABABAAAABDCBCAAACABBCAADAAAAAAAABDBAACBADAAAACABBAAAAABBADAADCCAAABAAABAAABAABABAABABABAAAACCAAAABAAABBBBCACDCAACDBBCCCAAAAABADDBCAAAAAAABAABAAAAAAABBDBDAACCBBBA	['A14B', 'A74C', 'C75A', 'B79A', 'D119C', 'C122B', 'C124A', 'D125A', 'D138A', 'B147A', 'D148C', 'A151B', 'C156A', 'A163D', 'B201A', 'D218B', 'C234A', 'B256A']	18	-7.9063272	0.0	-5.4699106	2.4364166
ABAAABCBACABAACBABABBDBDBBBAAACAABAAABDAABAABAAABCBAAAAACACBAABAADACCBAAAACACABBABABAAABABBAABDAABCABAABABAAAABDCBCAAADABCCCDDAAAAAAAABBBDACBADAAABDABBAAACCABAAAAACCAAADAAABAAABAABABAABABABAAAACCAAAABBAABBBBBACDCAACDBDCCCAAAAABADDBDADAAAAABAABAAAAAAABBABDAACCBBBA	['D17A', 'A101B', 'D136B', 'A151B', 'A155C', 'B157A', 'D160A', 'B169D', 'C208B', 'C232D', 'C234D', 'D253A', 'B256A']	13	-11.25681	0.0	-8.820394	2.4364166
ABAAABCBABABAACBDBABBDBDBBBAAACAABAAABDAABAABAAABCBAAAAACACBAABAADACCBADAACACABBABAAAAABABBAABDAABCABAABABAAAABDCBCAAADABCCCDDAAAAAAAABDBDACBADAAABDABBAAAACBBADAAACCAAABAAABAAABAABABAABABABAAAACCAAAABBAABBBBCACDCAACDBBCCCAAAAABADDBCADAAAAABAABAAAAAAABBDBDBACCBBBA	['C10B', 'A72D', 'B84A', 'A101B', 'A151B', 'D218B', 'C234D']	7	-7.5066805	0.0	-5.070265	2.4364157
ABAAABCBACABAACBDBABBDBBBBBAAACAABAAABDAABAABAAABCBAAAAACACBAABAADACCBAAAACACABBABABAAABABBAABDAABCAAAABABAAAABDCBCAAACABBCAADAAAAAAAABDBDACBADAAABDABBAAACCBBADAAACCAAABAAABAAABAABABAABABABAAAACCAAAABAAABABBCACDCAACDBDCCCAAAAABADDBCACAAAAABAABAAAAAAABBDBCBACCBBBA	['D24B', 'D119C', 'C122B', 'C124A', 'D125A', 'A151B', 'A155C', 'B201A', 'B205A', 'D255C']	10	-8.870672	0.0	-6.4342566	2.4364157
ABAAABCBACABAACBABABBDBDBBBBAACAABAAABDAABAABAAABCBAAAAACACBAABAADACCBAAAACACABBABABAAABABBAABDAABCAAAABABAAAABBCBCAAAAABBCDADAAAAAAAABDBDACBADAAABDABBAAACCABABAAACCAAABAAABAAABAABABAABABABAAAACCAAAABAAABBBBCACDCAACDBDCCCAAAAABADDBCACAAAAABAABAAAAAAABBDBDBACCBBBA	['D17A', 'A28B', 'D112B', 'D119A', 'C122B', 'C124D', 'D125A', 'A151B', 'A155C', 'B157A', 'D160B', 'B201A']	12	-6.8526964	0.0	-4.4162807	2.4364157
ABAAACCBABABAACBDBABBDADBBBAAAAAABAAABDAABAABAAABCBAAAAACACBAABAADACCBAAAACACABBABABAAABABBAABDAABCABAABABAAAABDCBCAAADABCCADDAAAAAAAABDBDACBADAAABDABBAAACABBADAAACCAAABAAABAAABAABABAABABABAAAACCAAAABAAABBBBCACDCAACDBDCCCAAAAABADDBDACAAAAABAABAAAAAAABBDBDBACCBBBA	['B6C', 'C10B', 'B23A', 'C31A', 'A101B', 'C124A', 'A151B', 'A155C', 'C156A', 'B201A', 'C232D']	11	-10.222561	0.0	-7.786145	2.4364157
ABAAACCBABABAACBDBABBDADBBBAAAAAABAAABDAABAABAAABCBAAAAACACBAABAADACCBAAAACACABBABABAAABABBAABDAABCABAABABAAAABDCBCAAADABCCADDAAAAAAAABDBDACBADAAABDABBAAACABBADAAACCAAABAAABAAABAABABAABABABAAAACCAAAABAAABBBBCACDCAACDBDCCCAAAAABADDBDACAAAAABAABAAAAAAABBDBDBACCBBBA	['B6C', 'C10B', 'B23A', 'C31A', 'A101B', 'C124A', 'A151B', 'A155C', 'C156A', 'B201A', 'C232D']	11	-10.222561	0.0	-7.786145	2.4364157
ABAAACCBABABAACBDBABBDADBBBAAAAAABAAABDAABAABAAABCBAAAAACACBAABAADACCBAAAACACABBABABAAABABBAABDAABCABAABABAAAABDCBCAAADABCCADDAAAAAAAABDBDACBADAAABDABBAAACABBADAAACCAAABAAABAAABAABABAABABABAAAACCAAAABAAABBBBCACDCAACDBDCCCAAAAABADDBDACAAAAABAABAAAAAAABBDBDBACCBBBA	['B6C', 'C10B', 'B23A', 'C31A', 'A101B', 'C124A', 'A151B', 'A155C', 'C156A', 'B201A', 'C232D']	11	-10.222561	0.0	-7.786145	2.4364157
ABAAACCBABABAACBDBABBDADBBBAAAAAABAAABDAABAABAAABCBAAAAACACBAABAADACCBAAAACACABBABABAAABABBAABDAABCABAABABAAAABDCBCAAADABCCADDAAAAAAAABDBDACBADAAABDABBAAACABBADAAACCAAABAAABAAABAABABAABABABAAAACCAAAABAAABBBBCACDCAACDBDCCCAAAAABADDBDACAAAAABAABAAAAAAABBDBDBACCBBBA	['B6C', 'C10B', 'B23A', 'C31A', 'A101B', 'C124A', 'A151B', 'A155C', 'C156A', 'B201A', 'C232D']	11	-10.222561	0.0	-7.786145	2.4364157
ABAAACCBABABAACBDBABBDADBBBAAAAAABAAABDAABAABAAABCBAAAAACACBAABAADACCBAAAACACABBABABAAABABBAABDAABCABAABABAAAABDCBCAAADABCCADDAAAAAAAABDBDACBADAAABDABBAAACABBADAAACCAAABAAABAAABAABABAABABABAAAACCAAAABAAABBBBCACDCAACDBDCCCAAAAABADDBDACAAAAABAABAAAAAAABBDBDBACCBBBA	['B6C', 'C10B', 'B23A', 'C31A', 'A101B', 'C124A', 'A151B', 'A155C', 'C156A', 'B201A', 'C232D']	11	-10.222561	0.0	-7.786145	2.4364157
ABAAABCBABABAACBDBABBDBDBBBAAACAABAAABDAABAABAAABCBAAAAACACBAABAADACCBADAACACABBABADAAABABBAABDAABCAAAABABAAAABDCBCAAADABCCCDDAAAAAAAACDBDACBADAAABDABBAACCCBBADAAACCAAABAAABAAABAABABAABABABAAAACCAAAABAAABBBBCACDCAACDBDCCCAAAAABADDBDACAAAAABAABAAAAAAABBDBDBACCBBBA	['C10B', 'A72D', 'B84D', 'B135C', 'A151B', 'A154C', 'A155C', 'B201A', 'C232D']	9	-9.461178	0.0	-7.024762	2.4364157
ABAAABCBACBBAACBDBABBDBDBBBAAAAAABAAABAAABAACAAABCBAAAAACACBAABAADACCBAAAACACABBABABAAABABBAABDAABCABAABABAAAABDCBCAAADABCCCDDAAAAAAAABDBDACBADAAABDABBAAACCBBADAAACCAAABAAABAAABAABABAABABABAAAACCAAAABAAABBBBCACDCAACDBDCCCAAAAABADDBDACAAAAABAABAAAAAAABBDBDBACCBBBA	['A11B', 'C31A', 'D39A', 'B45C', 'A101B', 'A151B', 'A155C', 'B201A', 'C232D']	9	-9.717154	0.0	-7.280738	2.4364157
ABAAACCBACABAACBABABBDBDBBBAAACAABAAABDAABAABAAABCBAAAAACACBAABAADACCBAAAACACABAABABAAABABBAABDAABCABAABABAAAABDCBCAAADABCCDBDAAAAAAAABDBDACBADAAABDABBAAACCBBADAAACCAAABAAABAAABAABABAABABABAAACCCAAAABBAABBBBCACDBAACDBDCCCAAAAABADDBCACAAAAABAABAAAAAAABBDBDBACCBBBA	['B6C', 'D17A', 'B80A', 'A101B', 'C124D', 'D125B', 'A151B', 'A155C', 'A193C', 'C212B']	10	-8.606293	0.0	-6.169878	2.4364147
ABAAABCBACABAACBDBABBDBDBBBAAAAAABAAABDAABAABAAABCBAAAAACACBAABAADACCBAAAACACABBABABAAABABBAABDAABCABAABABAAAABBDBCAAADABCCCDDAAAAAAAABDBDACBADAAABDABBAAACAABADAAACCAAABAAABAAABAABABAABABABAAAACCAAAABAAABBBBCACDCAACDBCCCCAAAAABACDBCACAAAAABAABAAAAAAABBABDAACCBBBA	['C31A', 'A101B', 'D112B', 'C113D', 'A151B', 'A155C', 'C156A', 'B157A', 'B201A', 'D218C', 'D229C', 'D253A', 'B256A']	13	-7.487826	0.0	-5.0514116	2.4364142
ABAAABCBACBBAACBDBABBDBDBBBBAAABABAABBDAABAABAAABCBAAAABCACBAABAADACCBAAAACACABBABABAAABABBAABDAABCAAAABABAAAABDCBCAAACABBCDDDAAAAAAAABDBDACBADAAABDABBAAACCBBADAABCCAAABAAABAAABAABABAABABABAAAACCAAAABAAABBBBCACCCAACDBDCCCAAAAABADDBCAAAAAAABAABAAAABAABBDBDBACCBBBA	['A11B', 'A28B', 'C31A', 'A32B', 'A37B', 'A56B', 'D119C', 'C122B', 'C124D', 'A151B', 'A155C', 'A163B', 'B201A', 'D211C', 'C234A', 'A248B']	16	-6.0863495	0.0	-3.6499357	2.4364138
ABAAABCBACABAACBDBABBDBDBBBAAACAABAAABDAABAADAAABCBAAAAACACBAABAADACCBAAAACACABBABABAAABABBAABDAABCAAAABABAAAABDCBCAAADABCCAADAAAAAAAABDBDACBADAAABDABBAAACABBADAADCAAAABAAABAAABAABAAAABABABAAAACCAAAABAAABBBBCACDBAACDBDCCCAAAAABADDBCACAAAAABAABAAAAAAABBDBDBACCBBBA	['B45D', 'C124A', 'D125A', 'A151B', 'A155C', 'C156A', 'A163D', 'C165A', 'B182A', 'B201A', 'C212B']	11	-8.972235	0.0	-6.535821	2.4364138
ABAAABCBACBBAACBDBABCDDDBBBAAACAABAAABDAABAABAAABCBAAAAACACBAABAADACCBAAAACACABBABABAAABABBAABDAABCABAABABAAAAADCBCAAADABBCADDAAAAAAAABDBDACBADAAABDABBAAACCBBADAAACCAAABAAABAAABAABABAABABABAAAACCAAAABAAABBBBCACDCAACDBDCCCAAAAABADDBCACAAAAABAABAAAAAAABBDBDBACCBBBA	['A11B', 'B21C', 'B23D', 'A101B', 'B111A', 'C122B', 'C124A', 'A151B', 'A155C', 'B201A']	10	-9.49234	0.0	-7.0559263	2.4364138
ABAAABCBACABAACBDBAABDBDBBBAAACAABAAABDAABAABAAABCBAAAAACACBAABAADACCBAAAACACABBABABAAABABBAABDAABCABAABABAAAABDCBCAAADABCCADDAAAAAAAABDBDACBADAAABDABBAAACCABABAAACCAAABAAABAAABAABABAABABABAAACCCAAAABAAABBBBCACDCAACDBDCCCAAAAABADDBDACAAAAABAABAAAAAAABBDBDBACCBBBA	['B20A', 'A101B', 'C124A', 'A151B', 'A155C', 'B157A', 'D160B', 'A193C', 'B201A', 'C232D']	10	-9.879414	0.0	-7.443	2.4364138
ABAAABCBACABAACBDBABBDBDBBBAAAAAABAAABDAABAABAAABCBAAAAACACBAABAADACCBAAAACACABBABABAAABABBAABDAABCABAABABAAAABDCBCAAADABCCCDDAAAAAAAABDBDACBADAAABDABBAAAACBBADAAACCAAABAAABAAABAABABAABABABAAAACCAABABAAABBBBCACDCAACDBDCCCAAAAABADDBCACAAAAABAABAAAAAAABBDBDBACCBBBA	['C31A', 'A101B', 'A151B', 'A198B', 'B201A']	5	-5.956993	0.0	-3.5205803	2.4364128
ABAAABCBACBBAACBDBABBDBDBBBAAACAABAAABDAABAABAAABCBAAAAACACBAABAADACCBADAACACABBABABAAABABBAABDAABCABAABABAAAABDDBCAAADABCCBBDAAAAAAAABDBDACBADAAABDABBAAACCBBADCAACCAAABAAABAAABAABABAABABABAAAACCAAAABBAABBBBCACDCAACDBDCCCAAAAABADDBCACAAAAABAABAAAAAAABBDDDAACCBBBA	['A11B', 'A72D', 'A101B', 'C113D', 'C124B', 'D125B', 'A151B', 'A155C', 'A161C', 'B254D', 'B256A']	11	-7.336959	0.0	-4.900547	2.4364119
ABAAABDBACABAACBABABBDBDBBBBABCAABAAABDAABAABAAABABAAAAACACBAABAADACCBADAACACABBABABAAABABBAABDAABCABAABABAAAABACBCAAADABCCAADAAAAAAAABABDACBADAAABDABBAAACABBADAAACCAAABAAABAAABAABABAABABABAAAACCAAAABAAABBBBCACDCAACDBCCCCAAAAABADDBCAAAAAAABAABAAAAAAABBDBDAACCBBBA	['C7D', 'D17A', 'A28B', 'A30B', 'C50A', 'A72D', 'A101B', 'D112A', 'C124A', 'D125A', 'D136A', 'A151B', 'A155C', 'C156A', 'B201A', 'D218C', 'C234A', 'B256A']	18	-6.7278466	0.0	-4.2914352	2.4364114
ABAAABCBACABAACBDBABBDBDBBBAAACAABAAABDAABAABAAABCBAAAAACACBAABAADACCBAAAACACABBABABAAABABBAABDAABCAAAABAAAAAABDCBCAAADABCCADDAAAAAAAABDBDACBADAAABDABBAAACCBBADAAACCAAABAAABAAABAABABAABABABAAADCCAAAABAAABBABCACDCAACDBDCCCAAAAABADDBDACAAAAABAABAAAAAAABBABDBACCBBBA	['B106A', 'C124A', 'A151B', 'A155C', 'A193D', 'B201A', 'B206A', 'C232D', 'D253A']	9	-9.855354	0.0	-7.4189444	2.43641
ABAAABCBACABAACBDBABBDBDABBAAACAABAAABDAABAABAAABCBAAAAACACBAABAADACCBADAACACABBABABAAABABBAABDAABCAAAABABAAAABDCBCAAADABCCCDDAAAAAAAABDBDADBADAAABBABBAAAACBBADAAACCAAABAAABAAABAABABAABABABAAAACCAAAABBAABBBBCACCCAABDBDCCCAAAAABADDBCACAAAAABAABAAAAAAABBDBDBACCBBBA	['B25A', 'A72D', 'C140D', 'D148B', 'A151B', 'D211C', 'C215B']	7	-10.070085	0.0	-7.6336746	2.43641
ABAAABCBACABAACBDBABBDBDBBBAAACAABAAABDAABAABAAABCBAAAAACACBAABAADACCBAAAACACABBABABAAABABBAABDAABCAAAABABAAAABDCBCAAADABCCADDAAAAAAAABDBDACBADAAABDABBAAACCBBADABACCAAABBAABAAABAABABAABABABAAAACCAAAAAAAABBBBCACDCAACDBDCBCAAAAABADDBCADAAAAABAABAAAAAAABBDBDBACCBBBA	['C124A', 'A151B', 'A155C', 'A162B', 'A170B', 'B200A', 'B201A', 'C220B', 'C234D']	9	-7.3131566	0.0	-4.876747	2.4364095
ABAAABCBABABAACBDBABBDBDBBBAAACAABAAABDAABAABAAABCBAAAAACACBAABAADACCBADAACACABBABABAAABABBAABDAABCAAAABABAAAABDDBCAAADABCCAADAAAAAAAABDBDADBADAAABBABBAAAACBBADAAACCAAABAAABAAABAABABAABABABAAAACCAAAABBAABBBBCACDCAACCBDCCCAAAAABADDBCACAAAAABAABAAAAAAABBDBDBACCBBBA	['C10B', 'A72D', 'C113D', 'C124A', 'D125A', 'C140D', 'D148B', 'A151B', 'D216C']	9	-9.335981	0.0	-6.8995724	2.436409
ABAAACCBACBBAACBDBABBDBDBBBAAAABABAABBBAABAABAAABCBAAAAACACBAABAADACCBAAAACACABBABABAAABABBAABAAABCABAABABAAAABDCBCAAADABCCABDAAAAAAAABDBDACBACAAABDABAAAAACBBADAAACCAAABAAABAAABAABABAABABABAAAACCAAAABAAABBAACACDCAACDBDCCCCAAAABADDBCACAAAAABAABAAAAAAABBDBDBACCBBBA	['B6C', 'A11B', 'C31A', 'A32B', 'A37B', 'D39B', 'D95A', 'A101B', 'C124A', 'D125B', 'D143C', 'B201A', 'B206A', 'B207A', 'A222C']	15	2.3923306	0.0	2.3923264	2.3923264
ABAAABCBACBBAACBDBABBDBCBBBAAAAAABAAABDAABAABAAABCBAAAAACACBAABAADACCBAAABCACABBABABAAABABBAABDAABCABAABABAAAABAABCAAADABCCADDAAAAAAAABDBDACBACAAABDABAAAAACBBADAAACCAAABAAABAAABAABABAABABABAAAACCAAAABBAABBABBACDCAACDBDCCCAAAAABADDBCACAAAAABAABAAAAAAABBDBDBACCBBBA	['A11B', 'D24C', 'C31A', 'A74B', 'A101B', 'D112A', 'C113A', 'C124A', 'D143C', 'B206A', 'C208B']	11	2.3912477	0.0	2.3912468	2.3912468
ABAAABCBACABAACBABABBDBDBBBAAAAAABAAABDAABAABAAABCBAAAAACACBAABAADACCBAAAACACABAABABAAABABBAABDABBCABAABABAAAABDCBCAAABABCCAADAAAAAAAABDBDACBAAAAABDABAAAAACBBADAAACCAAABAAABAAABAABABAABABABAAAACCAAAABBAABBABCACDCAACDBDCCCAAAAABADCBCACAAAAABAABAAAAAAABBDBDAACCBBBA	['D17A', 'C31A', 'B80A', 'A97B', 'A101B', 'D119B', 'C124A', 'D125A', 'D143A', 'B206A', 'D230C', 'B256A']	12	2.3849156	0.0	2.3849115	2.3849115
ABAAABCBACABAACBDBABBDBDBBBAAAAAABAAABDAABAAAAAACCBAAAAACACBAABAADACCBAAAACACABBABABAAABABBAABDABBCABAABABAAAABDCBCAAADABCCCDDAAAAAAAABDBDACBACAAABDABAAAAACBBADAACCCAAABAAABAAABAABABAABABABAAAACCAAAABAAABBBBCACDCAABDBDCCCAAAAABADDBCACAAAAABAABAAAAAAABBDBDBACCBBBA	['C31A', 'B45A', 'B49C', 'A97B', 'A101B', 'D143C', 'A163C', 'B201A', 'C215B']	9	2.3237252	0.0	2.3237247	2.3237247
ABAAABCBACABAACBDBABBDBDBBBAAAAAABAAABDAABAAAAAACCBAAAAACACBAABAADACCBAAAACACABBABABAAABABBAABDABBCABAABABAAAABDCBCAAADABCCCDDAAAAAAAABDBDACBACAAABDABAAAAACBBADAACCCAAABAAABAAABAABABAABABABAAAACCAAAABAAABBBBCACDCAABDBDCCCAAAAABADDBCACAAAAABAABAAAAAAABBDBDBACCBBBA	['C31A', 'B45A', 'B49C', 'A97B', 'A101B', 'D143C', 'A163C', 'B201A', 'C215B']	9	2.3237252	0.0	2.3237247	2.3237247
ABAAABCBACABAACBABABBDBDBBBAAAAAAAAAABCAABAABAAABCBAAAAACACBAABAADACCBAAABCACABBABABAAABABBAABDABBCAAAABABAAAABDCBCAAABABCCADDAAAAAAAABDBDACBABAAABDABAAAAACBBADAAACCAAABAAABAAABAABABAABABABAAAACCAAAABBAABBABCACDCAACDBDCCCAAAAABABCBCACAAAAABAABAAAAAAABBDBDBACCBBBA	['D17A', 'C31A', 'B34A', 'D39C', 'A74B', 'A97B', 'D119B', 'C124A', 'D143B', 'B206A', 'D229B', 'D230C']	12	2.0546892	0.0	2.0546865	2.0546865
ABAAABCBACABAACBABABBDBDBBBAAACAABAAABDAABAABAAABCBAAAAACACBAABAADACCBAAAACACABBABABAAABABBAABDABBCAAAABABAAAABDCBCAAADABCCAADAAAAAAAABDBDACBAAAAABDABAAAAACBBADAADCCAAABAAABAAABAABABAABABABAAAACCAAAABBAABBBBCACBCAACDBDCCCAAAAABADCBCACAAAAABAABAAAAAAABBDBDBACCBBBA	['D17A', 'A97B', 'C124A', 'D125A', 'D143A', 'A163D', 'D211B', 'D230C']	8	2.0298088	0.0	2.0298052	2.0298052
ABAAABCBACABAACBDBABBDBDBBBAAACBABAAABDACBAABAAABCBAAAAACACBAABAADACCBADAACACABBABABAAABABBAABDABBCAAAABABAAAABDCBCAAADABCCCDCAAAAAAAABDBDACBACAAABDABAAAAACBBADAAACCAAABAAABAAABAABABAABABABAAAACCAAAABBAABBABCACDCAACDBDCCCAAAAABADDBCACAAAAABAABAAAAAAABBDBDBACCBBBA	['A32B', 'A41C', 'A72D', 'A97B', 'D126C', 'D143C', 'B206A']	7	2.0060554	0.0	2.006054	2.006054
ABAAABDBACABAACBDBABBDBDBBBAAAAAABAAABDAABAABAAABCBAAAAACACBAABAADACCBAAABCACABBABABAAABABBAABDAABCABAABABAAAABBCBCAAADABCCCBDAAAAAAAABDBDACBACAAABDABAAAAACBBADAAACCAAABAAABAAABAABABAABABABAAAACCAAAABBAABBBBCACDCAACDBDACCCAAAABADDBCACAAAAABAABAAAAAAABBDBDBACCBBBA	['C7D', 'C31A', 'A74B', 'A101B', 'D112B', 'D125B', 'D143C', 'C219A', 'A222C']	9	1.4029245	0.0	1.4029198	1.4029198
ABAAABCBACABABCBDBABBDBDBBBBABCAABAAABDAABAABAAABCBAAAAACACBAABAADACCBAAAACACABBABABAAABABBAABDAABCABAABABAAAABACBCAAADABCCCDDAAAAAAAABDBDACBACAAABDABAAAAACBBADAAACCAAABAAABAAABAABABAABABABAAAACCAAAABAAABBABCACCCAACDBBCCCAAAAABADDBCAAAAAAACAABAAAAAAABBDBDBACCBBBA	['A14B', 'A28B', 'A30B', 'A101B', 'D112A', 'D143C', 'B201A', 'B206A', 'D211C', 'D218B', 'C234A', 'B240C']	12	1.1292315	0.0	1.1292305	1.1292305
ABAAABCBACABAACBDBABBDBDBBBAAAAAABAAABDAABAABAAABCBAAAAACACBAABAADACCBAAABCACABBABABAAABABBAABDAABCAAAABABAAAABDCBCAAADABCCCBDAAAAAAAABDBCACBACAAABDABAAAAACBBADAAACCAAABAAABAAABAABABAABABABAAAACCAAAABBAABBBBCACDCAACDBDCCCAAAAABADDBAACAAAAABAABAAAAAAABBDBDBACCBBBA	['C31A', 'A74B', 'D125B', 'D138C', 'D143C', 'C232A']	6	1.0531702	0.0	1.0531693	1.0531693
ABAAABCBACABAACBABABBDBDBBBAAACAABAAABDAABAABAAABCBAAAAACACBAABAADACCBACABCACABBABABAAABABBAABDAABCABAABABAAAABBCBCAAACABCCCDDAAAAAAAABDBDACBACAAABDABAAAAACBBADAAACCAAABAAABAAABAABABAABABABAAAACCAAAABAAABBBBCACDCAACDBDCCCAAAAABADDBCACAAAAABAABAAAAAAABBDBDAACCBBBA	['D17A', 'A72C', 'A74B', 'A101B', 'D112B', 'D119C', 'D143C', 'B201A', 'B256A']	9	0.78809834	0.0	0.7880974	0.7880974
ABAAABCBACABAACBDBABBDBDBBBAAAAAABAAABDAABAABAAABCBAAAAACACBAABAADACCBAAACCACABBABABAAABABBAABDAABCAAAABABAAAABBCBCAAADABCCAACAAAAAAAABDBDACBADAAABDABAAAAACABABAAACCAAABAAABAAABAABBBAABABABAAAACCAAAABBAABBABCACDCAACDBDCCCAAAAABADDBCACAAAAABAABAAAAAAABBDCDBACCBBBA	['C31A', 'A74C', 'D112B', 'C124A', 'D125A', 'D126C', 'B157A', 'D160B', 'A181B', 'B206A', 'B254C']	11	0.5404711	0.0	0.5404701	0.5404701
ABAAABCBBCABABCBDBABBDCDBBBAAACBABAABBDAABAABAAABCBAAAAACACBAABAADACCBAAAACACABBABABAAABABBAABDABBCABAABABAAAABDCBCAAADABCCCDDAAAAAAAABDBDACBABAAABDABAAAAACBBADAADCCAAABAAABAAABAABABAABABABAAAACCAAAABAAABBBBCACDCAACDBDCCCAAAAABADCBCACAAAAABAABAAAAAAABBABDBACCBBBA	['A9B', 'A14B', 'B23C', 'A32B', 'A37B', 'A97B', 'A101B', 'D143B', 'A163D', 'B201A', 'D230C', 'D253A']	12	0.5041876	0.0	0.50418663	0.50418663
ABAAABCBACABAACBABABBDBDBBBAAACAABAAABDAABAABAAABCBAABAACACBAABAADACCBAAACCACABBABABAAABABBAABDABBCABAABABAAAABACBCAAABABCCADDAAAAAAAABDBDACBAAAAABDABAAAAACBBADAAACCAAABAAABAAABAABABAABAABBAAAACCAAAABBAABBBBCACCCAACDBDCCCAAAAABADCBCACAAAAABAABAAAAAAABBDBDAACCBBBA	['D17A', 'A54B', 'A74C', 'A97B', 'A101B', 'D112A', 'D119B', 'C124A', 'D143A', 'B187A', 'A188B', 'D211C', 'D230C', 'B256A']	14	0.27809548	0.0	0.2780943	0.2780943
ABAAABCBACBBAACBDBABBDBCBBBAAAAAABAAABDAABAABAAABCBAAAAACACBAABAADACCBAAAACACABBABABAAABABBAABDAABCAAAABABAAAABDCBCAAABABCCDBDAAAAAAAABDBDACBACAAABDABAAAAACBBADAAACCAAABAAABAAABAABABAABABABAAAACCAAAABBAABBBBCACDCAACDBDABCCAAAABADDBCACAAAAABAABAAAAAAABBDBDBACCBBBA	['A11B', 'D24C', 'C31A', 'D119B', 'C124D', 'D125B', 'D143C', 'C219A', 'C220B', 'A222C']	10	0.27612686	0.0	0.27612305	0.27612305
ABAAABCBACABAACBABABBDBDBBBAAAAAABAAABDAABAABAAABCBAAAAACACBAABAADACCBAAAACACABBABABAAABABBAABDAABCAAAABABAAAABDDBCAAADABCCDACAAAAAAAABDBDACBACAAABDABAAAAACBBADAAACCAAABAAABAAABAABABAABABABAAAACCAAAABBAABBABCACDCAACDBDCCCAAAAABADDBCACAAAAABAABAAAAAAABBDBDAACCBBBA	['D17A', 'C31A', 'C113D', 'C124D', 'D125A', 'D126C', 'D143C', 'B206A', 'B256A']	9	0.12938309	0.0	0.12938309	0.12938309
ABAAABCBACABAACBDBABBDBDBBBAAACAABAAABDAABAABAAABCBAAAAACACBAABAADACCBAAAACACABBABABAAABABBAABDAABCABAABABAAAABDCBCAAADABCCAADAAAAAAAABDBDACBADAAABDABAAACACBBADAAACCAAABACABAAABAABABAABAAABAAAACCAAAABBAABBABCACCCAACDBDCCCAAAAABADDBCACAAAAABAABAAAAAAABBDBDBACCBBBA	['A101B', 'C124A', 'D125A', 'A154C', 'A171C', 'B187A', 'B206A', 'D211C']	8	-2.717111	0.0	-2.717102	9.059906e-06
ABAAABCBACBBAACBDBABBDBDBABAAAAAABAAABDAABAABAAABCBAAAAACACDAABAADACCBAAAACACABBABABAAABABBAABDAABCAAAABABAAAABBCBCAAADABCCDACAAAAAAAABDBDACBADAAABDABAAAAACBBADAAACCAAABAAABAAABAABABAABABABAAADCCAAAABBABBBBBCACDCAACABDBCCAAAAABADDBCACAAAAABAABAAAAAAABBDBDBACCBBBA	['A11B', 'B26A', 'C31A', 'B60D', 'D112B', 'C124D', 'D125A', 'D126C', 'A193D', 'A203B', 'D216A', 'C219B']	12	-1.6745176	0.0	-1.674511	6.67572e-06
ABAAABCBACBBAACBDBABBDBDABBAAAAAABAAABDAABAABAAABCBAAAAACACDAABAACACCBADAACACABBABABAAABABCAABDABBCAAAABAAAAAABBDBCAAACABCCDBDAAAAAAAABDBDACBADAAABDABAAAAACBBADAADCCAAABAAABAAABAABABAABABABAAAACCAAAABBABBCBBCACDCAACDBDCCCAAAAABADDBCACAAAAABAABAAAAAAABBDBDAACCBBBA	['A11B', 'B25A', 'C31A', 'B60D', 'D66C', 'A72D', 'B91C', 'A97B', 'B106A', 'D112B', 'C113D', 'D119C', 'C124D', 'D125B', 'A163D', 'A203B', 'B205C', 'B256A']	18	-0.8690138	0.0	-0.8690071	6.67572e-06
ABAAABCBACABAACBDBABBDBDBBBAAAAAABAAABDAABAABAAABCBAAAAACACBAABAADACCBAAAACACABBABABAAABABBAABDAABCAAAABABAAAABDCBCAAADABCCCDDAAAAAAAABDBDACBADAAABDABAAAAACBBADAAACCAAABAAABAAABAABABAABABABAAAACCAAAABBAABBABCACDCAACDBDCCCAAAAABADDBAACAAAAABAABAAAAAAABBDBDBACCBBBA	['C31A', 'B206A', 'C232A']	3	-1.9974198	0.0	-1.9974136	6.198883e-06
ABAAABCBACABAACBABABBDBDBBBAAACAABAAABDAABAABAAABCBAAAAACACBAABAADACCBAAAACACABBABABAAABABBAABDAABCAAAABABAAAABDCBCAAADABCCCDDAAAAAAAABDBDACBADAAABDABAAAAACBBADAAACCAAABAAABAAABAABABAABABABAAAACCAAAABBAABBBBCACDCAACDBDBBCAAAAABADDBCACAAAAABAABAAAAAAABBDBABACCBBBA	['D17A', 'C219B', 'C220B', 'D255A']	4	-1.7795053	0.0	-1.779499	6.198883e-06
ABAAABCBACABAACBABABBDBDBBBAADCAABAAABDAABAABAAABABAAAAACACBAABAADACCBADAACACABBABABAAABABBAABDAABCAAAABABAAAABDCBCAAADABCCAADAAAAAAAABDBDACBACAAABDABAAAAACBBADAAACCAAABAAABAAABAABABAABABABAAAACCAAAABBAABBABCACDCAACDBDCCCAAAAABADDBCACAAAAABAABAAAAAAABBABABACCBBBA	['D17A', 'A30D', 'C50A', 'A72D', 'C124A', 'D125A', 'D143C', 'B206A', 'D253A', 'D255A']	10	-1.2323666	0.0	-1.2323608	5.722046e-06
ABAAABCBACABAACBABABBDBDBBBAAACAABAAABDAABAABAAABCBAAAAACACBAABAADACCBADAACACABBABABAAABABBAABDAABCAAAABABAAAABDCBCAAADABCCADDAAAAAAAABDBDACBADAAABDABAAACACBBADAAACAAAABAAABAAABAABABAABABABAAAACCAAAABAAABBBBCACDCAACDBDCCCAAAAAAADDBCAAAAAAABAABAAAAAAABBDBDAACCBBBA	['D17A', 'A72D', 'C124A', 'A154C', 'C165A', 'B201A', 'B227A', 'C234A', 'B256A']	9	-2.2465372	0.0	-2.2465324	4.7683716e-06
ABAAABCBACABAACBDBABBDBBABBAAACAABAAABAAABAADAAABCBAAAAACACBAABAADACCBAAAACACABBABABAAABABBAABDAABCABAABABAAAABDCBCAAACABBCCCDAAAAAAAABDBDACBADAAABDABAAAAACBBADAAACCAAABAAABAAABAABABAABABABAAAACCAAAABBAABBABCACDCAACDBDCCCAAAAABADDBCACAAAAABAABAAAAAAABBDBABACCBBBA	['D24B', 'B25A', 'D39A', 'B45D', 'A101B', 'D119C', 'C122B', 'D125C', 'B206A', 'D255A']	10	-2.4801416	0.0	-2.4801369	4.7683716e-06
ABAAABCBABABAACBDBABBDBDBBBAAACAABAAABDAABAABAAABCBAAAAACACBAABAADACCBAAAACACABBABABAAABABBAABDAABCAAAABABAAAABDCBCAAADABCCDADAAAAAAAABDBDACBADAAABDABAAACACBBADAAACCAAABAAABAAABAABABAABABABAAAACCAAAABBAABBBBCACDCAACDBDCCCAAAAABADDBCACAAAAABAABAAAAAAABBDBDBACCBBBA	['C10B', 'C124D', 'D125A', 'A154C']	4	-3.3208246	0.0	-3.3208199	4.7683716e-06
ABAAABCBACABAACBABABBDBDBBBAAAAAABAAABDAABAABAAABCBAAAAACACBAABAADACCBAAAACACABBABABAAABABBAABDAABCABAABABAAAABDCBCAAADABCCADDAAAAAAAABDBDACBADAAABDABAAAAACABABAAACCAAABAAABAAABAABABAABABABAAAACCAAAABBAABBBBCACDCAACDBDCCCAAAAABADDBAACAAAAABAABAAAAAAABBDBDBACCBBBA	['D17A', 'C31A', 'A101B', 'C124A', 'B157A', 'D160B', 'C232A']	7	-2.2870836	0.0	-2.2870789	4.7683716e-06
ABAAABCBACABAACBDBABBDBDBBBAAACAABAAABDAABAABAAABCBAAAAACACBAABAADACCBAAAACACABBABABAAABABBAABDAABCAAAABABAAAABACBCAAADABCCCADAAAAAAAABDBDACBADAAABDABAAAAACBBADAAACCAAABAAABAAABAABABAABABABAAAACCAAAABBAABBBBCACDBAACABCACCAAAAABADDBCACAAAAABAABAAAAAAABBDBDBACCBBBA	['D112A', 'D125A', 'C212B', 'D216A', 'D218C', 'C219A']	6	-0.9190378	0.0	-0.91903305	4.7683716e-06
ABAAABCBACABAACBDBABBDBDBBBAAACAABAAABDAABAABAAABCBAAAAACACBAABAADACCBAAAACACABBABABAAABABBAABDAABCAAAABABAAAABACBCAAADABCCCADAAAAAAAABDBDACBADAAABDABAAAAACBBADAAACCAAABAAABAAABAABABAABABABAAAACCAAAABBAABBBBCACDBAACABCACCAAAAABADDBCACAAAAABAABAAAAAAABBDBDBACCBBBA	['D112A', 'D125A', 'C212B', 'D216A', 'D218C', 'C219A']	6	-0.9190378	0.0	-0.91903305	4.7683716e-06
ABAAABCBABABAACBDBABBDBDBBBAAACAABAAABDAABAABAAABCBAAAAACACBAABAADACCBAAAACACABBABABAAABABBAABDAABCAAAABABAAAABDCBCAAADABCCDADAAAAAAAABDBDACBADAAABDABAAACACBBADAAACCAAABAAABAAABAABABAABABABAAAACCAAAABBAABBBBCACDCAACDBDCCCAAAAABADDBCACAAAAABAABAAAAAAABBDBDBACCBBBA	['C10B', 'C124D', 'D125A', 'A154C']	4	-3.3208246	0.0	-3.3208199	4.7683716e-06
ABAAABCBACABAACBDBABBDBDBBBAAAAAABAAABDAABAABAAABCBAAAAACACBAABAADACCBAAAACACABBABABAAABABBAABDAABCAAAABABAAAABDCBCAAACABBCCDDAAAAAAAABDBDACBADAAABDABAAAAACBBADAAACCAAABAAABAAABAABABAABABABAAAACCAAAABBAABBBBCACDCAACDBDCCCAAAAABADDBCACAAAAABAABAAAAAAABBDBDBACCBBBA	['C31A', 'D119C', 'C122B']	3	-1.9798441	0.0	-1.9798393	4.7683716e-06
ABAAABCBACABAACBDBAABDBDBBBAAACAABAAABDAABAABAAABCBAAAAACACBAABAADACCBAAAACACABBABABAAABABBAABDABBCAAAABABAAAABCDBCAAADABCCCADAAAAAAAABDBDACBADAAABDABAAAAACBBADAAACCAAABABABAAABAABABAABABABAAAACCAAAACBABBBBBCACDCAACDBDCCCAAAAABADCBCACAAAAABAABAAAAAAABBDBDBACCBBBA	['B20A', 'A97B', 'D112C', 'C113D', 'D125A', 'A171B', 'B200C', 'A203B', 'D230C']	9	-0.9347806	0.0	-0.9347763	4.2915344e-06
ABAAABCBACBBABCBDBABCDBBABBAAACAABAAABAAABAADAAABCBAAAAACACBAABAADACCBAAABCACABBABABAAABABBAABDABBCABAABABAAAABDCBCAAAAABBCCADAAAAAAAABDBDACBABAAABDABAAAAACBBADAADCCAAABAAABAAABAABABAABABABAAAACCAAAABBAABBBBCACDCAACABDCCCAAAAABADDBCACAAAAABAABAAAAAAABBDBDBACCBBBA	['A11B', 'A14B', 'B21C', 'D24B', 'B25A', 'D39A', 'B45D', 'A74B', 'A97B', 'A101B', 'D119A', 'C122B', 'D125A', 'D143B', 'A163D', 'D216A']	16	-0.3953681	0.0	-0.3953638	4.2915344e-06
ABAAABCBACABABCBDBABBDBDBBBAAACAABAAABDAABAABAAABCBAAAAACACBAABAADACCBAAACCACABBABABAAABABBAABDABBCABAABABAAAABDCBCAAADABCCCDDAAAAAAAABDBDACBAAAAABDABAAAAACBBADAAACCABABAAABAAABAABABAABABABAAAACCAAAABBAABBBBAACBCAACDBDCCCAAAAABADCBCACAAAAABAABAAAAAAABBDBDBACCBBBA	['A14B', 'A74C', 'A97B', 'A101B', 'D143A', 'A167B', 'C208A', 'D211B', 'D230C']	9	-1.5212576	0.0	-1.5212536	4.053116e-06
ABAAABCBACABAACBDBABBDBDBBBBADCAABAAABAAABAABAAABCBAAAAACACBAABAADACCBAAAACACABBABABAAABABBAABDAABCAAAABABAAAABACBCAAADABCCCDDAAAAAAAABDBDACBADAAABDABAAAAACBBADAAACCAAABAAABAAABAABABAABABABAAAACCAAAABAAABBBBCACDCAACDBDCBCAAAAABADDBCACAAAAABAABAAAAAAABBABDBACCBBBA	['A28B', 'A30D', 'D39A', 'D112A', 'B201A', 'C220B', 'D253A']	7	-1.3225174	0.0	-1.3225136	3.8146973e-06
ABAAABCBACABAACBDBABBDBDBBBAAACAABAAABDAABAABAAABCBAAAAACACBAABAADACCBAAAACACABBABABAAABABBAABDAABCAAAABABAAAABDCBCAAADABCCCDDAAAAAAAABDBDACBADAAABDABAAACACBBADAAACCAAABAAABAAABAABABAABABABAAAACCAAAABBAABBBBCACDCAACDBDCCCAAAAABADDBCACAAAAABAABAAAAAAABBDBDBACCBBBA	['A154C']	1	-2.9695168	0.0	-2.969513	3.8146973e-06
ABAAABCBACABAACBDBABBDBDBBBAAACAABAAABDAABAABAAABABAAAAACACBAABAADACCBAAAACACABBABABAAABABBAABDAABCABAABABAAAABDCBCAAADABCCCDDAAAAAAAABDBDACBADAAABDABAAAAACBBADAAACCAAABAAABAABBAABABAABABABAAAACCAAAABBAABAABCACDCAACDBCCCCAAAAAAADDBCACAAAAABAABAAAAAAABBDBCAACCBBBA	['C50A', 'A101B', 'A176B', 'B205A', 'B206A', 'D218C', 'B227A', 'D255C', 'B256A']	9	-3.8427067	0.0	-3.8427029	3.8146973e-06
ABAAABCBABABAACBDBABBDBDBBBAAACAABAAABDAABAABAAABABAAAAACACBAABAADACCBAAAACACABBABABAAABABBAABDAABCABAABABAAAABBCBCAAACABCCAADAAAAAAAABDBDACBADAAABDABAAAAACBBADAAACCAAABAAABAAABAABABAABABABAAAACCAAAABBAABBABCACDCAACDBDCCCAAAAABADDBCACAAAAABAABAAAAAAABBDBDBACCBBBA	['C10B', 'C50A', 'A101B', 'D112B', 'D119C', 'C124A', 'D125A', 'B206A']	8	-3.0073547	0.0	-3.007351	3.8146973e-06
ABAAACCBACABAACBDBABBDBDBBBAAACAABAAABDAABAABAAABCBAAAAACACBAABAADACCBAAAACACABBABABAAABABBAABDAABCABAABABAAAAADCBCAAADABCCCDDAAAAAAAABDBDACBADAAABDABAAAAACBBADAAACCAAABAAABAAABAABABAABABABAAAACCAAAABBAABBABAABDCAACDBDCCCAAAAABADDBCACAAAAABAABAAAAAAABBDBABACCBBBA	['B6C', 'A101B', 'B111A', 'B206A', 'C208A', 'C210B', 'D255A']	7	-3.1389713	0.0	-3.1389675	3.8146973e-06
ABAAABCBACABABCBDBABBDBDBBBAAAAAABAAABDAABAABAAABCBAAAAACACBAABAADACCBAAAACACABBABABAAABABBAABDAABCAAAABABAAAABDDBCAAADABCCAADAAAAAAAABDBDACBADAAABDABAAAAACBBADAAACCAAABAAABAAABAABABAABABABAAACCCAAAABAAABAABCACDCAACDBCCCCAAAAABADDACACAAAAABAABAAAAAAABBDDDBACCBBBA	['A14B', 'C31A', 'C113D', 'C124A', 'D125A', 'A193C', 'B201A', 'B205A', 'B206A', 'D218C', 'B231A', 'B254D']	12	-1.4182854	0.0	-1.4182816	3.8146973e-06
ABAAABCBACABAACBDBABBDBDBBBAAAAAABAAABDAABAAAAAABCBAAAAACACBAABAADACCBAAAACACABBABABAAABABBAABDAABCABAABABAAAABDCBCAAACABCCCDDAAAAAAAACDBDACBADAAABDABAAAAACBBADAAACCAAABAAABAAABAABBBAABABABAAAACCAAAABBAABBABCACCCAACDBDCCCAAAAABADDBCACAAAAABAABAAAAAAABBDBDBACCBBBA	['C31A', 'B45A', 'A101B', 'D119C', 'B135C', 'A181B', 'B206A', 'D211C']	8	-0.9125862	0.0	-0.9125824	3.8146973e-06
ABAAABCBACABAACBDBABBDBDBBBAAAAAABAAABDAABAABAAABCBAABAACACBAABAADACCBAAAACACABBABABAAABABBAABDAABCAAAABABAAAABDDBCAAADABCCAADAAAAAAAABDBDACBADAAABDABAAAAACBBADAAACCAAABAAABAAABAABABAABABABAAAACCAAAABAAABBBBCACDCAABDBDCCCAAAAABADDBCACAAAAABAABAAAAAAABBDBDBACCBBBA	['C31A', 'A54B', 'C113D', 'C124A', 'D125A', 'B201A', 'C215B']	7	-2.9029007	0.0	-2.902897	3.8146973e-06
ABAAABCBACABAACBDBABBDBDBBBAAAAAABAAABDAABAABAAABCBAABAACACBAABAADACCBAAAACACABBABABAAABABBAABDAABCAAAABABAAAABDDBCAAADABCCAADAAAAAAAABDBDACBADAAABDABAAAAACBBADAAACCAAABAAABAAABAABABAABABABAAAACCAAAABAAABBBBCACDCAABDBDCCCAAAAABADDBCACAAAAABAABAAAAAAABBDBDBACCBBBA	['C31A', 'A54B', 'C113D', 'C124A', 'D125A', 'B201A', 'C215B']	7	-2.9029007	0.0	-2.902897	3.8146973e-06
ABAAABCBACABAACBABABBDBDBBBAAAAAABAAABDAABAABAAABCBAAAAACACBAABAADACCBADAACACABBABABAAABABBAABDAABCAAABBABAAAABBCBCAAADABCCDBDAAAAAAAABDBDACBADAAABDABAAAAAABBADAAACCAAABAAABAAABAABABAABABABAAAACCAAAABAAABBABCACDCAACDBDCCCAAAAABADDBCACAAAAABAABAAAAAAABBDBDBACCBBBA	['D17A', 'C31A', 'A72D', 'A103B', 'D112B', 'C124D', 'D125B', 'C156A', 'B201A', 'B206A']	10	-1.7774849	0.0	-1.7774811	3.8146973e-06
ABAAABCBAABBAACBDBABBDBCBBBAAACAABAAABDAABAABAAABCBAAAAACACBAABAADACCBAAAACACABBABABAAABABBAABDAABCAAAABABAAAABDDBCAAADABBCDADAAAAAAAABDBDACBADAAABDABAAAAACBBADAAACCAAABAAABAAABAABABAABABABAAAACCAAAABBAABBBBCACDCAACDBDCBCAAAAABADDBCACAAAAABAABAAAAAAABBDBDBACCBBBA	['C10A', 'A11B', 'D24C', 'C113D', 'C122B', 'C124D', 'D125A', 'C220B']	8	-1.4332275	0.0	-1.4332237	3.8146973e-06
ABAAACCBACABAACBABABBDBDBBBAAAAAABAAABDAABAABAAABCBAAAAACACBAABAADACCBAAAACACABBABABAAABABBAABDAABCAAAABABAAAABDCBCAAADABCCDADAAAAAAAABDBDACBADAAABDABAAAAACBBADAAACCAAABAAABAAABAABABAABABABAAAACCAAAABBAABBBBCACDCAACDBDCCCAAAAABADDBAACAAAAABAABAAAAAAABBDBDBACCBBBA	['B6C', 'D17A', 'C31A', 'C124D', 'D125A', 'C232A']	6	-2.4320102	0.0	-2.4320068	3.33786e-06
ABAAABCBACABAACBDBABBDBDBBBAAAAAABAAABDAABAABAAABCBAAAAACACBAABAADACCBAAAACACABBABABAAABABBAABDAABCAAAABABAAAABDCBCAAACABCCBDDAAAAAAAABDBDACBADAAABDABAAAAACBBADAAACCAAABAAABAAABAABABAABABABAAAACCAAAABBAABBBBCACDCAACDBDCCCAAAAABADDBCACAAAAABAABAAAAAAABBDBDBACCBBBA	['C31A', 'D119C', 'C124B']	3	-2.3152003	0.0	-2.315197	3.33786e-06
ABAAABCBACABAACBDBABBDBDBBBAAAAAABAAABDAABAABAAABCBAAAAACACBAABAADACCBADAACACABBABABAAABABBAABDAABCAAAABABAAAABCCBCAAAAABBCADDAAAAAAAABDBDACBADAAABDABAAAAACBBADAAACCAAABAAABAAABAABABAABABABAAAACCAAAABAAABBBBCACDCAACDBDACCCAAAABADDBCACAAAAABAABAAAAAAABBDBDBACCBBBA	['C31A', 'A72D', 'D112C', 'D119A', 'C122B', 'C124A', 'B201A', 'C219A', 'A222C']	9	-2.3875957	0.0	-2.3875923	3.33786e-06
ABAAABCBACABAACBABABBDBDBBBAAAAAABAAABDAABAABAAABCBAAAAACACAAABAADACCBAAAACACABBABABAAABABBAABDAABCAAAABABAAAABDCBCAAADABCCDADAAAAAAAABDBDACBADAAABDABAAAAACBBADAAACCAAABAAABAAABAABAAAABABABAAAACCAAAABBAABBBBCACDCAACDBDCCCAAAAAAADDBCACAAAAABAABAAAAAAABBBBDAACCBBBA	['D17A', 'C31A', 'B60A', 'C124D', 'D125A', 'B182A', 'B227A', 'D253B', 'B256A']	9	-2.1123614	0.0	-2.112358	3.33786e-06
ABAAABCBACABAACBABABBDBDBBBAAACAABAAABDAABAABAAABCBAAAAACACBAABAADACCBAAAACACABBABABAAABABBAABDAABCABAABABAAAABBCBCAAADABCCDBDAAAAAAAABDBDACBADAAABDABAAAAACBBADAACCCAAABAAABAAABAABABAABABABAAAACCAAAABBAABBBBCACDCAACDBDCCCAAAAABADDBDACAAAAABAABAAAAAAABBDBDAACCBBBA	['D17A', 'A101B', 'D112B', 'C124D', 'D125B', 'A163C', 'C232D', 'B256A']	8	-3.5764341	0.0	-3.5764313	2.861023e-06
ABAAABCBACABAACBABABBDBDBBBAAACAABAAABDAABAABAAABCBAAAAACACBAABAADACCBADAACACABBABABAAABABBAABDAABCABAABABAAAABDCBCAAAAABBCCADAAAAAAAABDBDACBADAAABDABAAAAACBBADAAACCAAAAAAABAAABAABABAABABABAAAACCAAAABBAABBBBCACDCAACDBDCBCAAAAAAADDBCACAAAAABAABAAAAAAABBDBDBACCBBBA	['D17A', 'A72D', 'A101B', 'D119A', 'C122B', 'D125A', 'B169A', 'C220B', 'B227A']	9	-1.9266691	0.0	-1.9266663	2.861023e-06
ABAAABCBACBBAACBDBABBDBDBBBAAAAAABAAABDAABAABAAABCBAAAAACACBAABAADACCBAAAACACABBABABAAABABBAABDAABCABAABABAAAAAACBCAAACABCCCDDAAAAAAAABDBDACBADAAABDABAAAAACBBADAAACCAAABAAABAAABAABABAABABABAAAACCAAAABBAABBBBCACDCAACDBDCCCAAAAABADDBCADAAAAABAABAAAAAAABBDBDBACCBBBA	['A11B', 'C31A', 'A101B', 'B111A', 'D112A', 'D119C', 'C234D']	7	-1.3288641	0.0	-1.3288612	2.861023e-06
ABAAABCBACABAACBABABBDBDBBBAAACAABAAABDAABAABAAABCBAAAAACACBAABAADACCBAAAACACABBABABAAABABBAABDAABCAAAABABAAAADCCBCAAADABCCAADAAAAAAAABDBDACBADAAABDABAAAAACBBADAADCCAAABAAABAAABAABABAABABABAAAACCAAAABBAABBBBCACDCAACDBDCCCAAAAABADDBCACAAAAABAABAAAAAAABBDBDBACCBBBA	['D17A', 'B111D', 'D112C', 'C124A', 'D125A', 'A163D']	6	-2.5431452	0.0	-2.5431423	2.861023e-06
ABAAABCBACBBAACBDBABBDBDBBBBAACAABAAABAAABAABAAABCBAAAAACACBAABAADACCBAAAACACABBABABAAABABBAABDAABCABAABABAAAABDCBCAAADABCCCDDAAAAAAAACDBDACBAAAAABDABAAAAACBBADAADCCAAABAAABAAABAABBBAABABABAAAACCAAAABAAABBBBCACDCAABDBDCCCAAAAABADCBCACAAAAABAABAAAAAAABBDBDBACCBBBA	['A11B', 'A28B', 'D39A', 'A101B', 'B135C', 'D143A', 'A163D', 'A181B', 'B201A', 'C215B', 'D230C']	11	-3.337594	0.0	-3.3375912	2.861023e-06
ABAAABCBACABAACBABABBDBDBBBAAACAABAAABDAABAABAAABCBAAAAACACBAABAADACCBADAACACABBABABAAABABBAABDAABCABAABABAAAABDCBCAAAAABBCCADAAAAAAAABDBDACBADAAABDABAAAAACBBADAAACCAAAAAAABAAABAABABAABABABAAAACCAAAABBAABBBBCACDCAACDBDCBCAAAAAAADDBCACAAAAABAABAAAAAAABBDBDBACCBBBA	['D17A', 'A72D', 'A101B', 'D119A', 'C122B', 'D125A', 'B169A', 'C220B', 'B227A']	9	-1.9266691	0.0	-1.9266663	2.861023e-06
ABAAACCBACABAACBABABBDBDBBBAAACBABAAABDAABAADAAABCBAAAAACACBAABAADACCBAAAACACABBABABAAABABBAABDAABCAAAABABAAAABDCBCAAADABCCDDDAAAAAAAABDBDACBADAAABDABAAAAACBBADAAACCAAABAAABAAABAABABAABABABAAAACCAAAABBABBBBBCACDCAACDBDCCCAAAAABADDBCACAAAAABAABAAAAAAABBABDBACCBBBA	['B6C', 'D17A', 'A32B', 'B45D', 'C124D', 'A203B', 'D253A']	7	-2.5016122	0.0	-2.5016098	2.3841858e-06
ABAAABCBACABAACBABABBDBDBBBAAAAAABAAABDAABAABAAABCBAAAAACACBAABAADACCBADAACACABBABABAAABABBAABDAABCAAAABABAAAABDCBCAAADABCCADDAAAAAAAABDBDACBACAAABDABAAAAAABBADAAACCAAABAAABAAABAABABAABABABAAAACCAAAABBAABBABCACDCAACDBDCCCAAAAABADDBCACAAAAABAABAAAAAAABBDBDAACCBBBA	['D17A', 'C31A', 'A72D', 'C124A', 'D143C', 'C156A', 'B206A', 'B256A']	8	-1.9254327	0.0	-1.9254303	2.3841858e-06
ABAAABCBACBBAACBDBABBDBCBBBAAAAAABAAABDAABAABAAABCBAAAAACACBAABAADACCBAAAACACABBABABAAABABBAABDAABCABAABABAAAABDCBCAAADABCCBADAAAAAAAABCBDACBADAAABDABAAAAACBBADAAACCAAABAAABAAABAABABAABABABAAAACCAAAABBAAABBBCACDCAACDBDCCCAAAAABADDBCACAAAAABAABAAAAAAABBDBDBACCBBBA	['A11B', 'D24C', 'C31A', 'A101B', 'C124B', 'D125A', 'D136C', 'B204A']	8	-3.3759065	0.0	-3.375904	2.3841858e-06
ABAAABCBACABAACBDBABBDBDBBBAAAAAABAAABDAABAABAAABCBAAAAACACBAABAADACCBAAAACACABBABABAAABABBAABDAABCAAAABABAAAABDCBCAAADABCCDADAAAAAAAABDBCACBADAAABDABAAAAACBBADAAACCABABAAABAAABAABABAABABABAAAACCAAAABAAABBBBCACDCAACDBDCCCAAAAABADDBCACAAAAABAABAAAAAAABBDBDBACCBBBA	['C31A', 'C124D', 'D125A', 'D138C', 'A167B', 'B201A']	6	-2.5090508	0.0	-2.5090485	2.3841858e-06
ABAAABCBACABAACBDBABBDBDBBBAAAAAABAAABDAABAABAAABCBAAAAACACBAABAADACCBAAAACACABBABABAAABABBAABDAABCABAABABAAAABBCBCAAABABCCADDAAAAAAAABDBDACBAAAAABDABAAAACCABABAAACCAAABAAABAAABAABABAABABABAAAACCAAAABAAABBBBCACDCAACDBDCCCAAAAABADCBCACAAAAABAABAAAAAAABBDBDBACCBBBA	['C31A', 'A101B', 'D112B', 'D119B', 'C124A', 'D143A', 'A155C', 'B157A', 'D160B', 'B201A', 'D230C']	11	-3.3278487	0.0	-3.3278465	2.1457672e-06
ABAAABCBACABAACBABABBDBDBBBAAAAAABAAABDAABAABAAABABAAAAACACBAABAADACCBAAACCACABBABABAAABABBAABDABBCABAABABAAAADDCBCAAABABCCDDDAAAAAAAACDBDACBABAAABDABAAAAACBBADAAACCAAABAAABAAABAABABAABABBBAAAACCAAAABBAABBBBCACDCAACDBDCCCAAAAABADABCACAAAAABAABAAAAAAABBDBDBACCBBBA	['D17A', 'C31A', 'C50A', 'A74C', 'A97B', 'A101B', 'B111D', 'D119B', 'C124D', 'B135C', 'D143B', 'A188B', 'D230A']	13	-1.7358458	0.0	-1.7358437	2.1457672e-06
ABAAACCBACABAACBABABBDBDBBBAAACAABAAABDAABAABAAABCBAAAAACACBAABAADACCBAAAACACABBABABAAABABBAABDAABCAAAABABAAAABDDBCAAACABCCBADAAAAAAAABDBDACBADAAABDABAAAAACBBADAAACCAAABAAABAAABAABABAABABABAAAACCAAAABBAABBABCACDCAACDBDCCCAAAAABADDBCACAAAAABAABAAAAAAABBDBDBACCBBBA	['B6C', 'D17A', 'C113D', 'D119C', 'C124B', 'D125A', 'B206A']	7	-1.7084103	0.0	-1.7084084	1.9073486e-06
ABAAABDBACABAACBABABBDBDBBBAAACAABAAABDAABAABAAABCBAAAAACACBAABAADACCBAAAACACABBABABAAABABBAABDAABCAAAABABAAAABDCBCAAADABCCBDDAAAAAAAABDBDACBADAAABDABAAAAACBBADAAACCAAABAAABAAABAABABAABABABAAAACCAAAABBAABBBBCACDCAACDBDCACAAAAAAADDBCACAAAAABAABAAAAAAABBDBDBACCBBBA	['C7D', 'D17A', 'C124B', 'C220A', 'B227A']	5	-2.2942371	0.0	-2.2942352	1.9073486e-06
ABAAABCBACABAACBDBABBDBDBBBAAACAABAAABDAABAABAAABCBAAAAACACBAABAADACCBAAAACACABBABABAAABABBAABDAABCAAAABABAAAABDCBCAAADABCCADDAAAAAAAABDBDACBADAAABDABAAAAACBBADAAACCAAABAAABAAABAABABAABABABAAAACCAAAABBAABBBBCACDCAACDBDCCCAAAAABADDBCACAAAAABAABAAAAAAABBDBDBACCBBBA	['C124A']	1	-3.5807724	0.0	-3.5807705	1.9073486e-06
ABAAABCBACBBAACBDBABBDBDABBAAAAAABAAABDAABAADAAABCBAAAAACACBAABAADACCBAAAACACABBABABAAABABBAABDAABCABAABABAAAABDCBCAAADABCCCDDAAAAAAAABDBDACBADAAABDABAAAAACBBADAAACCAAABAAABAAABAABABAABABABAAACCCAAAABBAABBBBCACDCAACDBDCCCAAAAABADDBCACAAAAABAABAAAAAAABBDBDAACCBBBA	['A11B', 'B25A', 'C31A', 'B45D', 'A101B', 'A193C', 'B256A']	7	-2.2035847	0.0	-2.2035828	1.9073486e-06
ABAAABCBACABAACBDBABBDBDBBBAAACAABAAABDAABAABAAABCBAAAAACACBAABAADACCBADAACACABBABABAAABABBAABDAABCAAAABABAAAABBDBCAAACABBCCDDAAAAAAAABDBDACBADAAABDABAAAAACBBADAAACCAAABAAABAAABAABABAABABABAAAACCAAAABBAABBABCACDCAACDBCCCCAAAAABADDBCACAAAAABAABAAAAAAABBDBDBACCBBBA	['A72D', 'D112B', 'C113D', 'D119C', 'C122B', 'B206A', 'D218C']	7	-1.3405514	0.0	-1.3405495	1.9073486e-06
ABAAABCBACABAACBDBABBDBDBBBAAACAABAAABDAABAABAAABCBAAAAACACBAABAADACCBAAAACACABBABABAAABABBAABDAABCAAAABABAAAABDDBCAAADABCCDADAAAAAAAABDBDACBACAAABDABAAAAACBBADAAACCAAABAAABAAABAABABAABABABAAAACCAAAABBAABBABCACDCAACDBDCBCAAAAAAADDBCACAAAAABAABAAAAAAABBDBDBACCBBBA	['C113D', 'C124D', 'D125A', 'D143C', 'B206A', 'C220B', 'B227A']	7	-1.6683636	0.0	-1.6683617	1.9073486e-06
ABAAABCBACABAACBDBABBDBDBBBAAACAABAAABDAABAABAAABCBAAAAACACBAABAADACCBADAACACABBABABAAABABBAABDAABCAAAABABAAAABBDBCAAACABBCCDDAAAAAAAABDBDACBADAAABDABAAAAACBBADAAACCAAABAAABAAABAABABAABABABAAAACCAAAABBAABBABCACDCAACDBCCCCAAAAABADDBCACAAAAABAABAAAAAAABBDBDBACCBBBA	['A72D', 'D112B', 'C113D', 'D119C', 'C122B', 'B206A', 'D218C']	7	-1.3405514	0.0	-1.3405495	1.9073486e-06
ABAAABCBACABAACBDBABBDBDBBBAAACBABAAABDAABAABAAABCBAAAAACACBAABAADACCBAAAACACABBABABAAABABBAABDAABCAAAABABAAAABDCBCAAACABCCCDDAAAAAAAABDBDACBADAAABDABAAAAACBBADAAACCAAABAAABAAABAABABAABABABAAAACCAAAABAAABBBBCACCCAACDBDACCCAAAABADDBCACAAAAABAABAAAAAAABBDBDBACCBBBA	['A32B', 'D119C', 'B201A', 'D211C', 'C219A', 'A222C']	6	-1.260931	0.0	-1.2609291	1.9073486e-06
ABAAABCBACABAACBDBABBDBDBBBAAAAAABAAABDAABAABAAABCBAAAAACACBAABAADACCBAAAACACABBABABAAABABBAABDAABCABAABABAAAABBCBCAAADABCCABDAAAAAAAACDBDACBADAAABDABAAAAACBBADAADCCAAABAAABAAABACBBBAABABABAAAACCAAAABAAABBBBCACDCAACDBDCCCAAAAABADDBCADAAAAABAABAAAAAAABBDBDBACCBBBA	['C31A', 'A101B', 'D112B', 'C124A', 'D125B', 'B135C', 'A163D', 'A179C', 'A181B', 'B201A', 'C234D']	11	-2.161827	0.0	-2.1618252	1.9073486e-06
ABAAABCBACABAACBDBABBDBDBBBAAACAABAAABDAABAABAAABCBAAAAACACBAABAADACCBAAAACACABBABABAAABABBAABDAABCAAAABABAAAABDDBCAAADABCCCDDAAAAAAAABDBDACBADAAABDABAAAAACBBADAAACCAAABAAABAAABAABABAABABABAAAACCAAAABBAABBBBCACDCAACDBDCCCAAAAABADDBCACAAAAABAABAAAAAAABBDBDBACCBBBA	['C113D']	1	-3.2465324	0.0	-3.2465305	1.9073486e-06
ABAAABCBACABAACBDBABBDBDBBBAAAAAABAAABDAABAAAAAABCBAAAAACACBAABAADACCBAAAACACABBABABAAABABBAABDAABCABAABABAAAABDCBCAAADABCCCDDAAAAAAAABDBDACBADAAABDABAAAAACABABAAACCAAABAAABAAABAABABAABABABAAAACCAAAABAAABBBBCACDCAABDBDCCCAAAAABADDBCACAAAAABAABAAAAAAABBDBDBACCBBBA	['C31A', 'B45A', 'A101B', 'B157A', 'D160B', 'B201A', 'C215B']	7	-1.5454426	0.0	-1.5454407	1.9073486e-06
ABAAABCBACABAACBABABBDBDBBBAAACAABAAABDAABAABAAAACBAAAAACACBAABAADACCBADAACACABBABABAAABABBAABDAABCAAAABABAAAABDCBCAAADABCCADDAAAAAAAABDBDACBACAAABDABAAACCCBBADAAACCAAABBAABAAABAABABAABABABAAAACCAAAABAAABBBBCACDCAACDBDCCCAAAAABADDBCACAAAAABAABAAAAAAABBDBDBACCBBBA	['D17A', 'B49A', 'A72D', 'C124A', 'D143C', 'A154C', 'A155C', 'A170B', 'B201A']	9	-0.11969948	0.0	-0.11969757	1.9073486e-06
ABAAABCBACBBAACBDBABBDBDBBBAAAAAABAAABDAABAABAAABCBAAAAACACBAABAADACCBAAAACACABBABABAAABABBAABDAABCABAABABAAAACDDBCAAACABCCCADAAAAAAAACDBDACBADAAABDABAAAAACBBADAAACCAAABAAABAAABAABBBAABABABAAAACCAAAABAAABBABCACDBAACDBCDCCCAAAABADDBCACAAAAABAABAAAAAAABBDBDBACCBBBA	['A11B', 'C31A', 'A101B', 'B111C', 'C113D', 'D119C', 'D125A', 'B135C', 'A181B', 'B201A', 'B206A', 'C212B', 'D218C', 'C219D', 'A222C']	15	-1.7045918	0.0	-1.7045898	1.9073486e-06
ABAAABCBACBBAACBDBABBDBDBBBBAAABABAAABDAABAABAAABCBAAAAACACBAABAADACCBADAACACABBABABAAABABBAABDAABCAAAABABAAAABDCBCAAACABCCCDDAAAAAAAACDBDACBADAAABDABAAAAACBBADAAACCAAABAAABAAABAABBBAABABABAAAACCAAAABAAABBBBCACDCAACDBDCCCAAAAABADDBCACAAAAABAABAAAAAAABBDBDBACCBBBA	['A11B', 'A28B', 'C31A', 'A32B', 'A72D', 'D119C', 'B135C', 'A181B', 'B201A']	9	-0.81209373	0.0	-0.8120918	1.9073486e-06
ABAAABCBACBBAACBCBABBDDDBBDAAACAABAAABDAABAABAAABCBAAAAACACBAABAADACCBAAAACACABBABABAAABABBAABDAABCAAAABABAAAABDDBCAAACABCCADDAAAAAAAABDBDACBADAAABDABAAAAACBBADAAACCAAABAAABAAABAABABAABABABAAAACCAAAABBAABBABCACDCAACDBDCCCAAAAABADDBCACAAAAABAABAAAAAAABBDBDBACCBBBA	['A11B', 'D17C', 'B23D', 'B27D', 'C113D', 'D119C', 'C124A', 'B206A']	8	-2.0056782	0.0	-2.0056763	1.9073486e-06
ABAAABCBACABAACBDBABBDDDBBBAAAAAABAAABDAABAABAAABCBAAAAACACBAABAADACCBADAACACABBABABAAABABBAABDAABCAAAABABAAAABDCBCAAADABCCCDDAAAAAAAABDBDACBADAAABDABAAAAACBBADAAACCAAABAAABAAABAABABAABABABAAAACCAAAABAAABBBBCACBCAACDBDCCCAAAAABADDBCACAAAAABAABAAAAAAABBDBDBACCBBBA	['B23D', 'C31A', 'A72D', 'B201A', 'D211B']	5	-1.5731258	0.0	-1.5731239	1.9073486e-06
ABAAADABABABAACBDBAABDBDBBBAAACAABAAABDAABAABAAABCBAAAAACACBAABAADACCBADAACACABBABABAAABABBAABDAABCAAAABABAAAABDCBCAAACABDCCADAAAAAAAABDBDACBADAAABDABAAAAACBBADAAACCAAABAAABAAABAABABAABABABAAAACCAAAABBABBBABCACDCAACDBDCCCAAAAABADDBCACAAAAABAABAAAAAAABBDBDBACCBBBA	['B6D', 'C7A', 'C10B', 'B20A', 'A72D', 'D119C', 'C122D', 'D125A', 'A203B', 'B206A']	10	-3.1624966	0.0	-3.1624947	1.9073486e-06
ABAAABCBBCABABCBDBABBDCDBBBAAACBABAABBDAABAABAAABCBAAAAACACBAABAADACCBAAAACACABBABABAAABABBAABDAABCABAABABAAAABDCBCAAADABCCCDDAAAAAAAABDBDACBABAAABDABAAAAACBBADAADCCAAABAAABAAABAABABAABABABAAAACCAAAABAAABBBBCACDCAACDBDCCCAAAAABADCBCACAAAAABAABAAAAAAABBABDBACCBBBA	['A9B', 'A14B', 'B23C', 'A32B', 'A37B', 'A101B', 'D143B', 'A163D', 'B201A', 'D230C', 'D253A']	11	-2.3321846	0.0	-2.332183	1.66893e-06
ABAAABCBACABAACBDBABBDBDBBBAAACBABAAABAAABAABAAABCBAAAAACACBAABAADACCBAAAACACABBABABAAABABBAABDAABCAAAABABAAAADDCBCAAADABCCDADAAAAAAAABDBDACBACAAABDABAAAAACBBADAAACCAAABAAABAAABAABABAABABABAAACCCAAAABBAABBBBCACDCAACDBDCCCAAAAABADDBCACAAAAABAABAAAAAAABBDDDBACCBBBA	['A32B', 'D39A', 'B111D', 'C124D', 'D125A', 'D143C', 'A193C', 'B254D']	8	-2.4765182	0.0	-2.4765167	1.4305115e-06
ABAAABCBACABAACBDBABBDBDBBBAAACAABAAABDAABAABAAABCBAAAAACACBAABAADACCBAAAACACABBABABAAABABBAABDAABCABAABABAAAABDCBCAAADABCCBBDAAAAAAAABDBDACBADAAABDABAAAAACBBADAAACCAAABAAABAAABAABABAABABABAAAACCAAAABBAABBBBCACDCAACDBDCCCAAAAABADDBCACAAAAABAABAAAAAAABBDBDBACCBBBA	['A101B', 'C124B', 'D125B']	3	-3.620811	0.0	-3.6208096	1.4305115e-06
ABAAABCBACBBAACBDBABBDBDBBBAAAAAABAAABDAABAABAAABCBAAAAACACBAABAADACCBAAAACACABBABABAAABABBAABDAABCABAABABAAAACDCBCAAADABCCCDDAAAAAAAABDBDACBADAAABDABAAAAACBBADAAACCAAABAAABAAABAABBBAABABABAAAACCAAAABAAABBBBCACDCAACDBDCCCAAAAABADDBCACAAAAABAABAAAAAAABBDBDBACCBBBA	['A11B', 'C31A', 'A101B', 'B111C', 'A181B', 'B201A']	6	-3.4263072	0.0	-3.4263058	1.4305115e-06
ABAAABCBACBBBACBDBABBDBDBBBAAAAAABAAABDAABAABAAABCBAAAAACACBAABAADACCBAAAACACABBABABAAABABBAABDAABCABAABABAAAABDCBCAAACABBCDDDAAAAAAAABDBDACBADAAABDABAAAAACBBADAACCCAAABAAABAAABAABABAABABABAAAACCAAAABBAABBBBCACDCAACDBDCCCAAAAABADDBCACAAAAABAABAAAAAAABBDBDAACCBBBA	['A11B', 'A13B', 'C31A', 'A101B', 'D119C', 'C122B', 'C124D', 'A163C', 'B256A']	9	-3.3804545	0.0	-3.380453	1.4305115e-06
ABAAABCBACBBAACBDBAABDBDBBBAAACAABAAABDAABAABAAABCBAAAAACACBAABAADACCBAAAACACABBABABAAABABBAABDAABCAAAABABAAAABDCBCAAADABCCCDDAAAAAAAABDBDACBACAAABDABAAAAACBBADAAACCAAABAAABAAABAABABAABABABAAAACDAAAABAAABBBBCACDCAACDBDCCCAAAAABADDBCACAAAAABAABAAAAAAABBDBDBACCBBBA	['A11B', 'B20A', 'D143C', 'C195D', 'B201A']	5	-2.8400893	0.0	-2.840088	1.4305115e-06
ABAAABDBACABAACBDBABBDBDBBBBAACAABAAABAAABAABAAABABAAAAACACBAABAADACCBAAAACACABBABABAAABABBAABDAABCABAABABAAAABDCBCAAADABCCCDDAAAAAAAABDBDACBADAAABDABAAAAACBBADAAACCAAABAAABAAABAABBBAABABABAAAACCAAAABAAABABBCACDCAABDBDCCACAAAABADDBCACAAAAABAABAAAAAAABBDBDBACCBBBA	['C7D', 'A28B', 'D39A', 'C50A', 'A101B', 'A181B', 'B201A', 'B205A', 'C215B', 'C221A', 'A222C']	11	-3.5588412	0.0	-3.5588398	1.4305115e-06
ABAAABCBACABAACBDBABBDBDBBBAAAAAABAAABDAABAADAAABCBAAAABCACBAABAADACCBADAACACABBABABAAABABBAABDAABCAAAABABAAAABDCBCAAADABCCCBDAAAAAAAABDBAACBADAAABDABAAAAACBBADAAACCABABAAABAAABAABABAABABBBAAAACCAAAABBAABBBBCACDCAACDBDCCCAAAAABADDBCACAAAAABAABAAAAAAABBDBDBACCBBBA	['C31A', 'B45D', 'A56B', 'A72D', 'D125B', 'D138A', 'A167B', 'A188B']	8	-4.808265	0.0	-4.808264	1.4305115e-06
ABAAABCBACABAACBDBAABDBDBBBAAACAABAAABDAABAABAAABCBAAAAACACBAABAADACCBADAACACABBABABAAABABBAABDAABCABAABABAAAABDABCAAADABCCDBDAAAAAAAABDBDACBADAAABDABAAAAACBBADAAACCAAABAAABAAABAABABAABABABAAAACCAAAABBAAABABCACDCAACDBDCCCAAAAABADDBCACAAAAABAABAAAAAAABBDBDBACCBBBA	['B20A', 'A72D', 'A101B', 'C113A', 'C124D', 'D125B', 'B204A', 'B206A']	8	-3.1461082	0.0	-3.1461067	1.4305115e-06
ABAAABCBACABAACBABABBDBDBBBAAACAABAAABDAABAAAAAABABAAAAACACBAABAADACCBAAAACACABBABABAAABABBAABDAABCABAABABAAAABBCBCAAADABCCAADAAAAAAAABDBDACBACAAABDABAAAAAABBADAAACCAAABAAABAAABAABABAABABABAAAACCAAAABAAABBBBCACDCAACDBDCCCAAAAABADDBCACAAAAABAABAAAAAAABBDBDAACCBBBA	['D17A', 'B45A', 'C50A', 'A101B', 'D112B', 'C124A', 'D125A', 'D143C', 'C156A', 'B201A', 'B256A']	11	-3.1877418	0.0	-3.1877403	1.4305115e-06
ABAAABCBACABAACBDBABBDBDBBBAAACAABAAABDAABAABAAABCBAAAAACACBAABAADACCBAAAACACABBABABAAABABBAABDAABCABAABABAAAABBCBCAAADABCCCDDAAAAAAAABDBDACBADAAABDABAAAAACBBADAAACCAAABAAABAAABAABABAABABABAAAACCAAAABBAABBBBCACDCAABDBBCCCAAAAABADDBCACAAAAABAABAAAAAAABBDBDAACCBBBA	['A101B', 'D112B', 'C215B', 'D218B', 'B256A']	5	-3.3888412	0.0	-3.3888397	1.4305115e-06
ABAAABCBACBBAACBDBABBDBCBBBAAAAAABAAABDAABAABAAABCBAAAAACACBAABAADACCBAAAACACABBABABAAABABBAABDAABCABAABABAAAABDCBCAAACABBCCADAAAAAAAABDBDACBADAAABDABAAAAACBBADAAACCAAABAAABAAABAABABAABABABAAAACCAAAABAAABBBBCACDCAACDBDCBCAAAAABADDBAACAAAAABAABAAAAAAABBDBDBACCBBBA	['A11B', 'D24C', 'C31A', 'A101B', 'D119C', 'C122B', 'D125A', 'B201A', 'C220B', 'C232A']	10	-1.2956324	0.0	-1.2956314	9.536743e-07
ABAAABCBACABAACBDBABBDBDBBBAABCAABAAABDAABAABAAABCBAAAAACACBAABAADACCBAAAACACABBABABAAABABBAABDAABCABAABABAAAABACBCAAADABCBDDDAAAAAAAABDBDACBADAAABDABAAAAACBBADAAACCAAABAAABAAABAABABAABABABAAAACCAAAABAAABBBBCACDCAACDBBCCCAAAAABADDBCACAAAAABAABAAAAAAABBDBDAACCBBBA	['A30B', 'A101B', 'D112A', 'C123B', 'C124D', 'B201A', 'D218B', 'B256A']	8	-1.4173174	0.0	-1.4173164	9.536743e-07
ABAAABCBACABAACBABABBDBDBBBAAACAABAAABDAABAABAAABCBAAAAACACBAABAADACCBADAACACABBABACAAABABBAABDAABCAAAABABAAAABDCBCABADABCCAADAAAAAAAABDBDACBADAAABDABAAACACBBADAAACCAAABAAABAAABAABABAABABABAAAACCAAAABAAABBBBCACDCAACDBDCCAAAAAABADDBCACAAAAABAABAAAAAAABBDBDBACCBBBA	['D17A', 'A72D', 'B84C', 'A117B', 'C124A', 'D125A', 'A154C', 'B201A', 'C221A']	9	-2.6884165	0.0	-2.6884155	9.536743e-07
ABAAABDBACABAACBDBABBDBDBBBAAACAABAAABDAABAABAAABCBAAAAACACBAABAADACCBAAAACACABBABABAAABABBAABDAABCAAAABABAAAABDCBCAAADABCCBBDAAAAAAAABDBDACBADAAABDABAAAAACBBADAAACCAAABAAABAAABAABABAABABABAAAACCAAAABBAABBBBCACDCAACDBDCCCAAAAABADDBCACAAAAABAABAAAAAAABBDBDBACCBBBA	['C7D', 'C124B', 'D125B']	3	-2.715886	0.0	-2.7158852	9.536743e-07
ABAAABCBABABAACBDBABBDBDBBBAAAAAABAAABDAABAABAAABCBAAAAACACBAABAADACCBADAACACABBABABAAABABBAABDAABCABAABABAAAABDCBCAAAAABBCCADAAAAAAAABDBDACBADAAABDABAAAAAABBADAAACCAAABAAABAAABAABABAABABABAAAACCAAAABAAABBABCACDCAACABDCCAAAAAABADDBCACAAAAABAABAAAAAAABBDBDAACCBBBA	['C10B', 'C31A', 'A72D', 'A101B', 'D119A', 'C122B', 'D125A', 'C156A', 'B201A', 'B206A', 'D216A', 'C221A', 'B256A']	13	-1.9159136	0.0	-1.9159126	9.536743e-07
ABAAABCBACABAACBABABBDBDBBBAAACAABAAABDAABAABAAABABAAAAACACBAABAADACCBAAAACACABBABABAAABABBAABDAABCAAAABABAAAABDCBCAAADABCCAADAAAAAAAABDBDACBADAAABDABAAAAACBBADAAACCAAABAAABAAABAABABAABABABAAAACCAAAABBAABBBBCACDCAABDBDCBCAAAAABADDBCACAAAAABAABAAAAAAABBDBDBACCBBBA	['D17A', 'C50A', 'C124A', 'D125A', 'C215B', 'C220B']	6	-3.5224295	0.0	-3.5224285	9.536743e-07
ABAAABCBACBBAACBDBABBDBDBBBAAACAABAAABDAABAABAAABCBAAAAACACBAABAADACCBAAAACACABBABABAAABABBAABDAABCABAABABAAAABDCBCAAADABCCCDDAAAAAAAABDBDACBADAAABDABAAAACCBBADAADCCAAABAAABAAABAABABAABAABBAAAACCAAAABBAABBBBCACDCAACDBDCBCAAAAABADDBCACAAAAABAABAAAAAAABBDBDBACCBBBA	['A11B', 'A101B', 'A155C', 'A163D', 'B187A', 'A188B', 'C220B']	7	-6.3202896	0.0	-6.3202887	9.536743e-07
ABAAABCBACABAACBABABBDBDBBBAAACAABAAABDAABAADAAABCBAAAAACACBAABAADACCBADAACACABBABABAAABABBAABDAABCAAAABABAAAABDDBCAAACABCCADDAAAAAAAABDBDACBACAAABDABAAAAACBBADAAACCAAABAAABAAABAABABAABABABAAAACCAAAABAAABBBBCACBCAACDBCCCCAAAAABADDBCACAAAAABAABAAAAAAABBDBDAACCBBBA	['D17A', 'B45D', 'A72D', 'C113D', 'D119C', 'C124A', 'D143C', 'B201A', 'D211B', 'D218C', 'B256A']	11	-0.73702335	0.0	-0.7370224	9.536743e-07
ABAAABCBACBBAACBDBABBDBCBBBAAAAAABAAABDAABAABAAABCBAAAAACACBAABAADACCBAAAACACABBABABAAABABBAABDAABCABAABABAAAABDCBCAAACABBCCADAAAAAAAABDBDACBADAAABDABAAAAACBBADAAACCAAABAAABAAABAABABAABABABAAAACCAAAABAAABBBBCACDCAACDBDCBCAAAAABADDBAACAAAAABAABAAAAAAABBDBDBACCBBBA	['A11B', 'D24C', 'C31A', 'A101B', 'D119C', 'C122B', 'D125A', 'B201A', 'C220B', 'C232A']	10	-1.2956324	0.0	-1.2956314	9.536743e-07
ABAAACCBABABAACBDBABBDBDBBBAAACAABAAABDAABAADAAABCBAAAAACACBAABAADACCBAAAACACABBABABAAABABBAABDAABCABAABABAAAABDCBCAAACABBCADDAAAAAAAABDBDACBADAAABDABAAAAACBBADAAACCAAABAAABAAABAABABAABABABAAAACCAAAABBAABBBBCACDCAACDBDCCCAAAAABADDBCACAAAAABAABAAAAAAABBDBDBACCBBBA	['B6C', 'C10B', 'B45D', 'A101B', 'D119C', 'C122B', 'C124A']	7	-3.3144045	0.0	-3.3144035	9.536743e-07
ABAAABCBACABAACBABABBDBDBBBAAACAABAAABDAABAABAAABABAAAAACACBAADAADACCBAAAACACABBABABAAABABBAABDAABCAAAABABAAAABDCBCAAADABCCAADAAAAAAAABDBDACBADAAABDABAAAAACBBADAAACCAAABAAABAAABAABABAABABABAAAACCAAAABBAABBBBCACDCAABDBDCBCAAAAABADDBCACAAAAABAABAAAAAAABBDBDBACCBBBA	['D17A', 'C50A', 'B63D', 'C124A', 'D125A', 'C215B', 'C220B']	7	-3.7208815	0.0	-3.7208805	9.536743e-07
ABAAACCBABABAACBABABBDDDBBBAAACAABBAABBAABAADAAABABAAAAACACBAABAADACCBAAAACACABBABABAAABABBAABDAABCAAAABABAAAABDCBCAAADABCCCDDAAAAAAAABDBDACBADAAABDABAAAAACBBADAAACCAAABAAABAAABAABABAABABABAAAACCAAAABAAABBBBCACDCAACDBDCCCAAAAABADDBCACAAAAABAABAAAAAAABBDBDBACCBBBA	['B6C', 'C10B', 'D17A', 'B23D', 'A35B', 'D39B', 'B45D', 'C50A', 'B201A']	9	-3.6348314	0.0	-3.6348305	9.536743e-07
ABAAABCBACABAACBDBABBDBDBBBAAACAABAAABDAABAABAAABCBAAAAACACBAABAADACCBAAAACACABBABABAAABABBAABDAABCAAAABABAAAABDCBCAAADABCCCDDAAAAAAAABDBDACBADAAABDABAAAAACBBADAAACCAAABAAABAAABAABABAABABABAAAACCAAAABAAABBBBCACDCAACDBDCCCAAAAABADDBCACAAAAABAABAAAAAAABBDBDBACCBBBA	['B201A']	1	-3.5084195	0.0	-3.508419	4.7683716e-07
ABAAABCBACABAACBDBABBDBDBBBAAACAABAAABDAABAABAAABCBAAAAACACBAABAADACCBAAAACACABBABABAAABABBAABDAABCAAAABABAAAABDCBCAAADABCCCDDAAAAAAAABDBDACBADAAABDABAAACACBBADAAACCAAABAAABAAABAABABAABABABAAAACCAAAABBAABBBBCACDCAACDBDCDCAAAAABADDBCACAAAAABAABAAAAAAABBDBDBACCBBBA	['A154C', 'C220D']	2	-3.8048444	0.0	-3.804844	4.7683716e-07
ABAAABCBACABAACBABABBDBDBBBAAACAABAAABDAABAABAAABCBAAAAACACBAABAADACCBAAAACACABBABABAAABABBAABDAABCABAABABAAAABDCBCAAADABCCABDAAAAAAAABDBDACBADAAABDABAAAAACBBADAACCCAAABAAABAAABAABABAABABABAAAACCAAAABBAABBBBCACDCAACDBCCCCAAAAABADDBCACAAAAABAABAAAAAAABBDBDBACCBBBA	['D17A', 'A101B', 'C124A', 'D125B', 'A163C', 'D218C']	6	-2.5989194	0.0	-2.598919	4.7683716e-07
ABAAABCBACBBAACBDBABBDBDBBBAAAABABAABBDAABAABAAABCBAAAAACACBAAAAADACCBAAACCACABBABABAAABABBAABDABBCABAABABAAAABDCBAAAABABCCCDDAAAAAAAABDBDACBABAAABDABAAAAACBBADAAACCAAABAAABAAABAABABAABABABAAAACCAAAABAAABBBBCACDCAACDBDCCCAAAAABADABCACAAAAABAABAAAAAAABBDBDBACCBBBA	['A11B', 'C31A', 'A32B', 'A37B', 'B63A', 'A74C', 'A97B', 'A101B', 'C115A', 'D119B', 'D143B', 'B201A', 'D230A']	13	-0.023548603	0.0	-0.023548126	4.7683716e-07
ABAAABCBACABAACBDBABBDBDBBBAAACAABAAABDAABAABAAABCBAAAAACACBAABAADACCBAAAACACABBABABAAABABBAABDAABCAAAABABAAAABBCBCAAADABCCADDAAAAAAAABDBDACBADAAABDABAAAAACBBADAAACCAAABAAABAAABAABABAABABABAAAACCAAAABAAABBBBCACDCAACDBDCCCAAAAABADDBCACAAAAABAABAAAAAAABBDBDBACCBBBA	['D112B', 'C124A', 'B201A']	3	-3.102734	0.0	-3.1027336	4.7683716e-07
ABAAABCBACABAACBDBABBDBDBBBAAACAABAAABDAABAABAAABCBAAAAACACBAABAADACCBAAAACACABBABABAAABABBAABDAABCAAAABABAAAABBCBCAAADABCCADDAAAAAAAABDBDACBADAAABDABAAAAACBBADAAACCAAABAAABAAABAABABAABABABAAAACCAAAABAAABBBBCACDCAACDBDCCCAAAAABADDBCACAAAAABAABAAAAAAABBDBDBACCBBBA	['D112B', 'C124A', 'B201A']	3	-3.102734	0.0	-3.1027336	4.7683716e-07
ABAAABCBACABAACBABABBDBDBBBBAACAABAAABDABBAADAAABBBAAAAACACBAABAADACCBAAAACACABBABABAAABABBAABDAABCAAAABABAAAABBCBCAAADABCCCDDACAAAAAABDBDACBADAAABDABAAAAACBBADAAACCAAABAAABAAABAABABAABABABAAAACCAAAABBAABBBBCACDCAACDBDCBBDAAAABADDBCACAAAAABAABAAAAAAABBDBDBACCBBBA	['D17A', 'A28B', 'A41B', 'B45D', 'C50B', 'D112B', 'A128C', 'C220B', 'C221B', 'A222D']	10	-2.440083	0.0	-2.4400826	4.7683716e-07
ABAAABCBACABAACBDBABBDBDBBBAAAAAABAAABDAABAABAAABCBAAAAACACBAABAADACCBAAAACACABBABABAAABABBAABDAABCABAABABAAAABDCBCAAADABCCCADAAAAAAAABDBDACBADAAABDABAAABACBBADAAACCAAABAAAAAAABAABBBAABABABAAACCCAAAABBAABBABCAADCAACDBBCDCAAAAABADDBCAAAAAAABAABAAAAAAABBDBDBACCBBBA	['C31A', 'A101B', 'D125A', 'A154B', 'B173A', 'A181B', 'A193C', 'B206A', 'C210A', 'D218B', 'C220D', 'C234A']	12	-3.6912084	0.0	-3.691208	4.7683716e-07
ABAAABCBACBBAACBDBABBDBDABBAAACAABAAABDAABAABAAABCBAAAAACACBAABAADACCBAAAACACABBABABAAABABBAABCAABCABAABAAAAAABDCBCAAABABCCCDDAAAAAAAACDBDACBAAAAABDABAAAAACABABAAACCAAABAAABAAABAABABAABABABAAACCCAAAABBABBBBBAACDCAACDBDCCCAAAAABADCBCACAAAAABAABAAAAAAABBDBDAACCBBBA	['A11B', 'B25A', 'D95C', 'A101B', 'B106A', 'D119B', 'B135C', 'D143A', 'B157A', 'D160B', 'A193C', 'A203B', 'C208A', 'D230C', 'B256A']	15	-4.5775723	0.0	-4.577572	4.7683716e-07
ABAAABCBACABAACBABABBDBDBBBAAACAABAAABDAABAABAAABCBAAAAACACBAABAADACCBAAAACACABBABABAAABABBAABDAABCAAAABABAAAABDCBCAAADABCCADDAAAAAAAABDBDACBADAAABDABAAAAACBBACAAACCAAABAAABAAABAABABAABABABAAAACCAAAABBAABBBBCACDCAACDBDCCCAAAAABADDBCACAAAAABAABAAAAAAABBDBDBACCBBBA	['D17A', 'C124A', 'D160C']	3	-3.7510114	0.0	-3.751011	4.7683716e-07
ABAAABCBACABAACBABABBDBDBBBAAACAABAAABDAABAABAAABCBAABAACACBAABAADACCBAAAACACABBABABAAABABBAABDAABCAAAABABAAAABBCBCAAADABCCDDDAAAAAAAABDBDACBADAAABDABAAAAACBBADAAACCAAABAAABAAABAABABAABABABAAAACCAAAABAAABBBBCACDCAACDBDCCCAAAAABADDBCACAAAAABAABAAAAAAABBDBDAACCBBBA	['D17A', 'A54B', 'D112B', 'C124D', 'B201A', 'B256A']	6	-3.4988294	0.0	-3.498829	4.7683716e-07
ABAAABCBACABAACBABABBDBDBBBAAACAABAAABDAABAABAAABCBAABAACACBAABAADACCBAAAACACABBABABAAABABBAABDAABCAAAABABAAAABBCBCAAADABCCDDDAAAAAAAABDBDACBADAAABDABAAAAACBBADAAACCAAABAAABAAABAABABAABABABAAAACCAAAABAAABBBBCACDCAACDBDCCCAAAAABADDBCACAAAAABAABAAAAAAABBDBDAACCBBBA	['D17A', 'A54B', 'D112B', 'C124D', 'B201A', 'B256A']	6	-3.4988294	0.0	-3.498829	4.7683716e-07
