N155H	1.38276502956	0.1984
V234I	1.3409028966	0.0795
V201I	-0.342040291056	0.4246
T124A	-0.429158587009	0.2648
T125A	-0.696301214397	0.2869
E11D	-1.0387032833	0.2107
M50I	-1.11552172527	0.1295
S17N	-1.34657063428	0.2516
L28I	-1.50578114763	0.0738
V31I	-1.56809577346	0.2713
T124N	-1.61548463628	0.1639
K14R	-2.12882483751	0.0943
K211Q	-2.14363532886	0.0295
V113L	-2.16725848941	0.0131
T125V	-2.20785267092	0.0361
S119P	-2.33028214052	0.1279
T206S	-2.39390242659	0.1738
G163R	-2.44851282053	0.0262
I208L	-2.54151625838	0.0762
L74I	-2.56578346901	0.0426
Y227F	-2.59236463904	0.0393
K156N	-2.60637935344	0.1033
K111Q	-2.68061993644	0.0148
D256E	-2.75427107699	0.2131
T112I	-2.76181968907	0.0811
L45I	-2.84034329234	0.0238
D253E	-2.94968533516	0.0533
I203M	-2.98357565701	0.0582
L45Q	-2.98468274623	0.0180
E92Q	-2.98594315303	0.0311
S119R	-2.99199003726	0.0574
T218S	-3.05777756916	0.0934
E10D	-3.09506198578	0.0811
S24N	-3.13550916873	0.0549
D232E	-3.25957939005	0.0369
T218I	-3.36301086843	0.0180
G106A	-3.36447644234	0.0197
G193E	-3.37722027767	0.0500
M154I	-3.39199816063	0.0352
T124S	-3.4431117177	0.0254
F181L	-3.45897553861	0.0533
S195C	-3.46197321452	0.0139
I220L	-3.65226537362	0.0615
T122I	-3.65407875925	0.1303
T97A	-3.83611071669	0.0910
V165I	-3.921732652	0.0533
S24G	-3.92607738171	0.0172
R20K	-4.00780334137	0.0664
K173R	-4.01370866969	0.0115
Q148R	-4.03824707959	0.0508
V32I	-4.03903197683	0.0385
E157Q	-4.09452274442	0.0648
M154L	-4.13482392393	0.0303
K211R	-4.17198638245	0.0689
S39C	-4.2870167233	0.1000
L74M	-4.30281910114	0.0402
A21T	-4.31320634019	0.0270
K7R	-4.31459438428	0.0336
I220V	-4.47470777296	0.0148
G163E	-4.49712111289	0.0377
I208M	-4.49902338674	0.0189
S195T	-4.57075268449	0.0189
Q148H	-4.5778160966	0.1861
D232N	-4.6193442056	0.0328
V126M	-4.63517894316	0.0131
D41N	-4.64966047648	0.0148
K111T	-4.80328696407	0.0607
T112A	-4.85381880403	0.0500
S147G	-4.93730423786	0.0131
S39N	-4.99866118468	0.0131
D167E	-5.04331434146	0.0467
V54I	-5.09251717664	0.0123
A23V	-5.09892659262	0.0369
E212A	-5.10323037766	0.0287
S230N	-5.128290141	0.0975
A205S	-5.14892924484	0.0180
K188R	-5.15896903351	0.0180
Q216H	-5.17506454792	0.0303
V79I	-5.17597903125	0.0148
K111R	-5.25540822465	0.0205
V88I	-5.30681413226	0.0131
D25E	-5.3073832728	0.0648
I182V	-5.31654351577	0.0115
E138K	-5.31919768453	0.0328
I135V	-5.35821274668	0.0885
T112V	-5.45907364646	0.0377
D6E	-5.50562496949	0.0418
I84M	-5.58111474849	0.0131
K7E	-5.61920403084	0.0107
K136Q	-5.69778955448	0.0139
K215N	-5.75734721124	0.0639
Y143R	-5.76019596308	0.0549
E138D	-6.08943338692	0.0221
L45V	-6.09882504866	0.0320
M50L	-6.21350137936	0.0107
V37I	-6.54413261265	0.0279
G140S	-6.70590850525	0.1992
P30A	-6.9401897341	0.0123
N222K	-7.00330249779	0.0508
K219N	-7.12640829477	0.0287
I217V	-7.13716501743	0.0139
G140A	-7.27285856102	0.0115
N254Q	-7.32021519169	0.0115
K34R	-7.38193829916	0.0213
K160Q	-7.40637257695	0.0451
E138A	-7.53501052316	0.0172
S255G	-7.53826102428	0.0115
K136N	-7.66541383229	0.0148
S119G	-7.85362237692	0.0451
G193D	-7.95814289874	0.0131
R187K	-8.07989387028	0.0139
L63I	-8.20420855563	0.0164
Y143C	-8.27225867659	0.0238
V126L	-8.59737652913	0.0139
S255N	-8.7949745981	0.0115
E13D	-9.00118947774	0.0139
Q221S	-9.53850859497	0.0189
S230R	-9.93554434087	0.0230
E96D	-10.1387288552	0.0156
