double_mutation_pair,pair1,pair1_DRM,pair1_count,pair2,pair2_DRM,pair2_count,both_DRM,both_count,dde
F116Y-Q151M,F116Y,1,465,Q151M,1,567,1,444,4.38
M41L-T215Y,M41L,1,7681,T215Y,1,7089,1,6105,3.44
V75M-F77L,V75M,1,1001,F77L,1,530,1,206,3.36
K101E-G190S,K101E,0,1187,G190S,0,575,0,226,3.3
E203K-K223E,E203K,1,1147,K223E,1,425,1,350,3.19
K173T-Q174K,K173T,0,185,Q174K,0,691,0,74,3.17
E169K-K173E,E169K,0,38,K173E,0,307,0,26,3.04
K43E-E44A,K43E,1,1578,E44A,1,453,1,428,2.91
V75I-I132L,V75I,1,548,I132L,0,59,0,40,2.9
K70R-K219E,K70R,1,3843,K219E,1,1432,1,1101,2.77
D67N-K219Q,D67N,1,6284,K219Q,1,2424,1,2082,2.73
Q207K-R211N,Q207K,0,336,R211N,0,82,0,7,2.72
K70R-K219Q,K70R,1,3843,K219Q,1,2424,1,2016,2.72
L210W-T215Y,L210W,1,5245,T215Y,1,7089,1,4737,2.7
F116Y-Q151L,F116Y,1,465,Q151L,1,17,1,8,2.68
K103R-V179D,K103R,0,447,V179D,0,411,0,172,2.64
K101E-G190A,K101E,0,1187,G190A,0,2628,0,678,2.64
K103N-P225H,K103N,0,7169,P225H,0,1000,0,919,2.64
K65R-S68N,K65R,1,582,S68N,0,116,0,58,2.63
L100I-K103N,L100I,0,1048,K103N,0,7169,0,958,2.59
Q174K-N175Y,Q174K,0,691,N175Y,0,102,0,57,2.57
V75I-F77L,V75I,1,548,F77L,1,530,1,253,2.53
M41L-T215F,M41L,1,7681,T215F,1,2076,1,1052,2.48
D67G-K219E,D67G,1,550,K219E,1,1432,1,120,2.42
D121Y-K122E,D121Y,0,539,K122E,0,9670,0,523,2.41
D67N-K219E,D67N,1,6284,K219E,1,1432,1,1075,2.38
K101P-K103S,K101P,0,288,K103S,0,445,0,82,2.35
Q207K-R211T,Q207K,0,336,R211T,0,363,0,13,2.34
D121H-K122E,D121H,0,715,K122E,0,9670,0,681,2.32
L210W-T215S,L210W,1,5245,T215S,1,244,1,37,2.28
M41L-T215S,M41L,1,7681,T215S,1,244,1,73,2.27
E40F-K43E,E40F,1,200,K43E,1,1578,1,171,2.24
T39K-K43E,T39K,0,222,K43E,1,1578,0,147,2.21
D67N-K70R,D67N,1,6284,K70R,1,3843,1,2943,2.21
D218E-K219Q,D218E,1,1380,K219Q,1,2424,1,718,2.18
D67G-K219Q,D67G,1,550,K219Q,1,2424,1,129,2.16
L74V-Y115F,L74V,1,2012,Y115F,1,419,1,155,2.13
D67G-K70R,D67G,1,550,K70R,1,3843,1,257,2.13
L74V-L100I,L74V,1,2012,L100I,0,1048,0,480,2.04
A62V-V75I,A62V,1,944,V75I,1,548,1,314,2.04
K101Q-G190S,K101Q,0,986,G190S,0,575,0,102,2.03
F116Y-Q151R,F116Y,1,465,Q151R,1,12,1,0,1.99
D67G-T69D,D67G,1,550,T69D,1,1500,1,122,1.97
A62V-V75T,A62V,1,944,V75T,1,291,1,101,1.95
V106M-V179D,V106M,0,164,V179D,0,411,0,45,1.94
V118I-F214L,V118I,1,4638,F214L,0,3429,0,1188,1.91
K49R-E169K,K49R,0,1558,E169K,0,38,0,19,1.9
K49R-I50V,K49R,0,1558,I50V,0,272,0,132,1.89
V75I-Q151M,V75I,1,548,Q151M,1,567,1,333,1.87
K102E-Y188L,K102E,0,66,Y188L,0,965,0,19,1.82
K122E-D123N,K122E,0,9670,D123N,0,1089,0,986,1.79
E203K-K223T,E203K,1,1147,K223T,1,120,1,50,1.77
V75I-F116Y,V75I,1,548,F116Y,1,465,1,316,1.77
S68G-T69I,S68G,0,1572,T69I,1,84,0,71,1.77
Y181C-H221Y,Y181C,0,3013,H221Y,0,1103,0,616,1.76
L74I-V75T,L74I,1,1137,V75T,1,291,1,137,1.75
F116W-Q151M,F116W,1,2,Q151M,1,567,1,2,1.72
K103S-G190A,K103S,0,445,G190A,0,2628,0,230,1.72
K122E-D123S,K122E,0,9670,D123S,0,325,0,313,1.71
K173Q-Q174K,K173Q,0,257,Q174K,0,691,0,26,1.71
D67G-K70G,D67G,1,550,K70G,1,90,1,7,1.7
F77L-Q151M,F77L,1,530,Q151M,1,567,1,287,1.7
K49R-E169D,K49R,0,1558,E169D,0,1236,0,373,1.7
K65R-S68R,K65R,1,582,S68R,0,38,0,16,1.69
N175H-K201I,N175H,0,68,K201I,0,29,0,13,1.67
E44D-L210S,E44D,1,2258,L210S,1,160,1,55,1.66
E203K-K223Q,E203K,1,1147,K223Q,1,560,1,224,1.66
D67N-K70G,D67N,1,6284,K70G,1,90,1,57,1.66
K43R-E44A,K43R,1,100,E44A,1,453,1,2,1.66
K103S-P225H,K103S,0,445,P225H,0,1000,0,17,1.65
T215F-K219E,T215F,1,2076,K219E,1,1432,1,469,1.63
D177E-I178V,D177E,0,4457,I178V,0,167,0,116,1.63
E194Q-G196E,E194Q,0,39,G196E,0,3706,0,28,1.61
E203A-K223E,E203A,1,66,K223E,1,425,1,1,1.59
K103R-P225H,K103R,0,447,P225H,0,1000,0,14,1.58
K65R-S68G,K65R,1,582,S68G,0,1572,0,229,1.58
K73M-V75M,K73M,0,36,V75M,1,1001,0,19,1.58
D67G-S68G,D67G,1,550,S68G,0,1572,0,276,1.57
E203K-Q207E,E203K,1,1147,Q207E,0,3342,0,589,1.57
H208Y-W212M,H208Y,1,2190,W212M,0,38,0,38,1.57
D67G-K219N,D67G,1,550,K219N,1,936,1,69,1.56
M41L-L210W,M41L,1,7681,L210W,1,5245,1,4909,1.56
K70G-K219Q,K70G,1,90,K219Q,1,2424,1,33,1.56
V106I-Y188L,V106I,0,832,Y188L,0,965,0,198,1.55
D67N-T69D,D67N,1,6284,T69D,1,1500,1,1225,1.55
Q197K-T200E,Q197K,0,444,T200E,0,390,0,40,1.53
K122Q-D123N,K122Q,0,97,D123N,0,1089,0,10,1.53
Q207A-R211N,Q207A,0,311,R211N,0,82,0,1,1.52
F77L-F116Y,F77L,1,530,F116Y,1,465,1,267,1.51
T200E-E204D,T200E,0,390,E204D,0,218,0,13,1.51
K73M-V75T,K73M,0,36,V75T,1,291,0,1,1.51
M41I-T215Y,M41I,1,10,T215Y,1,7089,1,5,1.5
K122P-D177E,K122P,0,483,D177E,0,4457,0,296,1.49
L100I-K103R,L100I,0,1048,K103R,0,447,0,16,1.49
V108I-H221Y,V108I,0,1726,H221Y,0,1103,0,425,1.49
K103S-D192N,K103S,0,445,D192N,0,96,0,21,1.48
V90I-S162Y,V90I,0,1068,S162Y,0,604,0,141,1.47
D67G-K70E,D67G,1,550,K70E,1,89,1,16,1.45
L74V-G190E,L74V,1,2012,G190E,0,89,0,30,1.44
K65R-Y181C,K65R,1,582,Y181C,0,3013,0,248,1.43
D67G-S68R,D67G,1,550,S68R,0,38,0,7,1.39
K64H-T69N,K64H,0,106,T69N,1,1382,0,62,1.39
T200E-E203K,T200E,0,390,E203K,1,1147,0,104,1.38
N175Y-K201R,N175Y,0,102,K201R,0,58,0,10,1.37
L100I-K103S,L100I,0,1048,K103S,0,445,0,14,1.36
D218E-K219N,D218E,1,1380,K219N,1,936,1,144,1.36
V106I-Y188C,V106I,0,832,Y188C,0,39,0,10,1.35
Q207A-R211K,Q207A,0,311,R211K,0,9546,0,219,1.35
K64H-K219Q,K64H,0,106,K219Q,1,2424,0,75,1.34
E204Q-Q207E,E204Q,0,116,Q207E,0,3342,0,46,1.34
Y181V-H221Y,Y181V,0,78,H221Y,0,1103,0,15,1.34
K49E-I142M,K49E,0,20,I142M,0,91,0,0,1.34
T58N-F77L,T58N,0,51,F77L,1,530,0,46,1.34
E40F-L210W,E40F,1,200,L210W,1,5245,1,196,1.33
D121H-D177E,D121H,0,715,D177E,0,4457,0,364,1.33
T200E-E204K,T200E,0,390,E204K,0,134,0,17,1.32
A62V-M184I,A62V,1,944,M184I,1,278,1,46,1.32
K49R-S162D,K49R,0,1558,S162D,0,404,0,127,1.31
H208Y-T215F,H208Y,1,2190,T215F,1,2076,1,318,1.31
V90I-M184I,V90I,0,1068,M184I,1,278,0,69,1.3
E204K-Q207E,E204K,0,134,Q207E,0,3342,0,68,1.3
E204Q-Q207A,E204Q,0,116,Q207A,0,311,0,18,1.3
N175H-K201R,N175H,0,68,K201R,0,58,0,3,1.3
D121H-K122Q,D121H,0,715,K122Q,0,97,0,1,1.29
S68N-K70G,S68N,0,116,K70G,1,90,0,17,1.29
L74V-Y181C,L74V,1,2012,Y181C,0,3013,0,828,1.29
N175H-K201M,N175H,0,68,K201M,0,14,0,6,1.29
D218E-K219E,D218E,1,1380,K219E,1,1432,1,228,1.29
M184V-P225H,M184V,1,10518,P225H,0,1000,0,800,1.29
E194D-G196E,E194D,0,79,G196E,0,3706,0,35,1.29
S105T-Y188L,S105T,0,46,Y188L,0,965,0,18,1.29
E194K-G196E,E194K,0,65,G196E,0,3706,0,41,1.28
D67N-T215F,D67N,1,6284,T215F,1,2076,1,1454,1.28
I178V-E204K,I178V,0,167,E204K,0,134,0,16,1.27
E169A-K173E,E169A,0,26,K173E,0,307,0,3,1.27
H208Y-K223E,H208Y,1,2190,K223E,1,425,1,303,1.27
K101E-E138A,K101E,0,1187,E138A,0,510,0,110,1.27
L210W-T215F,L210W,1,5245,T215F,1,2076,1,247,1.26
K101Q-G190A,K101Q,0,986,G190A,0,2628,0,326,1.26
D121Y-K122Q,D121Y,0,539,K122Q,0,97,0,1,1.25
I135V-S162C,I135V,0,1442,S162C,0,2311,0,421,1.24
K65R-L100I,K65R,1,582,L100I,0,1048,0,74,1.24
D67G-D218E,D67G,1,550,D218E,1,1380,1,93,1.24
E44D-T215Y,E44D,1,2258,T215Y,1,7089,1,2098,1.23
G190E-K219N,G190E,0,89,K219N,1,936,0,22,1.23
T69N-K70R,T69N,1,1382,K70R,1,3843,1,981,1.23
M41L-E44D,M41L,1,7681,E44D,1,2258,1,2169,1.23
K64H-D67G,K64H,0,106,D67G,1,550,0,26,1.23
D67G-G190E,D67G,1,550,G190E,0,89,0,12,1.22
K49R-E169A,K49R,0,1558,E169A,0,26,0,7,1.21
D67N-D218E,D67N,1,6284,D218E,1,1380,1,1134,1.21
V111I-L210S,V111I,0,309,L210S,1,160,0,15,1.21
T58N-Y115F,T58N,0,51,Y115F,1,419,0,41,1.21
T58N-Q151M,T58N,0,51,Q151M,1,567,0,47,1.21
V75T-F77L,V75T,1,291,F77L,1,530,1,2,1.2
H208Y-R211K,H208Y,1,2190,R211K,0,9546,0,1792,1.2
Y181C-G190A,Y181C,0,3013,G190A,0,2628,0,1158,1.19
Y115F-Q151M,Y115F,1,419,Q151M,1,567,1,187,1.19
T215F-K219Q,T215F,1,2076,K219Q,1,2424,1,1065,1.18
F116L-Q151M,F116L,1,6,Q151M,1,567,1,0,1.18
I178V-K201M,I178V,0,167,K201M,0,14,0,9,1.18
K103S-D177N,K103S,0,445,D177N,0,405,0,31,1.18
M41L-K43Q,M41L,1,7681,K43Q,1,888,1,810,1.17
V108I-V189I,V108I,0,1726,V189I,0,632,0,217,1.17
K64N-K219Q,K64N,0,58,K219Q,1,2424,0,38,1.17
D67G-S68N,D67G,1,550,S68N,0,116,0,5,1.17
V179T-G190S,V179T,0,81,G190S,0,575,0,14,1.16
T58N-V75I,T58N,0,51,V75I,1,548,0,44,1.15
E40F-K70E,E40F,1,200,K70E,1,89,1,1,1.15
R172K-Y188L,R172K,0,312,Y188L,0,965,0,57,1.15
K101E-E138K,K101E,0,1187,E138K,0,82,0,25,1.15
N175Y-T200E,N175Y,0,102,T200E,0,390,0,16,1.15
E44G-G45R,E44G,1,40,G45R,0,25,0,8,1.14
Q197P-T200E,Q197P,0,85,T200E,0,390,0,11,1.14
M41I-E44D,M41I,1,10,E44D,1,2258,1,1,1.14
K65R-T69I,K65R,1,582,T69I,1,84,1,50,1.14
V179T-G190E,V179T,0,81,G190E,0,89,0,1,1.13
S68R-F116Y,S68R,0,38,F116Y,1,465,0,15,1.13
K122Q-D123S,K122Q,0,97,D123S,0,325,0,3,1.13
M41L-K43E,M41L,1,7681,K43E,1,1578,1,1477,1.12
V111I-M164L,V111I,0,309,M164L,0,30,0,12,1.12
H208Y-T215Y,H208Y,1,2190,T215Y,1,7089,1,1750,1.12
E169A-K173T,E169A,0,26,K173T,0,185,0,0,1.12
V179D-Y188L,V179D,0,411,Y188L,0,965,0,65,1.12
I178L-E204K,I178L,0,1452,E204K,0,134,0,32,1.12
H208Y-R211N,H208Y,1,2190,R211N,0,82,0,18,1.11
K122Q-D177E,K122Q,0,97,D177E,0,4457,0,51,1.11
E203A-Q207E,E203A,1,66,Q207E,0,3342,0,25,1.11
L109I-I202T,L109I,0,153,I202T,0,33,0,7,1.11
K64N-D67G,K64N,0,58,D67G,1,550,0,11,1.11
S163T-T165I,S163T,0,99,T165I,0,547,0,20,1.11
H208Y-T215S,H208Y,1,2190,T215S,1,244,1,19,1.1
K173T-Q174R,K173T,0,185,Q174R,0,536,0,13,1.1
E40F-K43R,E40F,1,200,K43R,1,100,1,1,1.1
K102E-S162Y,K102E,0,66,S162Y,0,604,0,18,1.1
T215F-K223Q,T215F,1,2076,K223Q,1,560,1,61,1.1
L109I-D218E,L109I,0,153,D218E,1,1380,0,71,1.1
V111I-H208Y,V111I,0,309,H208Y,1,2190,0,168,1.1
E138A-G190E,E138A,0,510,G190E,0,89,0,18,1.09
K122P-I178L,K122P,0,483,I178L,0,1452,0,106,1.09
F77L-F116W,F77L,1,530,F116W,1,2,1,2,1.08
E44D-L210W,E44D,1,2258,L210W,1,5245,1,1937,1.08
N175Y-K201I,N175Y,0,102,K201I,0,29,0,5,1.08
V118I-F214C,V118I,1,4638,F214C,0,9,0,8,1.07
V179I-Y181I,V179I,0,2265,Y181I,0,136,0,58,1.07
D67N-T215Y,D67N,1,6284,T215Y,1,7089,1,3452,1.07
K101P-D192N,K101P,0,288,D192N,0,96,0,13,1.06
K73L-V75T,K73L,0,6,V75T,1,291,0,0,1.06
V75I-F116W,V75I,1,548,F116W,1,2,1,2,1.06
V75M-G190E,V75M,1,1001,G190E,0,89,0,11,1.06
T165L-F214L,T165L,0,138,F214L,0,3429,0,67,1.06
V108I-L109V,V108I,0,1726,L109V,0,26,0,16,1.06
I159L-S162D,I159L,0,39,S162D,0,404,0,15,1.05
K43E-T215Y,K43E,1,1578,T215Y,1,7089,1,1363,1.05
E138A-I142T,E138A,0,510,I142T,0,584,0,54,1.05
Y115F-M184V,Y115F,1,419,M184V,1,10518,1,331,1.05
L74I-T215F,L74I,1,1137,T215F,1,2076,1,356,1.05
K49R-K166I,K49R,0,1558,K166I,0,43,0,20,1.05
L109V-V189I,L109V,0,26,V189I,0,632,0,12,1.05
H208F-R211K,H208F,1,75,R211K,0,9546,0,69,1.04
A62V-D67E,A62V,1,944,D67E,1,112,1,38,1.04
I94L-I135L,I94L,0,190,I135L,0,751,0,35,1.04
K101Q-G190E,K101Q,0,986,G190E,0,89,0,3,1.04
V75M-K82R,V75M,1,1001,K82R,0,166,0,42,1.04
K103N-V108I,K103N,0,7169,V108I,0,1726,0,1040,1.04
K103N-E138Q,K103N,0,7169,E138Q,0,149,0,95,1.04
Q151M-R172K,Q151M,1,567,R172K,0,312,0,82,1.03
E169K-K173T,E169K,0,38,K173T,0,185,0,1,1.03
P157A-G190E,P157A,0,36,G190E,0,89,0,6,1.03
V118I-L210W,V118I,1,4638,L210W,1,5245,1,3132,1.02
Y188L-V189I,Y188L,0,965,V189I,0,632,0,93,1.02
T69I-Q151M,T69I,1,84,Q151M,1,567,1,49,1.02
S68G-Q151M,S68G,0,1572,Q151M,1,567,0,233,1.02
K43E-L210W,K43E,1,1578,L210W,1,5245,1,1313,1.02
G196E-Q197K,G196E,0,3706,Q197K,0,444,0,189,1.02
S68R-Q151M,S68R,0,38,Q151M,1,567,0,16,1.02
D67E-T215F,D67E,1,112,T215F,1,2076,1,11,1.01
S68G-F116Y,S68G,0,1572,F116Y,1,465,0,214,1.01
G190E-K219E,G190E,0,89,K219E,1,1432,0,14,1.01
K201R-E204K,K201R,0,58,E204K,0,134,0,6,1
K101E-G190E,K101E,0,1187,G190E,0,89,0,4,1
D67E-S68G,D67E,1,112,S68G,0,1572,0,48,1
I195K-G196E,I195K,0,31,G196E,0,3706,0,20,1
L210W-R211N,L210W,1,5245,R211N,0,82,0,64,0.99
K49R-E53D,K49R,0,1558,E53D,0,232,0,53,0.99
K64N-K70R,K64N,0,58,K70R,1,3843,0,44,0.99
K43Q-T215Y,K43Q,1,888,T215Y,1,7089,1,744,0.99
K173E-Q174K,K173E,0,307,Q174K,0,691,0,20,0.99
E44A-K219N,E44A,1,453,K219N,1,936,1,152,0.99
H208F-L210W,H208F,1,75,L210W,1,5245,1,75,0.98
E44A-T215Y,E44A,1,453,T215Y,1,7089,1,430,0.98
L109V-D218E,L109V,0,26,D218E,1,1380,0,16,0.98
D67E-V75M,D67E,1,112,V75M,1,1001,1,31,0.98
T200A-E204D,T200A,0,5337,E204D,0,218,0,113,0.98
K103R-E138Q,K103R,0,447,E138Q,0,149,0,7,0.98
T39A-E40D,T39A,0,2649,E40D,1,196,0,59,0.98
S68R-K70E,S68R,0,38,K70E,1,89,0,3,0.97
K64N-S68R,K64N,0,58,S68R,0,38,0,0,0.97
Q174R-R211N,Q174R,0,536,R211N,0,82,0,3,0.97
L109I-I202V,L109I,0,153,I202V,0,2591,0,55,0.97
D67E-K70R,D67E,1,112,K70R,1,3843,1,8,0.97
E44A-S117A,E44A,1,453,S117A,0,20,0,11,0.97
D121Y-D177E,D121Y,0,539,D177E,0,4457,0,226,0.96
A62V-Q151L,A62V,1,944,Q151L,1,17,1,9,0.96
E204K-F214L,E204K,0,134,F214L,0,3429,0,59,0.96
V75I-Q151L,V75I,1,548,Q151L,1,17,1,6,0.96
K122P-D177G,K122P,0,483,D177G,0,324,0,7,0.96
K65R-G190S,K65R,1,582,G190S,0,575,0,47,0.96
K43Q-T215F,K43Q,1,888,T215F,1,2076,1,77,0.95
T139A-Y188L,T139A,0,122,Y188L,0,965,0,28,0.95
T215Y-K223Q,T215Y,1,7089,K223Q,1,560,1,478,0.95
L74V-G190S,L74V,1,2012,G190S,0,575,0,140,0.95
T107S-L109I,T107S,0,69,L109I,0,153,0,9,0.95
E40F-L210S,E40F,1,200,L210S,1,160,1,2,0.94
M41I-L210W,M41I,1,10,L210W,1,5245,1,3,0.94
K122P-I178V,K122P,0,483,I178V,0,167,0,15,0.94
M41L-E44A,M41L,1,7681,E44A,1,453,1,446,0.94
D67N-K219N,D67N,1,6284,K219N,1,936,1,672,0.93
V75T-L210S,V75T,1,291,L210S,1,160,1,8,0.93
E40F-H208Y,E40F,1,200,H208Y,1,2190,1,123,0.93
K43E-V118I,K43E,1,1578,V118I,1,4638,1,1112,0.93
K103R-V179T,K103R,0,447,V179T,0,81,0,3,0.93
T58N-F116Y,T58N,0,51,F116Y,1,465,0,42,0.93
T39S-E40D,T39S,0,154,E40D,1,196,0,6,0.93
D67N-H208F,D67N,1,6284,H208F,1,75,1,64,0.93
E44D-V118I,E44D,1,2258,V118I,1,4638,1,1645,0.92
K219N-K223E,K219N,1,936,K223E,1,425,1,129,0.92
F116Y-I167V,F116Y,1,465,I167V,0,159,0,34,0.92
I167V-T215F,I167V,0,159,T215F,1,2076,0,71,0.92
K223E-E224K,K223E,1,425,E224K,0,37,0,13,0.92
D67E-K219Q,D67E,1,112,K219Q,1,2424,1,2,0.92
M41I-T215F,M41I,1,10,T215F,1,2076,1,0,0.92
T69D-T215F,T69D,1,1500,T215F,1,2076,1,377,0.91
A62V-Q151M,A62V,1,944,Q151M,1,567,1,257,0.91
Q174R-N175Y,Q174R,0,536,N175Y,0,102,0,8,0.91
K65R-G190E,K65R,1,582,G190E,0,89,0,12,0.91
E203A-K223T,E203A,1,66,K223T,1,120,1,3,0.91
L74I-K219Q,L74I,1,1137,K219Q,1,2424,1,364,0.9
E203D-H221Y,E203D,1,911,H221Y,0,1103,0,158,0.9
M41L-L74I,M41L,1,7681,L74I,1,1137,1,889,0.9
A98G-I135L,A98G,0,1210,I135L,0,751,0,119,0.9
K64R-D67E,K64R,0,538,D67E,1,112,0,20,0.9
K102Q-S162Y,K102Q,0,869,S162Y,0,604,0,66,0.9
T39A-M41L,T39A,0,2649,M41L,1,7681,0,1972,0.9
D67G-T215F,D67G,1,550,T215F,1,2076,1,112,0.9
K43Q-L210W,K43Q,1,888,L210W,1,5245,1,705,0.9
D123E-D177E,D123E,0,5031,D177E,0,4457,0,1817,0.89
K103S-E138Q,K103S,0,445,E138Q,0,149,0,10,0.89
L205F-H208Y,L205F,0,26,H208Y,1,2190,0,21,0.89
D67G-T69N,D67G,1,550,T69N,1,1382,1,74,0.89
V108I-L109I,V108I,0,1726,L109I,0,153,0,55,0.88
L74I-I94L,L74I,1,1137,I94L,0,190,0,64,0.88
V111I-T165I,V111I,0,309,T165I,0,547,0,27,0.88
V118M-F214L,V118M,1,9,F214L,0,3429,0,4,0.88
E44A-V118I,E44A,1,453,V118I,1,4638,1,377,0.88
I94L-M184V,I94L,0,190,M184V,1,10518,0,171,0.88
K122Q-D177G,K122Q,0,97,D177G,0,324,0,4,0.88
V106I-E224D,V106I,0,832,E224D,0,292,0,46,0.88
V106M-F214L,V106M,0,164,F214L,0,3429,0,72,0.88
V75M-G190S,V75M,1,1001,G190S,0,575,0,64,0.87
V118I-K219N,V118I,1,4638,K219N,1,936,1,701,0.87
K103R-G190A,K103R,0,447,G190A,0,2628,0,147,0.87
T165L-M184V,T165L,0,138,M184V,1,10518,0,114,0.87
L210W-K219N,L210W,1,5245,K219N,1,936,1,826,0.87
F77L-Y115F,F77L,1,530,Y115F,1,419,1,150,0.87
K43E-T215F,K43E,1,1578,T215F,1,2076,1,118,0.87
K64N-D67N,K64N,0,58,D67N,1,6284,0,35,0.87
T39A-S48E,T39A,0,2649,S48E,0,92,0,32,0.86
H208F-R211N,H208F,1,75,R211N,0,82,0,2,0.86
V179I-Y188L,V179I,0,2265,Y188L,0,965,0,266,0.86
N54I-W88C,N54I,0,29,W88C,0,238,0,8,0.86
H208F-K223Q,H208F,1,75,K223Q,1,560,1,15,0.86
V106A-L109I,V106A,0,285,L109I,0,153,0,14,0.86
M41K-T215Y,M41K,1,4,T215Y,1,7089,1,0,0.86
D177E-E204K,D177E,0,4457,E204K,0,134,0,73,0.86
T200A-E203D,T200A,0,5337,E203D,1,911,0,433,0.86
Y188L-E224D,Y188L,0,965,E224D,0,292,0,53,0.86
V118I-T215Y,V118I,1,4638,T215Y,1,7089,1,3275,0.85
H208Y-K223Q,H208Y,1,2190,K223Q,1,560,1,317,0.85
K101E-Y181C,K101E,0,1187,Y181C,0,3013,0,498,0.85
T216H-P217Q,T216H,0,4,P217Q,0,6,0,4,0.85
V118I-L210S,V118I,1,4638,L210S,1,160,1,62,0.85
A98G-T215F,A98G,0,1210,T215F,1,2076,0,227,0.85
T69N-K219Q,T69N,1,1382,K219Q,1,2424,1,597,0.85
K103N-S105T,K103N,0,7169,S105T,0,46,0,32,0.85
D121Y-K122P,D121Y,0,539,K122P,0,483,0,0,0.85
L109I-T215F,L109I,0,153,T215F,1,2076,0,50,0.85
E204K-R211T,E204K,0,134,R211T,0,363,0,4,0.85
L74I-V108I,L74I,1,1137,V108I,0,1726,0,295,0.85
K102R-K104R,K102R,0,641,K104R,0,312,0,35,0.85
S48T-K122E,S48T,0,392,K122E,0,9670,0,275,0.84
K101Q-Y181V,K101Q,0,986,Y181V,0,78,0,14,0.84
T69I-F116Y,T69I,1,84,F116Y,1,465,1,47,0.84
D67E-T215Y,D67E,1,112,T215Y,1,7089,1,80,0.84
A62V-S68N,A62V,1,944,S68N,0,116,0,34,0.84
K103R-V108I,K103R,0,447,V108I,0,1726,0,67,0.84
E42G-E44G,E42G,0,56,E44G,1,40,0,7,0.84
L210S-T215Y,L210S,1,160,T215Y,1,7089,1,95,0.84
E169K-K173Q,E169K,0,38,K173Q,0,257,0,1,0.84
K101Q-Y181C,K101Q,0,986,Y181C,0,3013,0,356,0.84
V106M-G190A,V106M,0,164,G190A,0,2628,0,55,0.84
K43E-V118M,K43E,1,1578,V118M,1,9,1,4,0.84
E203K-H208Y,E203K,1,1147,H208Y,1,2190,1,566,0.84
T58N-V75T,T58N,0,51,V75T,1,291,0,1,0.84
Q151M-I167V,Q151M,1,567,I167V,0,159,0,35,0.84
F77L-Q151L,F77L,1,530,Q151L,1,17,1,3,0.84
V179D-Y181I,V179D,0,411,Y181I,0,136,0,10,0.83
D86E-K173Q,D86E,0,93,K173Q,0,257,0,1,0.83
Q151M-M164L,Q151M,1,567,M164L,0,30,0,10,0.83
V118I-H208F,V118I,1,4638,H208F,1,75,1,68,0.83
V118I-T215F,V118I,1,4638,T215F,1,2076,1,621,0.83
P176S-I202V,P176S,0,44,I202V,0,2591,0,18,0.83
V60I-I132V,V60I,0,3385,I132V,0,37,0,17,0.83
E138K-G190E,E138K,0,82,G190E,0,89,0,7,0.83
Y115F-F116Y,Y115F,1,419,F116Y,1,465,1,163,0.83
H208L-W212M,H208L,1,13,W212M,0,38,0,0,0.82
M41I-K43Q,M41I,1,10,K43Q,1,888,1,0,0.82
K64N-D67E,K64N,0,58,D67E,1,112,0,0,0.82
K101P-K103N,K101P,0,288,K103N,0,7169,0,134,0.82
V111I-I178L,V111I,0,309,I178L,0,1452,0,63,0.82
T39K-E40K,T39K,0,222,E40K,1,45,0,3,0.82
L74V-Y181V,L74V,1,2012,Y181V,0,78,0,19,0.82
Q207A-R211T,Q207A,0,311,R211T,0,363,0,8,0.82
V111I-Q151M,V111I,0,309,Q151M,1,567,0,38,0.81
M184I-P225H,M184I,1,278,P225H,0,1000,0,13,0.81
D67N-K104N,D67N,1,6284,K104N,0,127,0,81,0.81
L74F-V75T,L74F,1,6,V75T,1,291,1,1,0.81
E40F-L210F,E40F,1,200,L210F,1,196,1,0,0.81
V106A-I178L,V106A,0,285,I178L,0,1452,0,50,0.81
K101E-D192N,K101E,0,1187,D192N,0,96,0,18,0.81
E44A-L210W,E44A,1,453,L210W,1,5245,1,412,0.81
A62P-V75I,A62P,1,2,V75I,1,548,1,0,0.81
A62V-K65R,A62V,1,944,K65R,1,582,1,181,0.81
K43E-L210S,K43E,1,1578,L210S,1,160,1,25,0.8
S162D-K166R,S162D,0,404,K166R,0,1428,0,91,0.8
V189I-G190S,V189I,0,632,G190S,0,575,0,52,0.8
L100I-K219N,L100I,0,1048,K219N,1,936,0,179,0.8
K101E-Y181I,K101E,0,1187,Y181I,0,136,0,29,0.8
V106I-L109V,V106I,0,832,L109V,0,26,0,9,0.8
T58S-V75I,T58S,0,16,V75I,1,548,0,8,0.8
L74V-Y181I,L74V,1,2012,Y181I,0,136,0,32,0.8
I178V-E204Q,I178V,0,167,E204Q,0,116,0,8,0.8
H208Y-W212R,H208Y,1,2190,W212R,0,7,0,5,0.8
K64H-K219N,K64H,0,106,K219N,1,936,0,7,0.8
V90I-S162D,V90I,0,1068,S162D,0,404,0,46,0.8
V75M-D86E,V75M,1,1001,D86E,0,93,0,14,0.79
G196K-Q197K,G196K,0,97,Q197K,0,444,0,3,0.79
V179T-Y181I,V179T,0,81,Y181I,0,136,0,0,0.79
Y181C-H221C,Y181C,0,3013,H221C,0,9,0,6,0.79
V189I-G190E,V189I,0,632,G190E,0,89,0,4,0.79
E40F-M41L,E40F,1,200,M41L,1,7681,1,198,0.79
Y181I-H221Y,Y181I,0,136,H221Y,0,1103,0,13,0.79
V106I-K223T,V106I,0,832,K223T,1,120,0,20,0.79
E194Q-G196K,E194Q,0,39,G196K,0,97,0,1,0.79
D67N-T215S,D67N,1,6284,T215S,1,244,1,86,0.79
K122Q-I178V,K122Q,0,97,I178V,0,167,0,6,0.79
S68G-K70E,S68G,0,1572,K70E,1,89,0,8,0.79
L210S-K219N,L210S,1,160,K219N,1,936,1,16,0.78
S68R-V75I,S68R,0,38,V75I,1,548,0,13,0.78
K65R-M184I,K65R,1,582,M184I,1,278,1,30,0.78
Q207E-E224K,Q207E,0,3342,E224K,0,37,0,18,0.78
V106A-G190A,V106A,0,285,G190A,0,2628,0,83,0.78
K43Q-T215S,K43Q,1,888,T215S,1,244,1,6,0.78
R172K-G190A,R172K,0,312,G190A,0,2628,0,120,0.78
I94L-V189I,I94L,0,190,V189I,0,632,0,35,0.78
I135L-E138A,I135L,0,751,E138A,0,510,0,38,0.78
T39S-E40K,T39S,0,154,E40K,1,45,0,0,0.78
Y181C-K219E,Y181C,0,3013,K219E,1,1432,0,447,0.78
H208F-K223E,H208F,1,75,K223E,1,425,1,6,0.77
Q174R-R211K,Q174R,0,536,R211K,0,9546,0,346,0.77
Q174R-R211T,Q174R,0,536,R211T,0,363,0,16,0.77
T58S-F77L,T58S,0,16,F77L,1,530,0,7,0.77
I178M-K201R,I178M,0,1880,K201R,0,58,0,15,0.77
T58N-A62V,T58N,0,51,A62V,1,944,0,39,0.77
H208F-W212M,H208F,1,75,W212M,0,38,0,0,0.77
T139K-Y181C,T139K,0,136,Y181C,0,3013,0,39,0.77
T39K-K43R,T39K,0,222,K43R,1,100,0,1,0.77
T165I-F214L,T165I,0,547,F214L,0,3429,0,213,0.77
L100I-K219E,L100I,0,1048,K219E,1,1432,0,153,0.77
E169A-Q174K,E169A,0,26,Q174K,0,691,0,7,0.77
K65R-Y181V,K65R,1,582,Y181V,0,78,0,5,0.77
V75I-G190E,V75I,1,548,G190E,0,89,0,8,0.76
V75T-D218E,V75T,1,291,D218E,1,1380,1,98,0.76
Q151M-F214C,Q151M,1,567,F214C,0,9,0,4,0.76
D67E-K70G,D67E,1,112,K70G,1,90,1,0,0.76
V75M-E79D,V75M,1,1001,E79D,0,81,0,12,0.76
K43Q-E44A,K43Q,1,888,E44A,1,453,1,11,0.76
M41K-L210W,M41K,1,4,L210W,1,5245,1,0,0.76
S105T-M184V,S105T,0,46,M184V,1,10518,0,41,0.76
Q174R-Q207E,Q174R,0,536,Q207E,0,3342,0,175,0.76
P176S-T200A,P176S,0,44,T200A,0,5337,0,25,0.76
T215Y-K223E,T215Y,1,7089,K223E,1,425,1,378,0.76
E44D-L210F,E44D,1,2258,L210F,1,196,1,21,0.76
T165I-Q182H,T165I,0,547,Q182H,0,9,0,7,0.76
Y181V-T215F,Y181V,0,78,T215F,1,2076,0,17,0.76
S105A-T139K,S105A,0,46,T139K,0,136,0,4,0.76
T69I-V75I,T69I,1,84,V75I,1,548,1,47,0.76
T200E-E203D,T200E,0,390,E203D,1,911,0,17,0.75
Q151M-F214L,Q151M,1,567,F214L,0,3429,0,310,0.75
E40F-K43Q,E40F,1,200,K43Q,1,888,1,15,0.75
M41L-L74V,M41L,1,7681,L74V,1,2012,1,1480,0.75
L74I-D218E,L74I,1,1137,D218E,1,1380,1,310,0.75
K103N-T165L,K103N,0,7169,T165L,0,138,0,82,0.75
E79D-K173Q,E79D,0,81,K173Q,0,257,0,2,0.75
Y181I-E203K,Y181I,0,136,E203K,1,1147,0,36,0.75
K201R-E204Q,K201R,0,58,E204Q,0,116,0,4,0.75
V111I-H208F,V111I,0,309,H208F,1,75,0,7,0.75
E194Q-G196R,E194Q,0,39,G196R,0,101,0,1,0.75
E169D-I178L,E169D,0,1236,I178L,0,1452,0,203,0.75
K101P-T215F,K101P,0,288,T215F,1,2076,0,52,0.75
K49R-T165L,K49R,0,1558,T165L,0,138,0,33,0.75
V106M-Y115F,V106M,0,164,Y115F,1,419,0,20,0.75
Q174H-N175Y,Q174H,0,252,N175Y,0,102,0,0,0.75
E53D-S162Y,E53D,0,232,S162Y,0,604,0,28,0.75
I135L-P225H,I135L,0,751,P225H,0,1000,0,111,0.75
E44A-L210S,E44A,1,453,L210S,1,160,1,3,0.75
K43Q-V118I,K43Q,1,888,V118I,1,4638,1,579,0.75
V75T-L100I,V75T,1,291,L100I,0,1048,0,63,0.75
L100I-D177N,L100I,0,1048,D177N,0,405,0,68,0.75
M41I-E44A,M41I,1,10,E44A,1,453,1,0,0.74
S68R-T69I,S68R,0,38,T69I,1,84,0,1,0.74
K103S-M184V,K103S,0,445,M184V,1,10518,0,336,0.74
Y181C-G190S,Y181C,0,3013,G190S,0,575,0,202,0.74
S48E-V90I,S48E,0,92,V90I,0,1068,0,17,0.74
V108I-K223T,V108I,0,1726,K223T,1,120,0,36,0.74
L74V-K223E,L74V,1,2012,K223E,1,425,1,162,0.74
I132L-M184V,I132L,0,59,M184V,1,10518,0,48,0.74
V60I-D121Y,V60I,0,3385,D121Y,0,539,0,175,0.74
D121H-I178V,D121H,0,715,I178V,0,167,0,20,0.73
T200E-K201R,T200E,0,390,K201R,0,58,0,7,0.73
E79D-R83K,E79D,0,81,R83K,0,1800,0,28,0.73
E40K-K43E,E40K,1,45,K43E,1,1578,1,11,0.73
S68N-T69I,S68N,0,116,T69I,1,84,0,0,0.73
V75I-Y115F,V75I,1,548,Y115F,1,419,1,159,0.73
K73M-V75I,K73M,0,36,V75I,1,548,0,0,0.73
Q174K-Q207E,Q174K,0,691,Q207E,0,3342,0,209,0.73
L74V-K223Q,L74V,1,2012,K223Q,1,560,1,187,0.73
K64H-V118I,K64H,0,106,V118I,1,4638,0,61,0.73
V179D-G190E,V179D,0,411,G190E,0,89,0,0,0.73
E44D-T215S,E44D,1,2258,T215S,1,244,1,5,0.73
V118M-L210W,V118M,1,9,L210W,1,5245,1,7,0.73
E203A-K223Q,E203A,1,66,K223Q,1,560,1,8,0.73
T58N-F116W,T58N,0,51,F116W,1,2,0,1,0.72
T165L-M184I,T165L,0,138,M184I,1,278,0,3,0.72
M184T-P225H,M184T,1,11,P225H,0,1000,0,0,0.72
V75T-K219E,V75T,1,291,K219E,1,1432,1,64,0.72
Y188L-K223T,Y188L,0,965,K223T,1,120,0,23,0.72
P157A-H221Y,P157A,0,36,H221Y,0,1103,0,10,0.72
M41I-E42G,M41I,1,10,E42G,0,56,0,4,0.72
V75T-P157A,V75T,1,291,P157A,0,36,0,1,0.72
K101E-Y181V,K101E,0,1187,Y181V,0,78,0,17,0.72
T39S-K173T,T39S,0,154,K173T,0,185,0,3,0.72
E44D-V111I,E44D,1,2258,V111I,0,309,0,139,0.72
I178M-E204K,I178M,0,1880,E204K,0,134,0,24,0.72
K103N-Y188H,K103N,0,7169,Y188H,0,72,0,42,0.72
I178L-K201R,I178L,0,1452,K201R,0,58,0,11,0.72
V60I-I132L,V60I,0,3385,I132L,0,59,0,22,0.72
A158T-Y181C,A158T,0,34,Y181C,0,3013,0,14,0.71
T39S-S48T,T39S,0,154,S48T,0,392,0,6,0.71
L74I-T215Y,L74I,1,1137,T215Y,1,7089,1,640,0.71
V75T-S162D,V75T,1,291,S162D,0,404,0,32,0.71
E203K-H208F,E203K,1,1147,H208F,1,75,1,18,0.71
A62V-M184V,A62V,1,944,M184V,1,10518,1,652,0.71
L74I-Y115F,L74I,1,1137,Y115F,1,419,1,24,0.71
L210W-R211K,L210W,1,5245,R211K,0,9546,0,3735,0.71
A98G-T215Y,A98G,0,1210,T215Y,1,7089,0,734,0.71
T69N-K219E,T69N,1,1382,K219E,1,1432,1,349,0.71
K101Q-V179T,K101Q,0,986,V179T,0,81,0,7,0.71
D67N-G190E,D67N,1,6284,G190E,0,89,0,37,0.71
V60I-I135V,V60I,0,3385,I135V,0,1442,0,337,0.71
E138K-V179T,E138K,0,82,V179T,0,81,0,3,0.71
E203D-H208F,E203D,1,911,H208F,1,75,1,14,0.71
M41L-H208F,M41L,1,7681,H208F,1,75,1,75,0.71
T139K-I142T,T139K,0,136,I142T,0,584,0,13,0.71
L100I-D177G,L100I,0,1048,D177G,0,324,0,56,0.71
M41K-E44D,M41K,1,4,E44D,1,2258,1,0,0.71
V108I-Y181C,V108I,0,1726,Y181C,0,3013,0,649,0.71
F214L-K219Q,F214L,0,3429,K219Q,1,2424,0,985,0.71
S68G-K70G,S68G,0,1572,K70G,1,90,0,12,0.7
A62V-S68R,A62V,1,944,S68R,0,38,0,15,0.7
V189I-I202T,V189I,0,632,I202T,0,33,0,8,0.7
V108I-M184V,V108I,0,1726,M184V,1,10518,0,1302,0.7
V75M-L109I,V75M,1,1001,L109I,0,153,0,42,0.7
Y181C-D218E,Y181C,0,3013,D218E,1,1380,0,483,0.7
E40D-K173T,E40D,1,196,K173T,0,185,0,8,0.7
S162D-E169K,S162D,0,404,E169K,0,38,0,6,0.7
D121H-K122P,D121H,0,715,K122P,0,483,0,0,0.7
S68G-K219E,S68G,0,1572,K219E,1,1432,0,237,0.7
V75M-I159L,V75M,1,1001,I159L,0,39,0,13,0.7
I50V-R83K,I50V,0,272,R83K,0,1800,0,69,0.7
E194K-G196K,E194K,0,65,G196K,0,97,0,1,0.7
R78K-E79K,R78K,0,26,E79K,0,8,0,4,0.7
S48T-K122P,S48T,0,392,K122P,0,483,0,13,0.7
K102E-Y188C,K102E,0,66,Y188C,0,39,0,1,0.69
K103R-F214L,K103R,0,447,F214L,0,3429,0,170,0.69
D67N-H208Y,D67N,1,6284,H208Y,1,2190,1,1643,0.69
V60I-D67N,V60I,0,3385,D67N,1,6284,0,1851,0.69
T58N-P170S,T58N,0,51,P170S,0,34,0,7,0.69
V106A-I202V,V106A,0,285,I202V,0,2591,0,73,0.69
K64N-E203K,K64N,0,58,E203K,1,1147,0,11,0.69
T200A-K201I,T200A,0,5337,K201I,0,29,0,14,0.69
P176Q-T200A,P176Q,0,31,T200A,0,5337,0,20,0.69
V111L-E138A,V111L,0,11,E138A,0,510,0,1,0.69
F116Y-P170S,F116Y,1,465,P170S,0,34,0,8,0.69
K70G-T215F,K70G,1,90,T215F,1,2076,1,24,0.69
Q174H-Q207E,Q174H,0,252,Q207E,0,3342,0,64,0.69
I195K-K223E,I195K,0,31,K223E,1,425,0,8,0.69
K103N-I135L,K103N,0,7169,I135L,0,751,0,419,0.69
L74I-M184V,L74I,1,1137,M184V,1,10518,1,900,0.69
K70R-T215F,K70R,1,3843,T215F,1,2076,1,1439,0.69
K173E-Q207A,K173E,0,307,Q207A,0,311,0,14,0.69
W88S-F214L,W88S,0,67,F214L,0,3429,0,25,0.68
A158S-E169D,A158S,0,429,E169D,0,1236,0,63,0.68
L109I-T215Y,L109I,0,153,T215Y,1,7089,0,93,0.68
V75M-T215F,V75M,1,1001,T215F,1,2076,1,155,0.68
K64H-K70R,K64H,0,106,K70R,1,3843,0,81,0.68
K64N-L74V,K64N,0,58,L74V,1,2012,0,20,0.68
E203D-H208Y,E203D,1,911,H208Y,1,2190,1,301,0.68
K49R-E204K,K49R,0,1558,E204K,0,134,0,29,0.68
M184T-T200A,M184T,1,11,T200A,0,5337,0,8,0.68
E44A-V118M,E44A,1,453,V118M,1,9,1,2,0.68
F77L-Q151R,F77L,1,530,Q151R,1,12,1,1,0.68
D177E-I178M,D177E,0,4457,I178M,0,1880,0,665,0.68
Y115F-I167V,Y115F,1,419,I167V,0,159,0,22,0.68
K102R-K103N,K102R,0,641,K103N,0,7169,0,314,0.68
L109M-Y181C,L109M,0,27,Y181C,0,3013,0,14,0.68
K201M-E204Q,K201M,0,14,E204Q,0,116,0,4,0.68
K101Q-D192N,K101Q,0,986,D192N,0,96,0,10,0.68
W88C-F214L,W88C,0,238,F214L,0,3429,0,56,0.67
D123E-I180V,D123E,0,5031,I180V,0,109,0,54,0.67
T84P-T107P,T84P,0,12,T107P,0,28,0,4,0.67
V106I-V179D,V106I,0,832,V179D,0,411,0,40,0.67
K64N-V75T,K64N,0,58,V75T,1,291,0,1,0.67
K73L-P157A,K73L,0,6,P157A,0,36,0,3,0.67
T69D-K219Q,T69D,1,1500,K219Q,1,2424,1,513,0.67
Y115F-P170S,Y115F,1,419,P170S,0,34,0,11,0.67
L74I-L210S,L74I,1,1137,L210S,1,160,1,28,0.67
L74I-G190E,L74I,1,1137,G190E,0,89,0,9,0.67
L109I-K219E,L109I,0,153,K219E,1,1432,0,50,0.67
F116W-R172K,F116W,1,2,R172K,0,312,0,2,0.67
S68N-V75T,S68N,0,116,V75T,1,291,0,5,0.67
S162Y-E224D,S162Y,0,604,E224D,0,292,0,26,0.67
S117A-D218E,S117A,0,20,D218E,1,1380,0,11,0.67
E44A-D67N,E44A,1,453,D67N,1,6284,1,341,0.67
M184I-Y188L,M184I,1,278,Y188L,0,965,0,28,0.67
V75M-P157A,V75M,1,1001,P157A,0,36,0,6,0.67
S105T-V106A,S105T,0,46,V106A,0,285,0,7,0.67
D121Y-I178L,D121Y,0,539,I178L,0,1452,0,76,0.66
E44A-K73M,E44A,1,453,K73M,0,36,0,9,0.66
V111I-M164I,V111I,0,309,M164I,0,14,0,4,0.66
W88S-I178L,W88S,0,67,I178L,0,1452,0,15,0.66
T58N-K70E,T58N,0,51,K70E,1,89,0,3,0.66
E53K-R72K,E53K,0,24,R72K,0,9,0,3,0.66
M41L-H208Y,M41L,1,7681,H208Y,1,2190,1,1979,0.66
V106I-T107S,V106I,0,832,T107S,0,69,0,14,0.66
Q174K-R211T,Q174K,0,691,R211T,0,363,0,23,0.66
E79D-I202V,E79D,0,81,I202V,0,2591,0,23,0.66
T131E-L193V,T131E,0,6,L193V,0,4,0,4,0.66
I202T-L210F,I202T,0,33,L210F,1,196,0,2,0.66
E138K-I142T,E138K,0,82,I142T,0,584,0,9,0.66
V179D-F214L,V179D,0,411,F214L,0,3429,0,153,0.66
T139K-T215S,T139K,0,136,T215S,1,244,0,3,0.66
F116Y-L209M,F116Y,1,465,L209M,0,6,0,5,0.66
P176K-T200A,P176K,0,6,T200A,0,5337,0,4,0.66
T215F-K223E,T215F,1,2076,K223E,1,425,1,30,0.66
K103S-D177G,K103S,0,445,D177G,0,324,0,16,0.66
I202M-H221Y,I202M,0,12,H221Y,0,1103,0,3,0.66
Y181I-K219E,Y181I,0,136,K219E,1,1432,0,25,0.66
K103R-V106M,K103R,0,447,V106M,0,164,0,20,0.66
K102R-K103S,K102R,0,641,K103S,0,445,0,26,0.66
V111M-L210W,V111M,0,57,L210W,1,5245,0,40,0.65
L100I-P157A,L100I,0,1048,P157A,0,36,0,9,0.65
L205F-K223Q,L205F,0,26,K223Q,1,560,0,9,0.65
K64H-D67E,K64H,0,106,D67E,1,112,0,0,0.65
S68G-V75T,S68G,0,1572,V75T,1,291,0,48,0.65
L109V-I202V,L109V,0,26,I202V,0,2591,0,10,0.65
K70G-K219E,K70G,1,90,K219E,1,1432,1,2,0.65
E44A-H208Y,E44A,1,453,H208Y,1,2190,1,244,0.65
E40F-T69D,E40F,1,200,T69D,1,1500,1,65,0.65
I178V-K201R,I178V,0,167,K201R,0,58,0,2,0.65
E40F-M41I,E40F,1,200,M41I,1,10,1,0,0.65
I63V-L74V,I63V,0,8,L74V,1,2012,0,6,0.65
D121Y-S191T,D121Y,0,539,S191T,0,8,0,5,0.65
K101Q-P225H,K101Q,0,986,P225H,0,1000,0,98,0.65
K103N-I132L,K103N,0,7169,I132L,0,59,0,39,0.65
E204Q-Q207K,E204Q,0,116,Q207K,0,336,0,2,0.65
K101P-V179I,K101P,0,288,V179I,0,2265,0,82,0.65
E40F-H208F,E40F,1,200,H208F,1,75,1,10,0.65
S163C-V179T,S163C,0,61,V179T,0,81,0,3,0.65
V108I-M184T,V108I,0,1726,M184T,1,11,0,1,0.64
T215Y-K219E,T215Y,1,7089,K219E,1,1432,1,549,0.64
D67E-K219E,D67E,1,112,K219E,1,1432,1,0,0.64
V179I-Y181V,V179I,0,2265,Y181V,0,78,0,28,0.64
A62V-F116W,A62V,1,944,F116W,1,2,1,2,0.64
R206I-L210W,R206I,0,21,L210W,1,5245,0,15,0.64
K70R-L109V,K70R,1,3843,L109V,0,26,0,16,0.64
N175Y-K201M,N175Y,0,102,K201M,0,14,0,1,0.64
E44D-D67N,E44D,1,2258,D67N,1,6284,1,1542,0.64
A62V-F116Y,A62V,1,944,F116Y,1,465,1,228,0.64
W88S-S162Y,W88S,0,67,S162Y,0,604,0,10,0.64
I142M-K166R,I142M,0,91,K166R,0,1428,0,12,0.64
I135T-T139I,I135T,0,7903,T139I,0,69,0,48,0.64
K64H-D218E,K64H,0,106,D218E,1,1380,0,44,0.64
Q174H-R211N,Q174H,0,252,R211N,0,82,0,1,0.64
K103S-T215F,K103S,0,445,T215F,1,2076,0,90,0.64
V90I-T139K,V90I,0,1068,T139K,0,136,0,24,0.64
E44D-V118M,E44D,1,2258,V118M,1,9,1,4,0.64
A62V-M184T,A62V,1,944,M184T,1,11,1,1,0.64
V111M-H208Y,V111M,0,57,H208Y,1,2190,0,26,0.64
V75M-T215Y,V75M,1,1001,T215Y,1,7089,1,716,0.64
Q151M-L209M,Q151M,1,567,L209M,0,6,0,5,0.64
S68N-K70E,S68N,0,116,K70E,1,89,0,1,0.64
Q174H-Q207K,Q174H,0,252,Q207K,0,336,0,12,0.64
D67G-Y181I,D67G,1,550,Y181I,0,136,0,6,0.64
E44D-R211N,E44D,1,2258,R211N,0,82,0,24,0.64
V108I-K219E,V108I,0,1726,K219E,1,1432,0,256,0.64
V118I-K223Q,V118I,1,4638,K223Q,1,560,1,424,0.64
I135L-M184V,I135L,0,751,M184V,1,10518,0,501,0.63
K64H-K219E,K64H,0,106,K219E,1,1432,0,8,0.63
E194D-G196K,E194D,0,79,G196K,0,97,0,2,0.63
D121H-K201M,D121H,0,715,K201M,0,14,0,5,0.63
T69D-Q151M,T69D,1,1500,Q151M,1,567,1,64,0.63
M41K-K43Q,M41K,1,4,K43Q,1,888,1,0,0.63
V106I-Y188H,V106I,0,832,Y188H,0,72,0,3,0.63
D67E-D218E,D67E,1,112,D218E,1,1380,1,3,0.63
M41L-K223Q,M41L,1,7681,K223Q,1,560,1,514,0.63
M41I-E42V,M41I,1,10,E42V,0,6,0,0,0.63
M184I-K223E,M184I,1,278,K223E,1,425,1,30,0.63
T69I-Q151L,T69I,1,84,Q151L,1,17,1,0,0.63
L109V-Y181C,L109V,0,26,Y181C,0,3013,0,16,0.63
M41I-K43E,M41I,1,10,K43E,1,1578,1,0,0.63
I94L-K103S,I94L,0,190,K103S,0,445,0,17,0.63
V118I-T165I,V118I,1,4638,T165I,0,547,0,168,0.63
I94L-A98G,I94L,0,190,A98G,0,1210,0,51,0.63
K101P-K103R,K101P,0,288,K103R,0,447,0,2,0.63
K104R-K173Q,K104R,0,312,K173Q,0,257,0,9,0.63
V108I-L109M,V108I,0,1726,L109M,0,27,0,9,0.63
L109M-I202V,L109M,0,27,I202V,0,2591,0,11,0.63
K101P-V179T,K101P,0,288,V179T,0,81,0,1,0.63
T139K-M184V,T139K,0,136,M184V,1,10518,0,84,0.63
V75T-I132L,V75T,1,291,I132L,0,59,0,0,0.63
K46Q-D67G,K46Q,0,98,D67G,1,550,0,10,0.63
T131E-Y144T,T131E,0,6,Y144T,0,3,0,3,0.63
S162Y-W212M,S162Y,0,604,W212M,0,38,0,9,0.62
V75M-I94L,V75M,1,1001,I94L,0,190,0,48,0.62
I167V-H208Y,I167V,0,159,H208Y,1,2190,0,52,0.62
Q151M-P170S,Q151M,1,567,P170S,0,34,0,8,0.62
V75I-S163C,V75I,1,548,S163C,0,61,0,11,0.62
T69N-I167V,T69N,1,1382,I167V,0,159,0,44,0.62
A98G-M184V,A98G,0,1210,M184V,1,10518,0,906,0.62
K101P-T215Y,K101P,0,288,T215Y,1,7089,0,152,0.62
K70G-M184V,K70G,1,90,M184V,1,10518,1,66,0.62
Y188H-G196E,Y188H,0,72,G196E,0,3706,0,23,0.62
S163C-K166Q,S163C,0,61,K166Q,0,89,0,4,0.62
T69D-K201M,T69D,1,1500,K201M,0,14,0,8,0.62
V118M-K219N,V118M,1,9,K219N,1,936,1,2,0.62
I50L-L193V,I50L,0,8,L193V,0,4,0,4,0.62
V75M-L210W,V75M,1,1001,L210W,1,5245,1,689,0.62
E203K-E224K,E203K,1,1147,E224K,0,37,0,10,0.62
T107A-H208Y,T107A,0,18,H208Y,1,2190,0,9,0.62
T58N-F77E,T58N,0,51,F77E,1,1,0,0,0.62
D67G-G190S,D67G,1,550,G190S,0,575,0,26,0.62
S162C-I178L,S162C,0,2311,I178L,0,1452,0,296,0.62
D177G-T200A,D177G,0,324,T200A,0,5337,0,134,0.62
G196E-E204D,G196E,0,3706,E204D,0,218,0,49,0.62
K70E-V75M,K70E,1,89,V75M,1,1001,1,6,0.61
K64H-L74V,K64H,0,106,L74V,1,2012,0,22,0.61
T58N-F77S,T58N,0,51,F77S,1,7,0,0,0.61
E40F-T215Y,E40F,1,200,T215Y,1,7089,1,184,0.61
R83K-S162Y,R83K,0,1800,S162Y,0,604,0,89,0.61
Y181C-S191T,Y181C,0,3013,S191T,0,8,0,6,0.61
D67E-A98G,D67E,1,112,A98G,0,1210,0,26,0.61
I50L-T131E,I50L,0,8,T131E,0,6,0,4,0.61
L100I-T215S,L100I,0,1048,T215S,1,244,0,16,0.61
H208F-K223T,H208F,1,75,K223T,1,120,1,4,0.61
D121H-I178L,D121H,0,715,I178L,0,1452,0,92,0.61
D123S-D177E,D123S,0,325,D177E,0,4457,0,102,0.61
L210S-D218E,L210S,1,160,D218E,1,1380,1,22,0.61
V108I-Q151M,V108I,0,1726,Q151M,1,567,0,121,0.61
K102Q-K103R,K102Q,0,869,K103R,0,447,0,42,0.61
M41L-W212M,M41L,1,7681,W212M,0,38,0,38,0.61
G190E-G196K,G190E,0,89,G196K,0,97,0,5,0.61
K49R-K166Q,K49R,0,1558,K166Q,0,89,0,17,0.61
K64H-L74I,K64H,0,106,L74I,1,1137,0,29,0.61
L74V-D218E,L74V,1,2012,D218E,1,1380,1,280,0.61
K104N-K219Q,K104N,0,127,K219Q,1,2424,0,51,0.61
D67N-V118I,D67N,1,6284,V118I,1,4638,1,2883,0.61
H208F-T215Y,H208F,1,75,T215Y,1,7089,1,71,0.61
K101P-D177N,K101P,0,288,D177N,0,405,0,18,0.61
V108I-E203K,V108I,0,1726,E203K,1,1147,0,239,0.61
V118I-T139I,V118I,1,4638,T139I,0,69,0,35,0.61
D67E-L210W,D67E,1,112,L210W,1,5245,1,72,0.61
K64N-D218E,K64N,0,58,D218E,1,1380,0,24,0.61
I135T-F214L,I135T,0,7903,F214L,0,3429,0,1940,0.6
K65N-S68N,K65N,1,12,S68N,0,116,0,0,0.6
E138A-V179T,E138A,0,510,V179T,0,81,0,7,0.6
P217Q-D218V,P217Q,0,6,D218V,1,6,0,0,0.6
R78K-R143K,R78K,0,26,R143K,0,30,0,4,0.6
L193V-E224G,L193V,0,4,E224G,0,6,0,0,0.6
V111I-F116Y,V111I,0,309,F116Y,1,465,0,31,0.6
K103R-G190E,K103R,0,447,G190E,0,89,0,17,0.6
L74I-M184T,L74I,1,1137,M184T,1,11,1,2,0.6
E40D-D123S,E40D,1,196,D123S,0,325,0,10,0.6
I132L-P225H,I132L,0,59,P225H,0,1000,0,13,0.6
V179T-Y181C,V179T,0,81,Y181C,0,3013,0,29,0.6
F77L-M184V,F77L,1,530,M184V,1,10518,1,397,0.6
D67N-I167V,D67N,1,6284,I167V,0,159,0,114,0.6
K103R-V189I,K103R,0,447,V189I,0,632,0,37,0.6
L109M-S162C,L109M,0,27,S162C,0,2311,0,8,0.6
Y115F-M184T,Y115F,1,419,M184T,1,11,1,0,0.6
M164L-F214L,M164L,0,30,F214L,0,3429,0,15,0.6
L74F-Y115F,L74F,1,6,Y115F,1,419,1,0,0.6
K173E-Q174R,K173E,0,307,Q174R,0,536,0,20,0.6
L74V-K103N,L74V,1,2012,K103N,0,7169,0,1010,0.6
G196K-H221Y,G196K,0,97,H221Y,0,1103,0,14,0.6
V108I-Y181V,V108I,0,1726,Y181V,0,78,0,15,0.59
K70G-Y115F,K70G,1,90,Y115F,1,419,1,17,0.59
T131E-E224G,T131E,0,6,E224G,0,6,0,0,0.59
D67E-W88C,D67E,1,112,W88C,0,238,0,6,0.59
K49R-V60I,K49R,0,1558,V60I,0,3385,0,390,0.59
S162D-T215F,S162D,0,404,T215F,1,2076,0,105,0.59
V118I-K201M,V118I,1,4638,K201M,0,14,0,12,0.59
I202V-H221Y,I202V,0,2591,H221Y,0,1103,0,242,0.59
K103S-T215Y,K103S,0,445,T215Y,1,7089,0,201,0.59
L74V-I202T,L74V,1,2012,I202T,0,33,0,12,0.59
K49R-I195K,K49R,0,1558,I195K,0,31,0,9,0.59
H208Y-K223T,H208Y,1,2190,K223T,1,120,1,49,0.59
Q151M-S163C,Q151M,1,567,S163C,0,61,0,11,0.59
N175Y-T200A,N175Y,0,102,T200A,0,5337,0,37,0.59
T165L-E169D,T165L,0,138,E169D,0,1236,0,26,0.59
E42G-M184V,E42G,0,56,M184V,1,10518,0,43,0.59
K64H-D67N,K64H,0,106,D67N,1,6284,0,73,0.59
V60M-D121Y,V60M,0,9,D121Y,0,539,0,3,0.59
E44D-H208Y,E44D,1,2258,H208Y,1,2190,1,979,0.59
K65R-L100V,K65R,1,582,L100V,0,23,0,5,0.59
E138A-T165I,E138A,0,510,T165I,0,547,0,35,0.59
E40K-K46E,E40K,1,45,K46E,0,18,0,0,0.59
D67G-P157A,D67G,1,550,P157A,0,36,0,3,0.59
K70R-D218E,K70R,1,3843,D218E,1,1380,1,818,0.59
E44D-V111M,E44D,1,2258,V111M,0,57,0,25,0.59
I135L-E138Q,I135L,0,751,E138Q,0,149,0,6,0.59
V75M-H208F,V75M,1,1001,H208F,1,75,1,21,0.59
I132L-M184T,I132L,0,59,M184T,1,11,0,1,0.59
L109I-Y188L,L109I,0,153,Y188L,0,965,0,22,0.59
K64R-S68R,K64R,0,538,S68R,0,38,0,5,0.59
Q151M-F214M,Q151M,1,567,F214M,0,9,0,3,0.59
D67N-L210W,D67N,1,6284,L210W,1,5245,1,3001,0.59
Y188L-K223E,Y188L,0,965,K223E,1,425,0,52,0.59
I135L-Y181I,I135L,0,751,Y181I,0,136,0,13,0.59
I202T-L210W,I202T,0,33,L210W,1,5245,0,24,0.59
K49Q-G190A,K49Q,0,19,G190A,0,2628,0,9,0.59
K122P-P176Q,K122P,0,483,P176Q,0,31,0,3,0.59
D113Y-S162C,D113Y,0,9,S162C,0,2311,0,4,0.59
I202T-T215F,I202T,0,33,T215F,1,2076,0,7,0.59
I50V-L100V,I50V,0,272,L100V,0,23,0,5,0.59
D113N-D123E,D113N,0,68,D123E,0,5031,0,31,0.58
M41L-V75M,M41L,1,7681,V75M,1,1001,1,826,0.58
K46Q-D121H,K46Q,0,98,D121H,0,715,0,13,0.58
D67N-I94L,D67N,1,6284,I94L,0,190,0,142,0.58
R206K-F214L,R206K,0,27,F214L,0,3429,0,12,0.58
K43E-S117A,K43E,1,1578,S117A,0,20,0,10,0.58
E203D-K223T,E203D,1,911,K223T,1,120,1,16,0.58
K46Q-V179I,K46Q,0,98,V179I,0,2265,0,24,0.58
N175Y-G196E,N175Y,0,102,G196E,0,3706,0,42,0.58
D177N-I178V,D177N,0,405,I178V,0,167,0,2,0.58
K102Q-K166I,K102Q,0,869,K166I,0,43,0,4,0.58
E203A-H208Y,E203A,1,66,H208Y,1,2190,1,23,0.58
K43R-I50V,K43R,1,100,I50V,0,272,0,6,0.58
K64N-V75M,K64N,0,58,V75M,1,1001,0,6,0.58
I142T-N147T,I142T,0,584,N147T,0,9,0,1,0.58
K70E-V75T,K70E,1,89,V75T,1,291,1,5,0.58
M41K-K43E,M41K,1,4,K43E,1,1578,1,0,0.58
L109V-I202T,L109V,0,26,I202T,0,33,0,1,0.58
H208L-K223E,H208L,1,13,K223E,1,425,1,0,0.58
F171L-R199S,F171L,0,16,R199S,0,11,0,2,0.58
M41L-V75I,M41L,1,7681,V75I,1,548,1,165,0.58
H208F-L210F,H208F,1,75,L210F,1,196,1,0,0.58
Q174H-R211K,Q174H,0,252,R211K,0,9546,0,151,0.58
N175Y-R211K,N175Y,0,102,R211K,0,9546,0,70,0.58
E44D-W212M,E44D,1,2258,W212M,0,38,0,23,0.58
T39S-T139I,T39S,0,154,T139I,0,69,0,5,0.58
R143I-Y146F,R143I,0,12,Y146F,0,15,0,2,0.58
F116W-Q151L,F116W,1,2,Q151L,1,17,1,0,0.58
K103N-D192N,K103N,0,7169,D192N,0,96,0,44,0.58
M41L-V75T,M41L,1,7681,V75T,1,291,1,226,0.58
L74I-D218N,L74I,1,1137,D218N,1,6,1,3,0.58
V75M-S162D,V75M,1,1001,S162D,0,404,0,71,0.58
T69I-V75T,T69I,1,84,V75T,1,291,1,5,0.57
K101E-L109V,K101E,0,1187,L109V,0,26,0,9,0.57
S162D-S163R,S162D,0,404,S163R,0,10,0,3,0.57
G196K-T200I,G196K,0,97,T200I,0,1087,0,14,0.57
I202V-L210F,I202V,0,2591,L210F,1,196,0,52,0.57
V106I-F214L,V106I,0,832,F214L,0,3429,0,234,0.57
W212R-H221Y,W212R,0,7,H221Y,0,1103,0,2,0.57
V106M-V179I,V106M,0,164,V179I,0,2265,0,29,0.57
K70R-F214L,K70R,1,3843,F214L,0,3429,0,1306,0.57
D67E-H208F,D67E,1,112,H208F,1,75,1,1,0.57
T58N-Q151R,T58N,0,51,Q151R,1,12,0,0,0.57
S134R-N137T,S134R,0,28,N137T,0,7,0,1,0.57
F116Y-S163C,F116Y,1,465,S163C,0,61,0,10,0.57
K173T-Q207A,K173T,0,185,Q207A,0,311,0,12,0.57
L74V-V179T,L74V,1,2012,V179T,0,81,0,28,0.57
E138A-K173Q,E138A,0,510,K173Q,0,257,0,19,0.57
S105L-V106A,S105L,0,13,V106A,0,285,0,3,0.57
K66R-K101Q,K66R,0,40,K101Q,0,986,0,10,0.57
D177N-G196E,D177N,0,405,G196E,0,3706,0,130,0.57
K49E-I50V,K49E,0,20,I50V,0,272,0,0,0.57
K43E-K73M,K43E,1,1578,K73M,0,36,0,13,0.57
E44A-L210F,E44A,1,453,L210F,1,196,1,4,0.57
H208Y-K219N,H208Y,1,2190,K219N,1,936,1,459,0.57
S68G-R172K,S68G,0,1572,R172K,0,312,0,69,0.57
K65E-S68N,K65E,1,24,S68N,0,116,0,0,0.57
I47N-S48L,I47N,0,20,S48L,0,15,0,3,0.57
T58N-Q151L,T58N,0,51,Q151L,1,17,0,0,0.57
A98G-Y181C,A98G,0,1210,Y181C,0,3013,0,402,0.57
I135L-S162Y,I135L,0,751,S162Y,0,604,0,29,0.57
V189I-E194D,V189I,0,632,E194D,0,79,0,11,0.57
E169D-P170S,E169D,0,1236,P170S,0,34,0,2,0.57
K101P-D177G,K101P,0,288,D177G,0,324,0,15,0.57
Y146F-N147T,Y146F,0,15,N147T,0,9,0,2,0.57
E40K-K46Q,E40K,1,45,K46Q,0,98,0,6,0.57
H208Y-E224K,H208Y,1,2190,E224K,0,37,0,16,0.57
G196E-E203K,G196E,0,3706,E203K,1,1147,0,399,0.57
V106M-Y188C,V106M,0,164,Y188C,0,39,0,3,0.57
L210F-K219N,L210F,1,196,K219N,1,936,1,5,0.57
Q151M-Q182H,Q151M,1,567,Q182H,0,9,0,6,0.57
K46Q-Y115F,K46Q,0,98,Y115F,1,419,0,20,0.57
T200A-E204K,T200A,0,5337,E204K,0,134,0,55,0.57
E169D-I202V,E169D,0,1236,I202V,0,2591,0,257,0.57
V108I-T216I,V108I,0,1726,T216I,0,4,0,2,0.56
K70E-G190S,K70E,1,89,G190S,0,575,0,6,0.56
V60M-D177E,V60M,0,9,D177E,0,4457,0,7,0.56
A62T-V75I,A62T,1,7,V75I,1,548,1,0,0.56
I132L-M184I,I132L,0,59,M184I,1,278,0,2,0.56
K65R-V106M,K65R,1,582,V106M,0,164,0,22,0.56
A158S-S163T,A158S,0,429,S163T,0,99,0,9,0.56
K64N-E203A,K64N,0,58,E203A,1,66,0,1,0.56
E169A-I178L,E169A,0,26,I178L,0,1452,0,8,0.56
K70G-Q151M,K70G,1,90,Q151M,1,567,1,17,0.56
K101P-K104R,K101P,0,288,K104R,0,312,0,14,0.56
T215S-K219E,T215S,1,244,K219E,1,1432,1,16,0.56
T69I-K70R,T69I,1,84,K70R,1,3843,1,19,0.56
G196E-L205F,G196E,0,3706,L205F,0,26,0,15,0.56
M41I-T215S,M41I,1,10,T215S,1,244,1,0,0.56
A98S-K101E,A98S,0,1551,K101E,0,1187,0,153,0.56
L74F-G190S,L74F,1,6,G190S,0,575,0,1,0.56
K43Q-L210F,K43Q,1,888,L210F,1,196,1,10,0.56
T216H-D218V,T216H,0,4,D218V,1,6,0,0,0.56
I142M-N147T,I142M,0,91,N147T,0,9,0,0,0.56
V106A-V179D,V106A,0,285,V179D,0,411,0,14,0.56
D67N-M164L,D67N,1,6284,M164L,0,30,0,23,0.56
L74V-S163R,L74V,1,2012,S163R,0,10,0,2,0.56
K49Q-I50V,K49Q,0,19,I50V,0,272,0,0,0.56
K70E-Q151M,K70E,1,89,Q151M,1,567,1,8,0.56
L74V-K223T,L74V,1,2012,K223T,1,120,1,38,0.56
K43E-W88C,K43E,1,1578,W88C,0,238,0,62,0.56
K43E-T215S,K43E,1,1578,T215S,1,244,1,9,0.56
E44D-H208F,E44D,1,2258,H208F,1,75,1,41,0.56
K102R-Y188L,K102R,0,641,Y188L,0,965,0,43,0.56
K43E-L205F,K43E,1,1578,L205F,0,26,0,11,0.56
E203D-T215Y,E203D,1,911,T215Y,1,7089,1,579,0.56
K64H-V75T,K64H,0,106,V75T,1,291,0,7,0.56
T215S-K223Q,T215S,1,244,K223Q,1,560,1,0,0.56
I94L-M184T,I94L,0,190,M184T,1,11,0,0,0.56
T131A-F214L,T131A,0,10,F214L,0,3429,0,7,0.55
I202T-T215Y,I202T,0,33,T215Y,1,7089,0,25,0.55
Y144T-L193V,Y144T,0,3,L193V,0,4,0,2,0.55
V111M-F116Y,V111M,0,57,F116Y,1,465,0,7,0.55
F116Y-F214C,F116Y,1,465,F214C,0,9,0,4,0.55
S162C-E169A,S162C,0,2311,E169A,0,26,0,3,0.55
E42G-G45R,E42G,0,56,G45R,0,25,0,4,0.55
K65R-Q151R,K65R,1,582,Q151R,1,12,1,0,0.55
G190A-T215F,G190A,0,2628,T215F,1,2076,0,491,0.55
S68G-V90I,S68G,0,1572,V90I,0,1068,0,158,0.55
L74F-L100I,L74F,1,6,L100I,0,1048,0,0,0.55
I63V-Y115F,I63V,0,8,Y115F,1,419,0,4,0.55
K70E-H221Y,K70E,1,89,H221Y,0,1103,0,16,0.55
Q174H-R211T,Q174H,0,252,R211T,0,363,0,9,0.55
S162D-E169A,S162D,0,404,E169A,0,26,0,4,0.55
V118I-L205F,V118I,1,4638,L205F,0,26,0,22,0.55
T39A-W88S,T39A,0,2649,W88S,0,67,0,19,0.55
K102E-Y188H,K102E,0,66,Y188H,0,72,0,0,0.55
V118M-F214C,V118M,1,9,F214C,0,9,0,0,0.55
K64H-T69D,K64H,0,106,T69D,1,1500,0,18,0.55
A62V-V106M,A62V,1,944,V106M,0,164,0,27,0.55
E40D-K49R,E40D,1,196,K49R,0,1558,0,34,0.55
T39A-E40F,T39A,0,2649,E40F,1,200,0,93,0.55
Y181V-T215S,Y181V,0,78,T215S,1,244,0,0,0.55
K101Q-Y181I,K101Q,0,986,Y181I,0,136,0,12,0.55
A62V-K64R,A62V,1,944,K64R,0,538,0,65,0.55
I195K-G196K,I195K,0,31,G196K,0,97,0,0,0.55
E40D-V60I,E40D,1,196,V60I,0,3385,0,63,0.55
D121H-I180V,D121H,0,715,I180V,0,109,0,11,0.55
K70E-E138A,K70E,1,89,E138A,0,510,0,6,0.55
E203D-K223E,E203D,1,911,K223E,1,425,1,9,0.55
M184V-T215Y,M184V,1,10518,T215Y,1,7089,1,4584,0.55
G112A-Q151M,G112A,0,5,Q151M,1,567,0,4,0.55
V75I-V111I,V75I,1,548,V111I,0,309,0,33,0.55
D67N-K70E,D67N,1,6284,K70E,1,89,1,22,0.55
F171Y-T200A,F171Y,0,121,T200A,0,5337,0,51,0.55
Y188L-T215Y,Y188L,0,965,T215Y,1,7089,0,491,0.55
V111I-G190S,V111I,0,309,G190S,0,575,0,26,0.55
Q151M-K219E,Q151M,1,567,K219E,1,1432,1,112,0.55
E44A-R211N,E44A,1,453,R211N,0,82,0,11,0.55
K201M-H208Y,K201M,0,14,H208Y,1,2190,0,9,0.55
T39S-V60I,T39S,0,154,V60I,0,3385,0,32,0.55
K201M-K223Q,K201M,0,14,K223Q,1,560,0,5,0.54
K73L-R211K,K73L,0,6,R211K,0,9546,0,6,0.54
I50L-E224G,I50L,0,8,E224G,0,6,0,0,0.54
V118M-H208F,V118M,1,9,H208F,1,75,1,0,0.54
E44D-K223Q,E44D,1,2258,K223Q,1,560,1,289,0.54
K49Q-E169K,K49Q,0,19,E169K,0,38,0,0,0.54
W88R-K173Q,W88R,0,8,K173Q,0,257,0,0,0.54
K101P-G190S,K101P,0,288,G190S,0,575,0,2,0.54
L74F-G190E,L74F,1,6,G190E,0,89,0,0,0.54
V60I-V75M,V60I,0,3385,V75M,1,1001,0,351,0.54
K64H-T69I,K64H,0,106,T69I,1,84,0,0,0.54
D186N-R211K,D186N,0,16,R211K,0,9546,0,13,0.54
G196E-E204K,G196E,0,3706,E204K,0,134,0,45,0.54
V90G-T139K,V90G,0,4,T139K,0,136,0,1,0.54
I135V-M184T,I135V,0,1442,M184T,1,11,0,6,0.54
L109V-H208Y,L109V,0,26,H208Y,1,2190,0,15,0.54
V60I-T139K,V60I,0,3385,T139K,0,136,0,39,0.54
E203D-T215F,E203D,1,911,T215F,1,2076,1,144,0.54
W88C-T215S,W88C,0,238,T215S,1,244,0,2,0.54
Q174H-G196E,Q174H,0,252,G196E,0,3706,0,67,0.54
T139I-F214L,T139I,0,69,F214L,0,3429,0,24,0.54
E40K-K219E,E40K,1,45,K219E,1,1432,1,9,0.54
D177G-G196E,D177G,0,324,G196E,0,3706,0,102,0.54
L109M-I202T,L109M,0,27,I202T,0,33,0,2,0.54
S117A-H208Y,S117A,0,20,H208Y,1,2190,0,11,0.54
T69D-F214C,T69D,1,1500,F214C,0,9,0,2,0.54
D123E-I178L,D123E,0,5031,I178L,0,1452,0,551,0.54
M184I-E203K,M184I,1,278,E203K,1,1147,1,49,0.54
L100I-V111I,L100I,0,1048,V111I,0,309,0,54,0.54
T69N-K223Q,T69N,1,1382,K223Q,1,560,1,48,0.54
Y115F-M184I,Y115F,1,419,M184I,1,278,1,9,0.54
T139A-F214L,T139A,0,122,F214L,0,3429,0,45,0.54
T107S-K223T,T107S,0,69,K223T,1,120,0,4,0.54
L74V-L100F,L74V,1,2012,L100F,0,9,0,1,0.54