double_mutation_pair,pos1_DRP,pos2_DRP,both_DRP,pair1_DRM,pair2_DRM,both_DRM
F116Y-Q151M,0,0,0,0,0,0
M41L-T215Y,0,0,0,0,0,0
V75M-F77L,0,0,0,0,0,0
K101E-G190S,1,1,1,1,1,1
E203K-K223E,0,0,0,0,0,0
K173T-Q174K,0,0,0,0,0,0
E169K-K173E,0,0,0,0,0,0
K43E-E44A,0,0,0,0,0,0
V75I-I132L,0,1,0,0,0,0
K70R-K219E,0,0,0,0,0,0
D67N-K219Q,0,0,0,0,0,0
Q207K-R211N,0,0,0,0,0,0
K70R-K219Q,0,0,0,0,0,0
L210W-T215Y,0,0,0,0,0,0
F116Y-Q151L,0,0,0,0,0,0
K103R-V179D,1,1,1,1,1,1
K101E-G190A,1,1,1,1,1,1
K103N-P225H,1,1,1,1,1,1
K65R-S68N,0,0,0,0,0,0
L100I-K103N,1,1,1,1,1,1
Q174K-N175Y,0,0,0,0,0,0
V75I-F77L,0,0,0,0,0,0
M41L-T215F,0,0,0,0,0,0
D67G-K219E,0,0,0,0,0,0
D121Y-K122E,0,0,0,0,0,0
D67N-K219E,0,0,0,0,0,0
K101P-K103S,1,1,1,1,1,1
Q207K-R211T,0,0,0,0,0,0
D121H-K122E,0,0,0,0,0,0
L210W-T215S,0,0,0,0,0,0
M41L-T215S,0,0,0,0,0,0
E40F-K43E,0,0,0,0,0,0
T39K-K43E,0,0,0,0,0,0
D67N-K70R,0,0,0,0,0,0
D218E-K219Q,0,0,0,0,0,0
D67G-K219Q,0,0,0,0,0,0
L74V-Y115F,0,0,0,0,0,0
D67G-K70R,0,0,0,0,0,0
L74V-L100I,0,1,0,0,1,0
A62V-V75I,0,0,0,0,0,0
K101Q-G190S,1,1,1,1,1,1
F116Y-Q151R,0,0,0,0,0,0
D67G-T69D,0,0,0,0,0,0
A62V-V75T,0,0,0,0,0,0
V106M-V179D,1,1,1,1,1,1
V118I-F214L,0,0,0,0,0,0
K49R-E169K,0,0,0,0,0,0
K49R-I50V,0,0,0,0,0,0
V75I-Q151M,0,0,0,0,0,0
K102E-Y188L,0,1,0,0,1,0
