wildtype_aa1	pos1	mutate_aa1	wildtype_aa2	pos2	mutate_aa2	ddE
B	116	C	D	151	C	4.382362
D	41	C	D	215	C	3.4362667
A	75	D	C	77	D	3.3571672
C	101	A	D	190	C	3.3036745
A	75	C	C	132	D	2.900959
C	70	D	C	219	A	2.772025
A	67	D	C	219	D	2.7301908
C	70	D	C	219	D	2.719706
A	210	D	D	215	C	2.6954288
B	116	C	D	151	B	2.675765
C	103	A	B	179	C	2.6426065
C	101	A	D	190	B	2.642376
C	103	B	D	225	A	2.635779
B	65	C	D	68	C	2.627472
C	100	B	C	103	B	2.58845
A	75	C	C	77	D	2.534711
D	41	C	D	215	B	2.4847035
A	67	C	C	219	A	2.4163756
A	67	D	C	219	A	2.381989
C	101	D	C	103	D	2.3547902
A	210	D	D	215	A	2.2769861
D	41	C	D	215	A	2.2717772
A	67	D	C	70	D	2.2054775
B	218	C	C	219	D	2.179316
A	67	C	C	219	D	2.1590638
D	74	B	D	115	A	2.13481
A	67	C	C	70	D	2.133395
D	74	B	C	100	B	2.0359862
B	62	D	A	75	C	2.0352395
C	101	B	D	190	C	2.028583
B	116	C	D	151	A	1.9941566
A	67	C	B	69	C	1.9708596
B	62	D	A	75	B	1.9484322
D	106	A	B	179	C	1.9371679
A	75	C	D	151	C	1.8707886
C	102	B	D	188	B	1.8230608
A	75	C	B	116	C	1.7703768
D	181	A	C	221	D	1.7625897
D	74	C	A	75	B	1.748583
B	116	A	D	151	C	1.7216614
C	103	D	D	190	B	1.7216139
A	67	C	C	70	A	1.7022876
C	77	D	D	151	C	1.6996129
B	65	C	D	68	A	1.6872039
A	67	D	C	70	A	1.6585265
C	103	D	D	225	A	1.6469941
D	215	B	C	219	A	1.6342553
C	103	A	D	225	A	1.5821412
B	65	C	D	68	B	1.5788003
C	73	A	A	75	D	1.5755703
A	67	C	D	68	B	1.5711949
A	67	C	C	219	B	1.5642389
D	41	C	A	210	D	1.5625381
C	70	A	C	219	D	1.5607052
D	106	C	D	188	B	1.5520496
A	67	D	B	69	C	1.5509082
C	77	D	B	116	C	1.5097091
C	73	A	A	75	B	1.5068043
D	41	B	D	215	C	1.5007626
C	100	B	C	103	A	1.4893179
B	108	C	C	221	D	1.4863837
C	103	D	A	192	D	1.4760622
D	90	C	B	162	D	1.4738328
A	67	C	C	70	B	1.4534001
D	74	B	D	190	A	1.4370286
B	65	C	D	181	A	1.4289589
A	67	C	D	68	A	1.392983
C	100	B	C	103	D	1.3615851
B	218	C	C	219	B	1.3609222
D	106	C	D	188	C	1.3519517
A	64	C	C	219	D	1.3391982
D	181	C	C	221	D	1.3369628
C	58	D	C	77	D	1.3360037
D	40	A	A	210	D	1.3318315
B	62	D	B	184	D	1.315692
C	208	D	D	215	B	1.3062279
D	90	C	B	184	D	1.2984741
D	74	B	D	181	A	1.2894702
B	218	C	C	219	A	1.2866716
B	184	C	D	225	A	1.2862154
C	105	D	D	188	B	1.2856765
A	67	D	D	215	B	1.283283
C	101	A	C	138	B	1.2651696
A	210	D	D	215	B	1.2624303
C	101	B	D	190	B	1.2555659
B	65	C	C	100	B	1.2393972
C	221	D	C	223	D	-0.63385606
A	64	D	B	69	C	-0.63702077
A	94	B	D	181	A	-0.6429268
D	74	B	D	151	C	-0.64512575
B	65	C	A	67	D	-0.6455396
B	218	C	D	225	A	-0.64873093
A	76	D	B	184	C	-0.6498226
C	100	B	D	181	C	-0.6599201
C	100	B	C	101	A	-0.66478807
B	98	C	D	106	B	-0.672165
C	102	B	C	103	B	-0.67777026
B	98	C	C	101	D	-0.67889476
C	70	D	A	210	B	-0.6806612
C	100	B	C	101	B	-0.68339056
C	101	A	C	102	B	-0.6900391
C	100	B	D	190	C	-0.69028556
D	188	B	D	190	A	-0.69308096
B	177	D	D	190	C	-0.6968972
D	60	B	C	77	D	-0.7003354
C	221	D	C	223	B	-0.7153385
C	157	B	B	184	C	-0.71842635
D	83	B	C	219	D	-0.7228765
D	74	C	A	75	D	-0.72787744
D	139	B	B	184	C	-0.73082054
C	101	A	C	102	D	-0.7324014
A	67	D	D	68	A	-0.7376315
C	101	D	B	108	C	-0.7490641
D	188	B	D	190	B	-0.7711184
D	181	A	D	190	A	-0.779704
B	177	C	D	181	A	-0.7801073
C	103	B	A	109	C	-0.7809755
A	64	B	B	69	C	-0.788692
A	46	C	D	215	C	-0.79261494
D	74	C	B	116	C	-0.7969403
C	100	B	D	190	A	-0.8004545
C	103	B	D	181	C	-0.80452657
B	69	C	C	219	A	-0.82075584
D	181	A	D	225	A	-0.82142025
D	41	C	C	214	D	-0.82184255
C	104	D	B	184	C	-0.8242175
D	60	B	A	75	B	-0.83605415
B	218	C	C	221	D	-0.8461553
C	100	B	D	106	C	-0.8541454
C	103	D	D	181	A	-0.85602736
C	43	D	C	219	A	-0.85819405
C	101	D	D	181	A	-0.858268
D	74	C	D	151	C	-0.8681062
B	108	C	D	190	C	-0.87728256
D	188	B	D	190	C	-0.8837818
C	70	D	A	210	D	-0.8889739
A	210	D	C	219	D	-0.91691184
D	106	C	D	225	A	-0.9231576
D	74	B	B	116	C	-0.9333198
D	74	B	A	75	C	-0.961673
C	101	A	C	103	D	-0.97862923
D	181	A	D	188	B	-0.9796611
C	103	D	D	188	B	-0.9822972
C	221	D	C	223	A	-0.9864521
D	41	C	A	46	C	-0.99041444
D	172	B	B	184	D	-1.001485
C	100	B	B	108	C	-1.013859
C	138	B	D	181	A	-1.0163683
D	68	B	B	69	C	-1.0378395
D	74	B	C	77	D	-1.041035
C	100	B	C	101	D	-1.0505337
B	65	C	D	215	B	-1.1570175
D	60	B	B	62	D	-1.2215312
C	101	A	C	103	B	-1.2235842
C	100	B	D	190	B	-1.2411776
C	103	B	D	190	A	-1.2519963
A	210	D	C	214	D	-1.3035792
C	103	B	D	190	C	-1.3126684
B	108	C	D	188	B	-1.3217586
D	172	B	B	184	C	-1.3425732
C	214	D	D	215	C	-1.3435519
D	74	B	A	75	D	-1.3590415
C	103	B	B	179	C	-1.3873076
A	67	D	D	68	B	-1.4406009
B	65	C	D	215	C	-1.495287
C	100	B	D	181	A	-1.7352755
