index,Position_30_unreduced,Position_88_unreduced,de1,de2,de12,dde,Double_Mutant_Probability
78,N,D,-0.8984,-3.3397,0.3728,4.6109,0.4857
211,N,D,-0.1151,-2.5495,1.9463,4.6109,0.7706
222,N,D,0.0309,-3.6556,0.9862,4.6109,0.5624
226,D,N,-1.1134,-3.3012,0.1963,4.6109,0.4631
230,N,D,-1.2765,-2.8354,0.499,4.6109,0.5508
242,N,D,-0.4262,-3.8115,0.3731,4.6109,0.4563
457,D,N,-1.4281,-3.1678,0.015,4.6109,0.3973
483,D,N,-1.0091,-3.3803,0.2215,4.6109,0.4635
483,D,N,-1.0091,-3.3803,0.2215,4.6109,0.4635
497,D,N,-1.6091,-2.8963,0.1055,4.6109,0.4597
498,D,N,-1.4507,-2.6573,0.5029,4.6109,0.5469
498,D,N,-1.4507,-2.6573,0.5029,4.6109,0.5469
742,D,N,-1.573,-2.7687,0.2691,4.6109,0.4822
882,D,S,-1.0734,-2.7824,0.755,4.6109,0.5706
1009,D,N,-0.9367,-3.5582,0.116,4.6109,0.4303
1111,N,D,-1.3949,-2.7299,0.486,4.6109,0.551
1119,N,D,-1.081,-3.3618,0.168,4.6109,0.4525
1139,N,D,-1.5948,-1.3026,1.7134,4.6109,0.7818
1190,N,N,0.5542,-4.0339,1.1311,4.6109,0.5259
1224,N,D,-0.7447,-2.8002,1.0659,4.6109,0.6443
1226,N,D,-0.0092,-3.5004,1.1012,4.6109,0.5921
1301,N,D,-0.3547,-2.6798,1.5764,4.6109,0.7316
1324,N,D,0.2234,-4.1072,0.7271,4.6109,0.4744
1330,N,D,-1.551,-2.9236,0.1362,4.6109,0.4625
1509,N,D,-1.8431,-2.7216,0.0461,4.6109,0.4593
1518,N,N,-0.7776,-3.6823,0.151,4.6109,0.4266
1522,N,D,-0.7719,-2.2616,1.5773,4.6109,0.7519
1524,N,N,0.177,-3.1916,1.5962,4.6109,0.6871
1553,N,D,-0.5053,-1.8252,2.2803,4.6109,0.8433
1559,N,D,-0.5062,-0.8324,3.2723,4.6109,0.9271
1560,N,D,-1.9823,-1.7404,0.8882,4.6109,0.6457
1561,N,N,0.8273,-3.0553,2.3829,4.6109,0.7619
1570,N,D,0.4795,-1.4276,3.6627,4.6109,0.9244
1571,N,D,-1.4644,-0.2568,2.8897,4.6109,0.8989
1573,N,D,-2.4748,-1.7273,0.4087,4.6109,0.5215
1574,N,D,-2.0343,-2.5762,0.0004,4.6109,0.433
1580,N,D,-2.1634,-1.9539,0.4936,4.6109,0.5651
1584,N,D,0.0248,-1.6195,3.0161,4.6109,0.8979
1585,N,D,-0.9588,-3.3106,0.3415,4.6109,0.486
1589,N,N,2.1505,-4.5201,2.2413,4.6109,0.4918
1618,D,N,-0.6628,-3.236,0.712,4.6109,0.5395
1650,N,D,0.3149,-4.0449,0.8808,4.6109,0.5019
1654,N,D,-1.3042,-3.2048,0.1019,4.6109,0.4564
1660,N,D,-0.4797,-2.2193,1.9119,4.6109,0.7909
1686,D,N,-1.0585,-3.5079,0.0444,4.6109,0.4257
1731,N,D,-0.547,-2.8351,1.2288,4.6109,0.6207
1735,D,G,-2.3932,-0.9262,1.2915,4.6109,0.6847
1957,D,G,-3.3861,0.204,1.4287,4.6109,0.5819
2016,N,D,-0.9232,-3.1997,0.488,4.6109,0.5282
2018,N,D,-1.1028,-2.9656,0.5425,4.6109,0.5439
2034,D,N,-0.6895,-3.2806,0.6408,4.6109,0.5426
2087,N,D,-0.5604,-2.2516,1.7989,4.6109,0.7802
2150,N,N,-0.1761,-4.0146,0.4202,4.6109,0.4417
2180,N,D,-0.8609,-2.8145,0.9355,4.6109,0.6055
2250,D,N,-0.9497,-1.4792,2.182,4.6109,0.8239
2273,N,D,-0.2219,-3.3542,1.0348,4.6109,0.5984
2307,N,D,-1.0361,-3.1714,0.4034,4.6109,0.5126
2389,D,S,-1.6621,-2.4412,0.5075,4.6109,0.1363
2393,N,N,1.503,-3.7849,2.329,4.6109,0.6485
2401,N,D,-0.3318,-3.9272,0.3518,4.6109,0.4443
2571,D,S,-0.7789,-3.6682,0.1638,4.6109,0.4297
1735,D,G,-2.3932,-0.9262,1.2915,4.6109,0.6847
2591,D,N,-1.1406,-3.316,0.1542,4.6109,0.445
2592,D,N,-0.6733,-2.7639,1.1736,4.6109,0.6477
2681,N,N,0.5849,-2.4516,2.7441,4.6109,0.8395
2682,N,N,-0.5262,-3.736,0.3487,4.6109,0.4646
2687,D,N,-3.0126,-1.5699,0.0284,4.6109,0.4485
1119,N,D,-1.081,-3.3618,0.168,4.6109,0.4525
2853,D,N,-0.9752,-3.3388,0.2969,4.6109,0.4799
2853,D,N,-0.9752,-3.3388,0.2969,4.6109,0.4799
2869,N,D,0.6143,-2.1666,3.0587,4.6109,0.8748
2942,N,D,-0.5226,-3.8969,0.1914,4.6109,0.4216
2942,N,D,-0.5226,-3.8969,0.1914,4.6109,0.4216
2949,N,D,-1.383,-1.9206,1.3073,4.6109,0.7224
2960,N,D,0.1287,-2.5841,2.1554,4.6109,0.7918
2960,N,D,0.1287,-2.5841,2.1554,4.6109,0.7918
2968,N,D,-0.511,-1.1545,2.9454,4.6109,0.9062
2977,N,D,-0.4793,-3.0075,1.1241,4.6109,0.6285
3013,N,D,-0.7517,-3.4365,0.4227,4.6109,0.5025
3075,N,N,-0.211,-3.2925,1.1073,4.6109,0.6111
3077,D,N,-1.3482,-3.1748,0.0879,4.6109,0.4543
3089,N,D,-0.5912,-2.755,1.2648,4.6109,0.6823
3117,N,D,-0.5105,-3.5112,0.5892,4.6109,0.5184
3229,N,D,-1.2809,-0.2788,3.0512,4.6109,0.9103
3232,D,N,-2.202,-1.9637,0.4452,4.6109,0.5422
3233,N,D,-1.5821,-2.6527,0.3761,4.6109,0.502
2853,D,N,-0.9752,-3.3388,0.2969,4.6109,0.4799
3323,D,S,-2.3462,-0.7657,1.4991,4.6109,0.6363
3462,N,D,-1.7603,-2.4567,0.3938,4.6109,0.5322
3491,N,D,-1.3521,-0.9703,2.2885,4.6109,0.857
3660,N,D,-0.7086,-1.7287,2.1736,4.6109,0.8347
3822,N,D,-2.9528,-1.4847,0.1734,4.6109,0.4795
3868,N,D,-1.4843,-2.6121,0.5145,4.6109,0.5572
3890,D,N,-1.1219,-3.4457,0.0433,4.6109,0.4237
4060,N,D,-0.6243,-2.9928,0.9937,4.6109,0.6274
4121,N,D,-1.0087,-2.439,1.1631,4.6109,0.6846
4140,D,T,-0.711,-1.7131,2.1868,4.6109,0.7899
4180,N,D,-1.8087,-2.2564,0.5458,4.6109,0.4704
4212,D,D,-2.8303,-1.1668,0.6137,4.6109,0.5728
4244,N,D,-0.7431,-1.0731,2.7947,4.6109,0.8929
4281,D,N,-0.2675,-3.0746,1.2688,4.6109,0.6586
4596,D,N,-1.355,-3.133,0.1228,4.6109,0.4219
2942,N,D,-0.5226,-3.8969,0.1914,4.6109,0.4216
4769,N,D,-1.1514,-3.2716,0.1878,4.6109,0.4571
4777,N,D,-0.8844,-3.3776,0.3489,4.6109,0.4897
4826,D,N,-1.6258,-2.6272,0.3579,4.6109,0.4253
4925,N,D,-0.6263,-0.3002,3.6844,4.6109,0.9422
4957,N,D,-0.5048,-2.7818,1.3243,4.6109,0.6718
4957,N,D,-0.5048,-2.7818,1.3243,4.6109,0.6718
5034,D,N,-0.8049,-2.4138,1.3923,4.6109,0.7175
5191,D,N,-2.0475,-1.9631,0.6003,4.6109,0.5888
5215,N,D,-0.5652,-2.7886,1.2571,4.6109,0.6745
5247,N,D,-1.0535,-2.9154,0.642,4.6109,0.5251
5319,D,S,-0.8502,-1.7341,2.0265,4.6109,0.8065
5388,N,D,-1.944,-2.431,0.2358,4.6109,0.5007
5589,N,D,-1.4746,-3.0724,0.0639,4.6109,0.4285
5601,N,N,0.2257,-2.0414,2.7953,4.6109,0.8682
