MutPair (unreduced)	MutPair (reduced)	FreqMut1 (unreduced;reduced)	FreqMut2 (unreduced;reduced)	StanfordStatus	ReasonSelection
G140S-Q148H	C140D-D148B	0.1991803278688524;0.1991803278688524	0.1860655737704918;0.1860655737704918		
Y143C-S230R	D143A-D230C	0.0237704918032786;0.0237704918032786	0.0229508196721311;0.0229508196721311		
E157Q-None	B157A-D160B	0.0647540983606557;0.0647540983606557	nan;nan		
G140A-Q148K	C140A-D148A	0.0114754098360655;0.0114754098360655	0.0049180327868852;0.0065573770491803		
G140S-Q148R	C140D-D148C	0.1991803278688524;0.1991803278688524	0.0508196721311475;0.0508196721311475		
G140S-Q148K	C140D-D148A	0.1991803278688524;0.1991803278688524	0.0049180327868852;0.0065573770491803		
G140A-Q148R	C140A-D148C	0.0114754098360655;0.0114754098360655	0.0508196721311475;0.0508196721311475		
E138K-Q148K	D138A-D148A	0.0327868852459016;0.0344262295081967	0.0049180327868852;0.0065573770491803		
G140A-Q148H	C140A-D148B	0.0114754098360655;0.0114754098360655	0.1860655737704918;0.1860655737704918		
E157Q-None	B157A-D160A	0.0647540983606557;0.0647540983606557	nan;nan		
Y143A-S230R	D143B-D230C	0.0008196721311475;0.0172131147540983	0.0229508196721311;0.0229508196721311		
None-L74M	D72C-A74B	nan;nan	0.0401639344262295;0.0401639344262295		
E138K-Q148R	D138A-D148C	0.0327868852459016;0.0344262295081967	0.0508196721311475;0.0508196721311475		
G140C-S147G	C140B-B147A	0.0057377049180327;0.0057377049180327	0.0131147540983606;0.0131147540983606		
None-G163K	C156A-A163C	nan;nan	0.0122950819672131;0.0549180327868852		
G140S-Y143R	C140D-D143C	0.1991803278688524;0.1991803278688524	0.0549180327868852;0.0549180327868852		
None-G163K	D119B-A163C	nan;nan	0.0122950819672131;0.0549180327868852		
None-Q148R	D39A-D148C	nan;nan	0.0508196721311475;0.0508196721311475		
Q148R-N155H	D148C-A155C	0.0508196721311475;0.0508196721311475	0.1983606557377049;0.1983606557377049		
Y143R-Q148H	D143C-D148B	0.0549180327868852;0.0549180327868852	0.1860655737704918;0.1860655737704918		
None-D232N	C122B-C232D	nan;nan	0.0327868852459016;0.0327868852459016		
G140S-S147G	C140D-B147A	0.1991803278688524;0.1991803278688524	0.0131147540983606;0.0131147540983606		
G140S-N155H	C140D-A155C	0.1991803278688524;0.1991803278688524	0.1983606557377049;0.1983606557377049		
Q148H-N155H	D148B-A155C	0.1860655737704918;0.1860655737704918	0.1983606557377049;0.1983606557377049		
None-N155H	B151A-A155C	nan;nan	0.1983606557377049;0.1983606557377049		
Y143R-N155H	D143C-A155C	0.0549180327868852;0.0549180327868852	0.1983606557377049;0.1983606557377049		
