Sequence	Mutations	Mutation_count	dm1	dm2	dm12	Dm1m2-max(dm1,dm2)
BCCDDDCDCCDBDCDBABCDABCABDBACBDCAACABBCABACBCDABCACBBCCCCBDBACACBBCBABACCACACAACCABABADBCCAAABDCCBB	['D10C', 'D12B', 'D16B', 'D35C', 'D36A', 'C37B', 'C46D', 'C53B', 'B64C', 'C69A', 'D77C', 'C82A', 'B95D']	13	-3.8136644	-2.7141576	-3.4461918	-0.7320342
BCCDDDCDCCADBCDCABCDABCABDBACBDCAACDABCABACBCCABCACBCCCCCBDBACCCBBBBCBACCACACAACCABABADBCCAAABBCCBB	['D10C', 'D11A', 'D13B', 'D16C', 'D35C', 'C37A', 'A63C', 'B64C', 'C67B', 'D77C', 'C82A']	11	-3.9037304	-3.4179382	-4.24004	-0.8221016
BCCDDDCDCCADBCDCABCDABCABDBACBDCAACDABCABACBCCABCACBCCCCCBDBACCCBBBBCBACCACACAACCABABADBCCAAABBCCBB	['D10C', 'D11A', 'D13B', 'D16C', 'D35C', 'C37A', 'A63C', 'B64C', 'C67B', 'D77C', 'C82A']	11	-3.9037304	-3.4179382	-4.24004	-0.8221016
BCCDDDCDCCDDBCCDABCDABCABDBACBDCAADAABCACACBCDABCACBCCCCCBDBACCBBBCBCBAACACADAACCABABADBCCAABBBCCBB	['D10C', 'D13B', 'D15C', 'D36A', 'C37A', 'B41C', 'C46D', 'A63C', 'C72A', 'C82A', 'A93B']	11	-4.0318823	-3.2805967	-4.230852	-0.9502554
BCCDDDCDCDDDDCDDABCBABCABDBACBDCAACACBCABACBCDABCACBCCCCCBDBACCCBBCBCBACCACADAACCABACADBCCAAABBCCBB	['D20B', 'D35C', 'D36A', 'C46D', 'A63C', 'B64C', 'C82A', 'B85C']	8	-4.0481224	-3.6445918	-4.611082	-0.96649027
BCCDDDCDCDDDBCCDACCDABCABDBACBDCAADDBBCABACBCCABCACBCCCCCBDBACACBBCBCBACCACADAACCCBABADBCAAAABBDCBB	['D13B', 'D15C', 'B18C', 'C37B', 'B64C', 'C90A', 'C96D']	7	-4.4516172	-4.3188887	-5.6888714	-1.3699827
BCCDDDCDCDDBBDDDABCAABCABDBACBDCDACAABCACACBCCABCACBCCCCCBDCADACBBCBCBACCACADAACCDBABADBCBAABBBCCBB	['D12B', 'D13B', 'C14D', 'D20A', 'A33D', 'D35C', 'D36A', 'C37A', 'B41C', 'B60C', 'C62D', 'B64C', 'C82D', 'C90B', 'A93B']	15	-4.4766607	-3.9189034	-5.3139257	-1.3950224
BCCDDDCDCCDBBCDDABCDABCABDBACBDCCADACBCABACBCDABCACBCCCCCBDBACACBBCBCBACCACADAACCABBBADBDCAAABBCCBB	['D10C', 'D12B', 'D13B', 'A33C', 'D36A', 'C46D', 'B64C', 'C82A', 'A84B', 'C89D']	10	-4.878978	-3.6572318	-5.4545746	-1.7973428
BCCDDDCDCCDDBCDDABCAABCABDBACBDCAACDBBCABACBCDABCACBCCDCDBDBADABBACBCBCCCACADAACCCBABADBCCAAABBCCBB	['D10C', 'D13B', 'D20A', 'D35C', 'C37B', 'C46D', 'C55D', 'C57D', 'C62D', 'B66A', 'A71C']	11	-5.081889	-4.9909825	-6.9912357	-2.0002532
BCCDDDCDCADBDCDBABCCABCABDBACBDCAACABBCABACBCDABCACBBCCCCBDBACACBBCBABACCACACAACCABABADBCCCAABBCCBB	['D10A', 'D12B', 'D16B', 'D20C', 'D35C', 'D36A', 'C37B', 'C46D', 'C53B', 'B64C', 'C69A', 'D77C', 'C82A', 'A91C']	14	-5.3095264	-3.5045114	-5.732402	-2.2278905
BCCDDDCDCCDDBCDDABDCABCABDBACBDCAACABBCABACBCCABCACBCACCCBDBADDBBACBCBDCCACADAACCABABADBCCAAABBCCBB	['D10C', 'D13B', 'C19D', 'D20C', 'D35C', 'D36A', 'C37B', 'C54A', 'C62D', 'A63D', 'B66A', 'A71D', 'C82A']	13	-5.309537	-4.719202	-6.9471045	-2.2279024
BCCDDDCDCDDDBDDDABCAABCABDBACBDCAACACBCACACBCDABCACBCCCCCBDBACABBBCBABACCACADAACCDBABADBDBAAABBCCBB	['D13B', 'C14D', 'D20A', 'D35C', 'D36A', 'B41C', 'C46D', 'C69A', 'C82D', 'C89D', 'C90B']	11	-5.464671	-4.905872	-7.288906	-2.3830342
BCCDDDCDCDDBDCDCABBDABCABDBACBDDAACDABCABACBCDABCACBCCCCCBDBADCCBBCBCBBCCACADAACCBBABADBCCAAABBCCBB	['D12B', 'D16C', 'C19B', 'C32D', 'D35C', 'C37A', 'C46D', 'C62D', 'A63C', 'B64C', 'A71B', 'C82B']	12	-5.5567455	-5.2151494	-7.690254	-2.4751048
BCCDDDCDCDDDDCDDABCDABCDBDBACBDCAADDABCABACBCDABCACBCCCCCBDBACACCBCBCBACCACADAACCABABADBCCAABBBCCBB	['A24D', 'C37A', 'C46D', 'B64C', 'B65C', 'C82A', 'A93B']	7	-5.559729	-4.4970703	-6.9751587	-2.4780884
BCCDDDCDCCDDDCDDABCDABCABDBACBDCAADDABCACACBCDABCACBCCCCCBDBACACBBCBCBACDACACAACCCBABADBCBAABBBCCBB	['D10C', 'C37A', 'B41C', 'C46D', 'B64C', 'C73D', 'D77C', 'C90B', 'A93B']	9	-5.7779737	-5.3684425	-8.06478	-2.6963377
BCCDDDCDCCDDBCDDABCAABCABDBACBDCAACDABCABACBCDABCACBCCCCCBDBACDBBBCBCBCACACADAACCCBBBADBCBADABBCCBB	['D10C', 'D13B', 'D20A', 'D35C', 'C37A', 'C46D', 'A63D', 'A71C', 'C72A', 'A84B', 'C90B', 'A92D']	12	-5.779562	-5.0606446	-7.7585783	-2.6979337
BCCDDDCDCCDBBCDDABCBABCDBDBACBDCAADCCBCABACBCDABCACBCCCCCBDBACDBBBCBCBBDCACADAACCABBBADBCCAAABBCCBB	['D10C', 'D12B', 'D13B', 'D20B', 'A24D', 'D36C', 'C46D', 'A63D', 'A71B', 'C72D', 'C82A', 'A84B']	12	-5.8145456	-5.616205	-8.349118	-2.732913
BCCDDDCDCDDDDCCDABBDABCDBDBACBDCAACDBBCABACBCDABCACBCCCCCBDBACACBBCBCCACCACADAACCBBABADBCCAAABBCCBB	['D15C', 'C19B', 'A24D', 'D35C', 'C37B', 'C46D', 'B64C', 'B70C', 'C82B']	9	-5.820999	-4.1631937	-6.9025497	-2.739356
BCCDDDCDCCDABCDDADCDABCABDBACBDCAACABBCACACBCCABCACBCCCCDBDCDCACBBABCBACCACADAACCCBABADBCBAAABBCCBB	['D10C', 'D12A', 'D13B', 'B18D', 'D35C', 'D36A', 'C37B', 'B41C', 'C57D', 'B60C', 'A61D', 'B64C', 'C67A', 'C90B']	14	-5.8894157	-5.223854	-8.031633	-2.8077793
BCCDDDCDCBDBBCDDABCCABCABDBACBDDBACCBBCABAABCDBBCACBCCCCCBDBADDBBBCBCBCABACACAACCCBBBADBCBAAABBCCBB	['D10B', 'D12B', 'D13B', 'D20C', 'C32D', 'A33B', 'D35C', 'D36C', 'C37B', 'C43A', 'C46D', 'A47B', 'C62D', 'A63D', 'A71C', 'C72A', 'C73B', 'D77C', 'A84B', 'C90B']	20	-5.9779453	-5.6014457	-8.497763	-2.896317
BCCDDDCDCCDDDACCABABABCABDBACBDCBACABBCABACBCCAACACBCACCCBDBADBCBBCBCBACCBCADAACCBBACADBCCAAABBCCBB	['D10C', 'C14A', 'D15C', 'D16C', 'C19A', 'D20B', 'A33B', 'D35C', 'D36A', 'C37B', 'B48A', 'C54A', 'C62D', 'A63B', 'B64C', 'A74B', 'C82B', 'B85C']	18	-6.129945	-5.0197463	-8.068055	-3.0483088
BCCDDDCDCBCDBCDDABAAABCABDBACBDCAADACBCABACBCDABCACBCDCCCBDBACDBBBCBACCCCACADAACCBBABADBACCAABBCCBB	['D10B', 'D11C', 'D13B', 'C19A', 'D20A', 'D36A', 'C46D', 'C54D', 'A63D', 'C69A', 'B70C', 'A71C', 'C82B', 'C89A', 'A91C']	15	-6.13597	-5.8255672	-8.879902	-3.0543346
BCCDDDCDCDDDBCDDABCDABCABDBACBDDAACDABCABACBCDBBCACBCCCCCBDBADDBBBCBCBACCACADAACCCBABADBCBAABBCCCBB	['D13B', 'C32D', 'D35C', 'C37A', 'C46D', 'A47B', 'C62D', 'A63D', 'C90B', 'A93B', 'B95C']	11	-6.262662	-5.726372	-8.907396	-3.1810246
BCCDDDCDCCDDBCDDABCDABCABDBACBDDBADBCBCABACBCDABCACBCCCCCBDBADACBBCBCBACCACCDAACCCABBADBCBAAABBCCBB	['D10C', 'D13B', 'C32D', 'A33B', 'D36B', 'C46D', 'C62D', 'B64C', 'A76C', 'B83A', 'A84B', 'C90B']	12	-6.2627697	-5.503475	-8.684611	-3.1811361
BCCDDDCDCDDDBCDDABCAABCABDBACBDCAADDABCABACBCDABCACBCCCCCBDBACDBBBCBABBBBACACAACCCBABADBCBAAABBCCBB	['D13B', 'D20A', 'C37A', 'C46D', 'A63D', 'C69A', 'A71B', 'C72B', 'C73B', 'D77C', 'C90B']	11	-6.4048834	-5.5903172	-8.913571	-3.323254
BCCDDDCDCCDDDCDCABBCABCABDBACBDCAACACBAABACBCDABCACBCBCCCBDBADACBBCBCCACCCCADAACCBBBBADBCCAAABBCCBB	['D10C', 'D16C', 'C19B', 'D20C', 'D35C', 'D36A', 'C39A', 'C46D', 'C54B', 'C62D', 'B64C', 'B70C', 'A74C', 'C82B', 'A84B']	15	-6.4751062	-5.7989655	-9.192437	-3.3934717
BCCDDDCDCCDDBCDDABCDABCABDBACBDCAADDABCABACBCBAACACBCCCCDBDBACDBBBCBDBBBCACADAACCABABADBCCAAABBCCBB	['D10C', 'D13B', 'C37A', 'C46B', 'B48A', 'C57D', 'A63D', 'C69D', 'A71B', 'C72B', 'C82A']	11	-6.4762363	-6.312383	-9.706987	-3.3946042
BCCDDDCDCDDDBCDDABCDABCABDBACBDCDADDABCABACBCCABCACBCCCCCBDBADDBBBCBCBBCBACADAACCABABADBCBAAABBCCBB	['D13B', 'A33D', 'C37A', 'C62D', 'A63D', 'A71B', 'C73B', 'C82A', 'C90B']	9	-6.496975	-6.2822895	-9.697631	-3.4153414
BCCDDDCDCDDDBCDDABDDABCABDBACBDCBADDBBCABACBCBABCACBCDCCCBDBACADBBCBCBACCACACAACCBBABADBCBAAABBCCBB	['D13B', 'C19D', 'A33B', 'C37B', 'C46B', 'C54D', 'B64D', 'D77C', 'C82B', 'C90B']	10	-6.5034666	-6.2777395	-9.699569	-3.4218292
BCCDDDCDCCDBBCDDABCBABCABDBACBDCAADACBCABACBCDABCACBCDCCCBDBACDCBBCBCBACCACADAACCABBBADBCCAAABBCCBB	['D10C', 'D12B', 'D13B', 'D20B', 'D36A', 'C46D', 'C54D', 'A63D', 'B64C', 'C82A', 'A84B']	11	-6.5083485	-5.53814	-8.964851	-3.4267116
BCCDDDCACCDABCDDABCAABCABDBACBDDDADACBCACACBCDBBCACBCCCCCBDBACDBBBCBCBCCCACADAACCCBABADBABAAABBCCBB	['D8A', 'D10C', 'D12A', 'D13B', 'D20A', 'C32D', 'A33D', 'D36A', 'B41C', 'C46D', 'A47B', 'A63D', 'A71C', 'C89A', 'C90B']	15	-6.5468397	-6.1218266	-9.587036	-3.4652095
BCCDDDCDCCDDDCDDABCCABCDBDBACBDCAACABBCABADBCDABCACBBDCCCBDBADDCBBCBCBCCCDCADAACCABABADBCCAAABBCCBB	['D10C', 'D20C', 'A24D', 'D35C', 'D36A', 'C37B', 'C43D', 'C46D', 'C53B', 'C54D', 'C62D', 'A63D', 'B64C', 'A71C', 'A74D', 'C82A']	16	-6.581341	-6.203024	-9.702735	-3.499711
BCCDDDCDCCDDDCDDABCCABCDBDBACBDCAACABBCABADBCDABCACBBDCCCBDBACDCBBCBCBACCDCADAACCABABADBCCAAABBCCBB	['D10C', 'D20C', 'A24D', 'D35C', 'D36A', 'C37B', 'C43D', 'C46D', 'C53B', 'C54D', 'A63D', 'B64C', 'A74D', 'C82A']	14	-6.6317616	-6.0578365	-9.6079645	-3.550128
AAADDDCDCDDDBCDDABCDABBABDBACBDCBACABBCABACBCDABCACBCCCCCCDBADACBBCBCBACCACCDAACCABABADBCBAAABBCCBB	['B1A', 'C2A', 'C3A', 'D13B', 'C23B', 'A33B', 'D35C', 'D36A', 'C37B', 'C46D', 'B58C', 'C62D', 'B64C', 'A76C', 'C82A', 'C90B']	16	-6.7621784	-5.1169233	-8.797463	-3.68054
BCCDDDCDCCDDBCDDABCBABCABDBACBDCAADACBCABACBCDAACACBCCCCCBDBACDCBBCBBBACCACADAACCBBABADBCBAAABBCCBB	['D10C', 'D13B', 'D20B', 'D36A', 'C46D', 'B48A', 'A63D', 'B64C', 'C69B', 'C82B', 'C90B']	11	-6.786045	-6.4943275	-10.198741	-3.7044134
BCCDDDCDCCDDBCDDABCBABCABDBACBDCAADACBCABACBCDAACACBCCCCCBDBACDCBBCBBBACCACADAACCBBABADBCBAAABBCCBB	['D10C', 'D13B', 'D20B', 'D36A', 'C46D', 'B48A', 'A63D', 'B64C', 'C69B', 'C82B', 'C90B']	11	-6.786045	-6.4943275	-10.198741	-3.7044134
BCCDDDCDCCDDDCCDABCCABCDBDBACBDCAACAABCABADBCDABCACBCDACDBDBADDCBBCBCBACCACADAACCABBBADBCCAAABBCCBB	['D10C', 'D15C', 'D20C', 'A24D', 'D35C', 'D36A', 'C37A', 'C43D', 'C46D', 'C54D', 'C55A', 'C57D', 'C62D', 'A63D', 'B64C', 'C82A', 'A84B']	17	-6.7865	-6.1877737	-9.892641	-3.7048674
BCCDDDCDCCABBCCDABCAABCABDBACBDDADDAABCACACBCCBBCACBCCCCCBDBADDBBBCBCBCABACADAACCCBABADBCBAAABBCCBB	['D10C', 'D11A', 'D12B', 'D13B', 'D15C', 'D20A', 'C32D', 'A34D', 'D36A', 'C37A', 'B41C', 'A47B', 'C62D', 'A63D', 'A71C', 'C72A', 'C73B', 'C90B']	18	-6.788208	-6.295883	-10.002461	-3.7065783
BCCDDDCDCCDDBDDDABBDABCABDBACBDDAACBABCABACBCDABCACBBBCCDBDBACDBBBCBCBBCBACCCAACCCBABADBABAAABBCCBB	['D10C', 'D13B', 'C14D', 'C19B', 'C32D', 'D35C', 'D36B', 'C37A', 'C46D', 'C53B', 'C54B', 'C57D', 'A63D', 'A71B', 'C73B', 'A76C', 'D77C', 'C89A', 'C90B']	19	-6.9214983	-6.6959743	-10.535836	-3.8398619
BCCDDDCDCCDDBCDDABCBABCABDBACBDCAADACBCABACBCCABCACBCDCCCBDCDDCCBACBCBACCACADAACCABABADBCCAAABBCCBB	['D10C', 'D13B', 'D20B', 'D36A', 'C54D', 'B60C', 'A61D', 'C62D', 'A63C', 'B64C', 'B66A', 'C82A']	12	-7.012747	-6.9954967	-10.926616	-3.931119
BCCDDDCDCCDCDDDCABCCABCABDBACBDCAACAABCACACBCDAACCCBCACCCBDBACCCBBCBCBACCACADAACCBBACADBCCAAABBCCBB	['D10C', 'D12C', 'C14D', 'D16C', 'D20C', 'D35C', 'D36A', 'C37A', 'B41C', 'C46D', 'B48A', 'A50C', 'C54A', 'A63C', 'B64C', 'C82B', 'B85C']	17	-7.0747833	-4.5347786	-8.527928	-3.9931498
BCCDDDCDCCDDDCCDABBDABCABDBACBDCAACBBACABADBCDBBCACBBDDCCBDBADDBBBCBCBDCCACADAACCABACADBCCAAABBCCBB	['D10C', 'D15C', 'C19B', 'D35C', 'D36B', 'C37B', 'B38A', 'C43D', 'C46D', 'A47B', 'C53B', 'C54D', 'C55D', 'C62D', 'A63D', 'A71D', 'C82A', 'B85C']	18	-7.1040716	-6.4594727	-10.4819145	-4.022442
BCCDDDCDCDDCDDDDABBDABCABDBACBDCAADDABCABACBCDABCACBCCCCCBDBACDBBBABABCCCACADAACCABBBADBCCAAABBCCBB	['D12C', 'C14D', 'C19B', 'C37A', 'C46D', 'A63D', 'C67A', 'C69A', 'A71C', 'C82A', 'A84B']	11	-7.144579	-6.3767247	-10.43967	-4.062945
BCCDDDCDCCADDCCDADBAABCABDBACBDCAADABBCABACBCDABCACBCCDCCBDBACABBBCBCCBCCACADACCCCBBBADACBAAABBCCBB	['D10C', 'D11A', 'D15C', 'B18D', 'C19B', 'D20A', 'D36A', 'C37B', 'C46D', 'C55D', 'B70C', 'A71B', 'A79C', 'A84B', 'B88A', 'C90B']	16	-7.167901	-6.5901604	-10.676429	-4.0862684
BCCDADCDCCDDDCDDABBDABCABDBACBDCAACDBBCABACBCDABCACBCDCCCBDBACDCBBCBCBACCACACAACCABABADBCBAABBBCCBB	['D5A', 'D10C', 'C19B', 'D35C', 'C37B', 'C46D', 'C54D', 'A63D', 'B64C', 'D77C', 'C82A', 'C90B', 'A93B']	13	-7.172049	-6.2881527	-10.378565	-4.090412
BCCDDDCDCADDBDCBABCDABBCBDBACBDCAACDABCABACBCDABCACBBCCCCBDBADDCBBCBCBAADACACAACCCBBBADBCBAABBCCCBB	['D10A', 'D13B', 'C14D', 'D15C', 'D16B', 'C23B', 'A24C', 'D35C', 'C37A', 'C46D', 'C53B', 'C62D', 'A63D', 'B64C', 'C72A', 'C73D', 'D77C', 'A84B', 'C90B', 'A93B', 'B95C']	21	-7.1858196	-6.74483	-10.849015	-4.104185
BCCDDDCDCCDDBCDDABCCABCDBDBACBDCBADABBCABACBCDABCACBCDDCCBDBACDABBCBABBCCACADAACCABABADBCCCAABBCCBB	['D10C', 'D13B', 'D20C', 'A24D', 'A33B', 'D36A', 'C37B', 'C46D', 'C54D', 'C55D', 'A63D', 'B64A', 'C69A', 'A71B', 'C82A', 'A91C']	16	-7.2066145	-6.6685824	-10.793566	-4.1249833
BCCDDDCDCCDCDCCDABACABCDBDBACBDCAADACBCABACBCDABCACBCDCCCBDBADDBBBCBCBCCCACADAACCABBCADBCCAAABBCCBB	['D10C', 'D12C', 'D15C', 'C19A', 'D20C', 'A24D', 'D36A', 'C46D', 'C54D', 'C62D', 'A63D', 'A71C', 'C82A', 'A84B', 'B85C']	15	-7.2107334	-7.0365067	-11.165607	-4.129101
BCCDDDCDCCDDBCDDABCCABCABDBACBDCAADACBCACACBCDABCACBCBDCCBDBADDBBBCBCBCCCACADAACCABABADBCBAABBCCCBB	['D10C', 'D13B', 'D20C', 'D36A', 'B41C', 'C46D', 'C54B', 'C55D', 'C62D', 'A63D', 'A71C', 'C82A', 'C90B', 'A93B', 'B95C']	15	-7.2265434	-7.0057163	-11.150624	-4.144908
BCCDDDCDCCDDBCDDABCAABCABDBACBDCAABAABCABACBCDABCACBBDCCCBDCACDBBBCBCBBCCACADAACCABBBADBCBAACBBCCBB	['D10C', 'D13B', 'D20A', 'D35B', 'D36A', 'C37A', 'C46D', 'C53B', 'C54D', 'B60C', 'A63D', 'A71B', 'C82A', 'A84B', 'C90B', 'A93C']	16	-7.246005	-7.1641736	-11.328545	-4.164371
BCCDDDCDCCDDBCDDABBDABCABDBACBDCAADDCBCABACBCDABCACBCCDCCBDBADDBBBCBABADDACACAACCCBABADBCBAAABBCCBB	['D10C', 'D13B', 'C19B', 'C46D', 'C55D', 'C62D', 'A63D', 'C69A', 'C72D', 'C73D', 'D77C', 'C90B']	12	-7.249075	-7.1639194	-11.331361	-4.1674414
BCCDDDCDCCDBDCDDABCDABCABDBACBDCAADDCBCABACBCDABCACBCCDCCCDBACACBBCBDBACCACACAACCABBBADBCCAABBBCCBB	['D10C', 'D12B', 'C46D', 'C55D', 'B58C', 'B64C', 'C69D', 'D77C', 'C82A', 'A84B', 'A93B']	11	-7.3083615	-6.6787624	-10.905492	-4.2267294
BCCDDDCDCDDDDCCDADCAABCABDBACBDCAADABBCABACBCDABCACBCCCCCBDCADDBBBCBCBCBAACADAACCCBABADBCBAABBBCCBB	['D15C', 'B18D', 'D20A', 'D36A', 'C37B', 'C46D', 'B60C', 'C62D', 'A63D', 'A71C', 'C72B', 'C73A', 'C90B', 'A93B']	14	-7.407081	-6.9751835	-11.300628	-4.325444
BCCDDDCDCCDDDCDDABCCABCABDBACBDCAACAABCACACBCDABCACBCDCCCBDBACDBBCCBCBBCCACADAACCABBBADBCBACBBCCCBB	['D10C', 'D20C', 'D35C', 'D36A', 'C37A', 'B41C', 'C46D', 'C54D', 'A63D', 'B66C', 'A71B', 'C82A', 'A84B', 'C90B', 'A92C', 'A93B', 'B95C']	17	-7.4677563	-7.3477955	-11.73392	-4.3861246
BCCDDDCDCDDDBCDDABCAABCABDBACBDDAACABBCABADBCDBBCACBCCDCCBDBACDBBBCBCBCCCACADAACCBBABADBACAAABBCCBB	['D13B', 'D20A', 'C32D', 'D35C', 'D36A', 'C37B', 'C43D', 'C46D', 'A47B', 'C55D', 'A63D', 'A71C', 'C82B', 'C89A']	14	-7.4698057	-6.0109158	-10.39909	-4.388174
BCCDDDCDCCDDDCCDABCCABCABDBACBDCAADABBCACACBCDABCACBCDCCCBDBADACBBCBCBACCACCDAACCBBABADBCCAABBBCCBB	['D10C', 'D15C', 'D20C', 'D36A', 'C37B', 'B41C', 'C46D', 'C54D', 'C62D', 'B64C', 'A76C', 'C82B', 'A93B']	13	-7.504066	-6.9369297	-11.359363	-4.422433
BCCDDDCDCCDDDCDDABCDABCDBDBACBDCAACABBCACACBCBAACACBCDCCCBDBACACBBCBCBBDCACADAACCBBABADBCCAABBBCCBB	['D10C', 'A24D', 'D35C', 'D36A', 'C37B', 'B41C', 'C46B', 'B48A', 'C54D', 'B64C', 'A71B', 'C72D', 'C82B', 'A93B']	14	-7.5661416	-7.5139704	-11.998481	-4.4845104
BCCDDDCDCADDBCDDADCCABCABDBACBDCBACBBBCABACBCDAACACBCACCCBDBACDBBBCBCBBCCACADAACCABBBADBACAABBBCCBB	['D10A', 'D13B', 'B18D', 'D20C', 'A33B', 'D35C', 'D36B', 'C37B', 'C46D', 'B48A', 'C54A', 'A63D', 'A71B', 'C82A', 'A84B', 'C89A', 'A93B']	17	-7.591946	-7.018808	-11.529119	-4.5103106
BCCDDDCDCCDDBCDDABCDABCDBDBACBDCBADDCBCABACBCDAACACBCACCCCDBDCCCBBCBCBADCBCACAACCABABADBCCAAABBCCBB	['D10C', 'D13B', 'A24D', 'A33B', 'C46D', 'B48A', 'C54A', 'B58C', 'A61D', 'A63C', 'B64C', 'C72D', 'A74B', 'D77C', 'C82A']	15	-7.622849	-6.4894185	-11.030634	-4.5412154
BCCDDDCDCCDDBCDCABCAABCABDBACBDCAACABBCABADBCCAACCCBCACCCBDAADCBBBCBCBAACBCADAACCBBABADBDCAAABBCCBB	['D10C', 'D13B', 'D16C', 'D20A', 'D35C', 'D36A', 'C37B', 'C43D', 'B48A', 'A50C', 'C54A', 'B60A', 'C62D', 'A63C', 'C72A', 'A74B', 'C82B', 'C89D']	18	-7.628124	-6.7868996	-11.3334	-4.5465
BCCDDDCDCCDDBCDCABBCABCABDBACBDCBADACBCABACBCCABCACBCDCCCBDBBCCCBBCBCBCCCACCDAACCBBBBADBCCCAABBCCBB	['D10C', 'D13B', 'D16C', 'C19B', 'D20C', 'A33B', 'D36A', 'C54D', 'A61B', 'A63C', 'B64C', 'A71C', 'A76C', 'C82B', 'A84B', 'A91C']	16	-7.6413326	-7.492237	-12.05194	-4.559703
BCCDDDCDCCDDDCDDABCDABCABDBACBDCAACDBBCABACBCDABCACBCDCCCBDBACDCBBABCBBDCACADAACCABABADBCBAABBBCCBB	['D10C', 'D35C', 'C37B', 'C46D', 'C54D', 'A63D', 'B64C', 'C67A', 'A71B', 'C72D', 'C82A', 'C90B', 'A93B']	13	-7.6416955	-7.228877	-11.788939	-4.5600624
BCCDDDCDCCDCDCDDABCAABCDBDBACBDCAADDCBCABACBCDABCACBCDCCCBDBACCCBBCBCBADCACCDAACCCBABADBCCAAABBCCBB	['D10C', 'D12C', 'D20A', 'A24D', 'C46D', 'C54D', 'A63C', 'B64C', 'C72D', 'A76C']	10	-7.6498003	-7.6323667	-12.200533	-4.5681663
BCCDDDCDCDDDDCDDABCDABCABDBACBDDAADDBBCABADBCDBBCACBCCCCCBDBACACBBCBCBACCACADAACCBBABADBCCAAABBCCBB	['C32D', 'C37B', 'C43D', 'C46D', 'A47B', 'B64C', 'C82B']	7	-7.670827	-6.532583	-11.121776	-4.5891924
BCCDDDCDCDDDDCDDABCDABCABDBACBDDAACDBBCABACBCDBBCACBCCCCCBDBACDBBBCBCBACBACACAACCCBABADBCBAABBBCCBB	['C32D', 'D35C', 'C37B', 'C46D', 'A47B', 'A63D', 'C73B', 'D77C', 'C90B', 'A93B']	10	-7.6709924	-7.5869594	-12.176315	-4.589356
BCCDDDCDCCDDDCDDABCCABCABDBACBDCAACAABCACACBCDABCACBCDCCCBDBACDBBCCBCBBCCACADAACCABBBADBCBAABBCCCBB	['D10C', 'D20C', 'D35C', 'D36A', 'C37A', 'B41C', 'C46D', 'C54D', 'A63D', 'B66C', 'A71B', 'C82A', 'A84B', 'C90B', 'A93B', 'B95C']	16	-7.6717396	-7.2226686	-11.812776	-4.590107
BCCDDDCDCBDBBCDDABCAABCABDBACBDCAACABBCABACBCCABCACBCDCCCBDBACDBBBCBCBDBCACADAACCCCBBADBABCAABBCCBB	['D10B', 'D12B', 'D13B', 'D20A', 'D35C', 'D36A', 'C37B', 'C54D', 'A63D', 'A71D', 'C72B', 'B83C', 'A84B', 'C89A', 'C90B', 'A91C']	16	-7.6784306	-6.6207914	-11.217592	-4.596801
BCCBDDCDCBDDDCDDABBDABCABDBACBDCBACBABCABACBCDABCACBCDCCCCDBADDBBABBABBBBACACAACCCBBCADBCBAAABACCBB	['D4B', 'D10B', 'C19B', 'A33B', 'D35C', 'D36B', 'C37A', 'C46D', 'C54D', 'B58C', 'C62D', 'A63D', 'B66A', 'C67B', 'C69A', 'A71B', 'C72B', 'C73B', 'D77C', 'A84B', 'B85C', 'C90B', 'B95A']	23	-7.6951337	-7.0973635	-11.710868	-4.6135044
BCCDDDCDCCDDDCDDABCCABCABDBACBDCAACABBCABACBCDBBCACBCACCCBDBACDCBBCBCBBDCACADAACCABABADBCBAABBBCCBB	['D10C', 'D20C', 'D35C', 'D36A', 'C37B', 'C46D', 'A47B', 'C54A', 'A63D', 'B64C', 'A71B', 'C72D', 'C82A', 'C90B', 'A93B']	15	-7.7810273	-6.38428	-11.083674	-4.699394
BCCDDDCDCBDDBCDDABDCABCABDBACBDDBACABBCABACBCDBBCACBBBCCCBDBACBBBACBCBBCCCCADAACCCBBBADBABAAABBCCBB	['D10B', 'D13B', 'C19D', 'D20C', 'C32D', 'A33B', 'D35C', 'D36A', 'C37B', 'C46D', 'A47B', 'C53B', 'C54B', 'A63B', 'B66A', 'A71B', 'A74C', 'A84B', 'C89A', 'C90B']	20	-7.805786	-7.252535	-11.97669	-4.7241554
BCCDDDCDCCDDDCDDABAAABCABDBACBDCAADDCBCACACBCDABCACBCCCCCBDBACDBBBCBCAABDACADAACCCBABADBCBAABBBCCBB	['D10C', 'C19A', 'D20A', 'B41C', 'C46D', 'A63D', 'B70A', 'C72B', 'C73D', 'C90B', 'A93B']	11	-7.856005	-7.1604595	-11.934833	-4.774373
BCCDDDCDCCDDBDDDABCCABCABDBACBDDBACDCBCABACBCDBBCACBCBCCCBDBBCCCBACBABACCCCABAACCCBBBADBCCCAABBCCBB	['D10C', 'D13B', 'C14D', 'D20C', 'C32D', 'A33B', 'D35C', 'C46D', 'A47B', 'C54B', 'A61B', 'A63C', 'B64C', 'B66A', 'C69A', 'A74C', 'D77B', 'A84B', 'A91C']	19	-7.8563747	-7.2566004	-12.031338	-4.7747374
BCCDDDCDCCCDBCCDABCAABCABDBACBDCAACABBCABACBCCABCACBCDCCCBDCACDBBBCBCBDCCACADAACCABBBADBACADABBCCBB	['D10C', 'D11C', 'D13B', 'D15C', 'D20A', 'D35C', 'D36A', 'C37B', 'C54D', 'B60C', 'A63D', 'A71D', 'C82A', 'A84B', 'C89A', 'A92D']	16	-7.8693275	-7.447278	-12.234976	-4.787698
BCCDDDCDCCCDBCCDABCAABCABDBACBDCAACABBCABACBCCABCACBCDCCCBDCACDBBBCBCBDCCACADAACCABBBADBACADABBCCBB	['D10C', 'D11C', 'D13B', 'D15C', 'D20A', 'D35C', 'D36A', 'C37B', 'C54D', 'B60C', 'A63D', 'A71D', 'C82A', 'A84B', 'C89A', 'A92D']	16	-7.8693275	-7.447278	-12.234976	-4.787698
BCCDDDCDCCCDBCCDABCAABCABDBACBDCAACABBCABACBCCABCACBCDCCCBDCACDBBBCBCBDCCACADAACCABBBADBACADABBCCBB	['D10C', 'D11C', 'D13B', 'D15C', 'D20A', 'D35C', 'D36A', 'C37B', 'C54D', 'B60C', 'A63D', 'A71D', 'C82A', 'A84B', 'C89A', 'A92D']	16	-7.8693275	-7.447278	-12.234976	-4.787698
BCCDDDCDCCDDDCDDABCDABCABDBACBDCAADDBBCABACBCDABCACBCCCCCBDBACDCBBCBCBACCACCDAACCABABADBCBAABBBCCBB	['D10C', 'C37B', 'C46D', 'A63D', 'B64C', 'A76C', 'C82A', 'C90B', 'A93B']	9	-7.8706937	-6.8028526	-11.59191	-4.7890577
BCCDDDCDCCDDDCDDADBDABCABDBACBDCAACDCBCABACBCDABCACBCCCCCBDBACDBBBCBCBBBBACADAACCCBBCADBCBAABBBCCBA	['D10C', 'B18D', 'C19B', 'D35C', 'C46D', 'A63D', 'A71B', 'C72B', 'C73B', 'A84B', 'B85C', 'C90B', 'A93B', 'B99A']	14	-7.9352894	-7.6312356	-12.484887	-4.8536515
BCCDDDCDCCCDBCDDADCDADCABDBACBDCCACABBCABACBCDABCACBCDCCCCDBADDBBBCBABBCCCCADAACCCBBBADBCBADABBCCBB	['D10C', 'D11C', 'D13B', 'B18D', 'B22D', 'A33C', 'D35C', 'D36A', 'C37B', 'C46D', 'C54D', 'B58C', 'C62D', 'A63D', 'C69A', 'A71B', 'A74C', 'A84B', 'C90B', 'A92D']	20	-7.938778	-7.8377085	-12.694854	-4.8571453
BCCDDDCDCCDDDCDDABCCABCABDBACBDCAADAABCACACBCDABCACBCDDCCCDBACDBBBCBCBACCACADAACCABBBADBCCAAABBCCBB	['D10C', 'D20C', 'D36A', 'C37A', 'B41C', 'C46D', 'C54D', 'C55D', 'B58C', 'A63D', 'C82A', 'A84B']	12	-7.9492683	-7.0100746	-11.877708	-4.867634
BCCDDDCDCCDBDCDDABBDABCABDBACBDCAACABBCABACBCDABCACBCDCCCBDBADBBBBCBCBACCACADAACCBBABADBCBAABBCCCBB	['D10C', 'D12B', 'C19B', 'D35C', 'D36A', 'C37B', 'C46D', 'C54D', 'C62D', 'A63B', 'C82B', 'C90B', 'A93B', 'B95C']	14	-7.958948	-6.894418	-11.771731	-4.8773136
BCCDDDCDCCDDBCDDADCAADCABDBACBDCAADDCBCABACBCDABCACBCCCCCBDBACDBBBCBCBBBBACADAACCCBBCADBCBAAABBCCBB	['D10C', 'D13B', 'B18D', 'D20A', 'B22D', 'C46D', 'A63D', 'A71B', 'C72B', 'C73B', 'A84B', 'B85C', 'C90B']	13	-7.9710884	-7.4181705	-12.307627	-4.8894563
BCCDDDCDCCDDDCDDABCDABBABDBACBDCAACDBBCACACBCDABCACBDDCCCBDBACDBBBCBCBCDCACACAACCABABADBCBACBBBCCBB	['D10C', 'C23B', 'D35C', 'C37B', 'B41C', 'C46D', 'C53D', 'C54D', 'A63D', 'A71C', 'C72D', 'D77C', 'C82A', 'C90B', 'A92C', 'A93B']	16	-7.9758983	-7.312276	-12.206541	-4.894265
BCCDDDCDCCDDDCDDABCCABCABDBACBDCAADAABCACACBCDABCACBCDDCCCDBACDBBBCBCBACCACADAACCBBBBADBCCAAABBCCBB	['D10C', 'D20C', 'D36A', 'C37A', 'B41C', 'C46D', 'C54D', 'C55D', 'B58C', 'A63D', 'C82B', 'A84B']	12	-7.9834766	-7.969637	-12.871477	-4.90184
BCCDDDCDCCDDDCDDABCDABCDBDBACBDCAADDCBCABACBCDABCACBCDDCCBDBACACBBCBCBACCACADAACCBBABADBCCAAABBCCBB	['D10C', 'A24D', 'C46D', 'C54D', 'C55D', 'B64C', 'C82B']	7	-7.9949408	-7.517809	-12.431115	-4.913306
BCCDDDCDCCDDDCDDABCCABCABDBACBDCAADDABCACACBCDABCACBCCDCCBDBCDDDBBCBCBCACACACAACCABABADBCBAABBCCCBB	['D10C', 'D20C', 'C37A', 'B41C', 'C46D', 'C55D', 'A61C', 'C62D', 'A63D', 'B64D', 'A71C', 'C72A', 'D77C', 'C82A', 'C90B', 'A93B', 'B95C']	17	-8.140861	-7.4063387	-12.465566	-5.059227
BCCDDDCDCCDDDCCDABBDABCABDBACBDCAACBBBCABACBCDABCACBCDCCCBDBADDBBBCBABBCBACADAACCBBABADBCBAAABBCCBB	['D10C', 'D15C', 'C19B', 'D35C', 'D36B', 'C37B', 'C46D', 'C54D', 'C62D', 'A63D', 'C69A', 'A71B', 'C73B', 'C82B', 'C90B']	15	-8.150142	-7.6543097	-12.722821	-5.0685115
BCCDDDCDCCDCDCDDABCCABCABDBACBDCAACAABCACACBCDABCACBCDCCCBDBACDBBCCBCBBCCACADAACCABBBADBCBACBBCCCBB	['D10C', 'D12C', 'D20C', 'D35C', 'D36A', 'C37A', 'B41C', 'C46D', 'C54D', 'A63D', 'B66C', 'A71B', 'C82A', 'A84B', 'C90B', 'A92C', 'A93B', 'B95C']	18	-8.207165	-7.501622	-12.627155	-5.125533
BCCDDDCDCCDDDCDDABCCABCABDBACBDCAACABBCABACBCDABCACBCDCCCCDBADDBBBBBABBCCACADAACCABBCADBCBAAABBCCBB	['D10C', 'D20C', 'D35C', 'D36A', 'C37B', 'C46D', 'C54D', 'B58C', 'C62D', 'A63D', 'C67B', 'C69A', 'A71B', 'C82A', 'A84B', 'B85C', 'C90B']	17	-8.216433	-7.3347363	-12.469538	-5.1348014
BCCDDDCDCCDDDCDDABCDABCABDBACBDCAACABBCABADBCDAACACBCACCCBDBADCBBBCBCBADCACACAACCABABADBDBAABBBCCBB	['D10C', 'D35C', 'D36A', 'C37B', 'C43D', 'C46D', 'B48A', 'C54A', 'C62D', 'A63C', 'C72D', 'D77C', 'C82A', 'C89D', 'C90B', 'A93B']	16	-8.265135	-6.070243	-11.253743	-5.1835003
BCCDDDCDCCDDDCDDABCDABCABDBACBDCAACDABCACACBCDABCACBCDCCCBDBACDBBCCBCBBCCACADAACCABBBADBCBAABBCCCBB	['D10C', 'D35C', 'C37A', 'B41C', 'C46D', 'C54D', 'A63D', 'B66C', 'A71B', 'C82A', 'A84B', 'C90B', 'A93B', 'B95C']	14	-8.293987	-7.918809	-13.131162	-5.2123528
BCCDDDCDCDDDBDDDABCCABCABDBACBDAAACABBCABACBCDABCACBCDDCDBDBCDDBBBCBCBCAAACADAACCCBBBADBCBBDABBCCBB	['D13B', 'C14D', 'D20C', 'C32A', 'D35C', 'D36A', 'C37B', 'C46D', 'C54D', 'C55D', 'C57D', 'A61C', 'C62D', 'A63D', 'A71C', 'C72A', 'C73A', 'A84B', 'C90B', 'A91B', 'A92D']	21	-8.337738	-7.614897	-12.871004	-5.2561073
BCCDDDCDCCADBCCDABCAABCABDBACBDCBACABBCABACBCDABCACBCBDCDBDBADDBBBCBCBBBBACADAACCBBABADBCBAAABBCCBB	['D10C', 'D11A', 'D13B', 'D15C', 'D20A', 'A33B', 'D35C', 'D36A', 'C37B', 'C46D', 'C54B', 'C55D', 'C57D', 'C62D', 'A63D', 'A71B', 'C72B', 'C73B', 'C82B', 'C90B']	20	-8.351896	-7.192147	-12.462412	-5.270265
BCCBDDCDCDDCBDDDABCCABCABDBACBDCBACAABCACACBCBABCACBBDCCCBDBADDBBBCBCBACCACCDAACCDBABADBCBAABBCCCBB	['D4B', 'D12C', 'D13B', 'C14D', 'D20C', 'A33B', 'D35C', 'D36A', 'C37A', 'B41C', 'C46B', 'C53B', 'C54D', 'C62D', 'A63D', 'A76C', 'C82D', 'C90B', 'A93B', 'B95C']	20	-8.396567	-8.230714	-13.545642	-5.314928
BCCDDDCDCADDBCCDABBAABCABDBACBDCAADDCBCABACBCDABCACBCDCCCBDBADDBBBCBCBCCBACADAACCABABADBCBAAABBCCBB	['D10A', 'D13B', 'D15C', 'C19B', 'D20A', 'C46D', 'C54D', 'C62D', 'A63D', 'A71C', 'C73B', 'C82A', 'C90B']	13	-8.400893	-8.236316	-13.555574	-5.3192587
AAADDDCDCDDDBCDDABCDABCABDBACBDDAADDABCABABBCDBBCACBCCCCDBDBACDCBBCBCBACAACADAACCCBABADBABAAABBCCBB	['B1A', 'C2A', 'C3A', 'D13B', 'C32D', 'C37A', 'C43B', 'C46D', 'A47B', 'C57D', 'A63D', 'B64C', 'C73A', 'C89A', 'C90B']	15	-8.416829	-7.5486193	-12.88381	-5.335191
BCCDDDCDCCDDBCDDABBCABCABDBACBDCBACABBCABACBCDABCCCBCDCCCBDBADDBBACBCCBACACADAACCBBABADBABADABBCCBB	['D10C', 'D13B', 'C19B', 'D20C', 'A33B', 'D35C', 'D36A', 'C37B', 'C46D', 'A50C', 'C54D', 'C62D', 'A63D', 'B66A', 'B70C', 'A71B', 'C72A', 'C82B', 'C89A', 'C90B', 'A92D']	21	-8.438222	-6.857302	-12.213892	-5.35659
BCCDDDCDCCDDDCCBABCCABCDBDBACBDCAADCBBCABACBCDABCACBCDDCDBDBADDBBBCBDBCAAACADAACCBBABADBCCAAABBCCBB	['D10C', 'D15C', 'D16B', 'D20C', 'A24D', 'D36C', 'C37B', 'C46D', 'C54D', 'C55D', 'C57D', 'C62D', 'A63D', 'C69D', 'A71C', 'C72A', 'C73A', 'C82B']	18	-8.506996	-7.8374796	-13.262846	-5.4253664
BCCDDDCDCADCBDCCABCCABCABDBACBDDBACAABCABACBCCBBCACBCBCCCCDBADCCBBCBCBBCCACCCADCCBBBBADBCCCAABBCCBB	['D10A', 'D12C', 'D13B', 'C14D', 'D15C', 'D16C', 'D20C', 'C32D', 'A33B', 'D35C', 'D36A', 'C37A', 'A47B', 'C54B', 'B58C', 'C62D', 'A63C', 'B64C', 'A71B', 'A76C', 'D77C', 'A79D', 'C82B', 'A84B', 'A91C']	25	-8.529869	-8.378091	-13.826327	-5.4482365
BCCDDDCDCDDDDCCDABCDABCABDBACBDDAACABBCABACBCDBBCACBCCCCCBDBADDBBBCBCBBCBACADAACCBBABADBCBAABBBCCBB	['D15C', 'C32D', 'D35C', 'D36A', 'C37B', 'C46D', 'A47B', 'C62D', 'A63D', 'A71B', 'C73B', 'C82B', 'C90B', 'A93B']	14	-8.561438	-8.371996	-13.851801	-5.479805
BCCDDDCDCCDDDCDDABCAABCABDBACBDCAADDBBCABACBCDABCACBCCCCCBDBADDBBBCBCCCABACADAACCCBBBADBCBAAABBCCBB	['D10C', 'D20A', 'C37B', 'C46D', 'C62D', 'A63D', 'B70C', 'A71C', 'C72A', 'C73B', 'A84B', 'C90B']	12	-8.564718	-7.3716984	-12.854785	-5.4830866
BCCDDDCDCADDDCCDABCCABCABDBACBDDAACCBBCABACBCDBBCCCBBDCCCBDBADDBBBCBCBACCACABAACCBBABADBCBAABBBCCBB	['D10A', 'D15C', 'D20C', 'C32D', 'D35C', 'D36C', 'C37B', 'C46D', 'A47B', 'A50C', 'C53B', 'C54D', 'C62D', 'A63D', 'D77B', 'C82B', 'C90B', 'A93B']	18	-8.6106205	-8.397842	-13.92683	-5.528988
BCCDDDCDCCDDDCDDABBCABCABDBACBDCAADABBCABACBCDABCACBCDCCCCDBADDCBACBCBBCCACCDAACCABBBADBCCAAABBCCBB	['D10C', 'C19B', 'D20C', 'D36A', 'C37B', 'C46D', 'C54D', 'B58C', 'C62D', 'A63D', 'B64C', 'B66A', 'A71B', 'A76C', 'C82A', 'A84B']	16	-8.629257	-8.394115	-13.941739	-5.5476236
BCCDDDCDCCDDBCDDABCDABCABDBACBDCBADDABCABACBCBAACCCBCACCCBDBADCBBBCBCBBDCACACAACCBBABADBCBAACBBCCBB	['D10C', 'D13B', 'A33B', 'C37A', 'C46B', 'B48A', 'A50C', 'C54A', 'C62D', 'A63C', 'A71B', 'C72D', 'D77C', 'C82B', 'C90B', 'A93C']	16	-8.635716	-8.432149	-13.986228	-5.554079
BCCDDDCDCADDDCCDABBCABCABDBACBDCAACACBCABACBCDABCACBCADCCBDBACDBBBCBBBBCCACADAACCABABADBCBADCBCCCBB	['D10A', 'D15C', 'C19B', 'D20C', 'D35C', 'D36A', 'C46D', 'C54A', 'C55D', 'A63D', 'C69B', 'A71B', 'C82A', 'C90B', 'A92D', 'A93C', 'B95C']	17	-8.680847	-8.62842	-14.227639	-5.5992193
BCCDDDCDCADDDCDDABCDABCABDBACBDDAACAABCACADBCDBBCACBBCDCCBDBACDABBCBDBBDCACADAACCBBABADBCBAABBBCCBB	['D10A', 'C32D', 'D35C', 'D36A', 'C37A', 'B41C', 'C43D', 'C46D', 'A47B', 'C53B', 'C55D', 'A63D', 'B64A', 'C69D', 'A71B', 'C72D', 'C82B', 'C90B', 'A93B']	19	-8.686306	-8.49609	-14.100765	-5.6046753
BCCDDDCDCCDDBCDDABBCABBABDBACBDCBACAABCABADBCBABCACBBDDCCBDBADCBBBBBCBAACCCADAACCBBABADBDBAAABBCCBB	['D10C', 'D13B', 'C19B', 'D20C', 'C23B', 'A33B', 'D35C', 'D36A', 'C37A', 'C43D', 'C46B', 'C53B', 'C54D', 'C55D', 'C62D', 'A63C', 'C67B', 'C72A', 'A74C', 'C82B', 'C89D', 'C90B']	22	-8.700115	-7.2586813	-12.877167	-5.6184855
BCCDDDCDCCDDBDCDABCCABCABDBACBDDBADABBCABACBCABBCACBCACCCBDBACDBBACBCBBDCACADAACCABABADBCBADABBCCBB	['D10C', 'D13B', 'C14D', 'D15C', 'D20C', 'C32D', 'A33B', 'D36A', 'C37B', 'C46A', 'A47B', 'C54A', 'A63D', 'B66A', 'A71B', 'C72D', 'C82A', 'C90B', 'A92D']	19	-8.707065	-7.417899	-13.043332	-5.625433
BCCDDDCDCCDDBCDDABCDABBABDBACBDCBDDDABCABACBCDACCACBCDCCCCDBADDBBBCBCBACCACCCAACCABBBADBDBAAABBCCBB	['D10C', 'D13B', 'C23B', 'A33B', 'A34D', 'C37A', 'C46D', 'B48C', 'C54D', 'B58C', 'C62D', 'A63D', 'A76C', 'D77C', 'C82A', 'A84B', 'C89D', 'C90B']	18	-8.728158	-7.798466	-13.444992	-5.646526
BCCDDDCDCDDDDDCDABCDABCABDBACBDCAADDBBCABACBCCABCACBCCCCCBDBACDBBBCBCBBBBACADAACCABABADBCBAAABBCCBB	['C14D', 'D15C', 'C37B', 'A63D', 'A71B', 'C72B', 'C73B', 'C82A', 'C90B']	9	-8.754004	-8.537455	-14.209826	-5.672372
BCCDDDCDCCDDBCDDABCDABCABDBACBDDAADBBBCABACBCCBBCACBCBCCCCDBADDBBBCBCBDCCACADAACCBBABADBABAAABBCCBB	['D10C', 'D13B', 'C32D', 'D36B', 'C37B', 'A47B', 'C54B', 'B58C', 'C62D', 'A63D', 'A71D', 'C82B', 'C89A', 'C90B']	14	-8.77131	-8.5912895	-14.280966	-5.6896763
BCCDDDCDCDDDBCDDABCAABCABDBACBDCAACABBCABACBCBABCACBCDCCCBDBADDCBBCBABACACCADAACCABABADBABAAABBCCBB	['D13B', 'D20A', 'D35C', 'D36A', 'C37B', 'C46B', 'C54D', 'C62D', 'A63D', 'B64C', 'C69A', 'C73A', 'A74C', 'C82A', 'C89A', 'C90B']	16	-8.825994	-6.239812	-11.984174	-5.744362
BCCDDDCDCCDDDCDDABBDABCABDBACBDDBADDCBCABACBCDBBCACBCBCCCBDBACACBBCBCBBCAACACAACCCBBBADBCBAAABCCCBB	['D10C', 'C19B', 'C32D', 'A33B', 'C46D', 'A47B', 'C54B', 'B64C', 'A71B', 'C73A', 'D77C', 'A84B', 'C90B', 'B95C']	14	-8.862799	-8.781502	-14.562665	-5.781163
BCCDDDCDCCDDDCDDABBDABCABDBACBDCAADDCBCABACBCDABCACBCCCCCBDBACDBBBBBABBBBACADAACCCBBBADBCBAAABBCCBB	['D10C', 'C19B', 'C46D', 'A63D', 'C67B', 'C69A', 'A71B', 'C72B', 'C73B', 'A84B', 'C90B']	11	-8.877117	-8.333311	-14.1288	-5.7954893
BCCDDDCDCCDBDCCCABBBABCABDBACBDCAACACBCABACBCDABCACBCDDCCCDBADCCBBCBCBCDCACCDAACCABABADBCCAAABBCCBB	['D10C', 'D12B', 'D15C', 'D16C', 'C19B', 'D20B', 'D35C', 'D36A', 'C46D', 'C54D', 'C55D', 'B58C', 'C62D', 'A63C', 'B64C', 'A71C', 'C72D', 'A76C', 'C82A']	19	-8.942939	-5.1493273	-11.0106325	-5.861305
BCCDDDCDCCDCDCDDABCDABCABDBACBDCAADDABCABACBCDABCACBCCCCCBDBADDBBACBCBACBACACAACCCBBBADBCBAABBCCCBB	['D10C', 'D12C', 'C37A', 'C46D', 'C62D', 'A63D', 'B66A', 'C73B', 'D77C', 'A84B', 'C90B', 'A93B', 'B95C']	13	-8.967425	-8.351111	-14.236904	-5.8857927
BCCDDDCDCCDDDCCDABCCABCABDBACBDDAADABBCABACBCCABCACBCDCCCBDBACDBBBCBCBBCBACADAACCABACADBCBAAABBCCBB	['D10C', 'D15C', 'D20C', 'C32D', 'D36A', 'C37B', 'C54D', 'A63D', 'A71B', 'C73B', 'C82A', 'B85C', 'C90B']	13	-8.982557	-8.615675	-14.516602	-5.9009266
BCCDDDCDCCDDDCCDADCDABCABDBACBDCAADDBBCABACBCDABCACBCCCCCBDBADDBBBCBCBABCACACAACCBBABADBCBACBBCCCBB	['D10C', 'D15C', 'B18D', 'C37B', 'C46D', 'C62D', 'A63D', 'C72B', 'D77C', 'C82B', 'C90B', 'A92C', 'A93B', 'B95C']	14	-8.991789	-8.057307	-13.967465	-5.910158
BCCDDDCDCDDCDCCDABBDABCABDBACBDDAADDABCABACBCDBBCACBCCDCCBDBADDBBBCBCBACCACACAACCBBABADBCCAABBCCCBB	['D12C', 'D15C', 'C19B', 'C32D', 'C37A', 'C46D', 'A47B', 'C55D', 'C62D', 'A63D', 'D77C', 'C82B', 'A93B', 'B95C']	14	-9.002861	-8.49474	-14.415965	-5.9212255
BCCDDDCDCCDDBCDDADCBABCABDBACBDCAACACBCABACBCDABCACBCDCCCBDBADDBBBCBCBCDBACADAACCCBBBADBCBAAABBCCBB	['D10C', 'D13B', 'B18D', 'D20B', 'D35C', 'D36A', 'C46D', 'C54D', 'C62D', 'A63D', 'A71C', 'C72D', 'C73B', 'A84B', 'C90B']	15	-9.025869	-6.794573	-12.738808	-5.944235
BCCDDDCDCCDDDCDDABCAABCABDBACBDCCACABBCABACBCBABCACBCBCCCCDBBDDBBABBCBCCBACADAACCBBABADBCBAAABBCCBB	['D10C', 'D20A', 'A33C', 'D35C', 'D36A', 'C37B', 'C46B', 'C54B', 'B58C', 'A61B', 'C62D', 'A63D', 'B66A', 'C67B', 'A71C', 'C73B', 'C82B', 'C90B']	18	-9.112432	-9.086157	-15.116953	-6.030796
BCCCDDCDCCDDDCDDABDCABCABDBACBDCAADABBCABACBCCAACACBCACCCBDBADDCBBCBABACCACADAACCBBABADBCBAAABBCCBB	['D4C', 'D10C', 'C19D', 'D20C', 'D36A', 'C37B', 'B48A', 'C54A', 'C62D', 'A63D', 'B64C', 'C69A', 'C82B', 'C90B']	14	-9.171933	-6.84653	-12.936834	-6.0903044
AAADDDCDCCADBCDDABCDABCABDBACBDDBACAABCACACBCDBBCACBCBDCCBDBADDBBBCBCBCBAACADAACCCBBBADBCBAAABBCCBB	['B1A', 'C2A', 'C3A', 'D10C', 'D11A', 'D13B', 'C32D', 'A33B', 'D35C', 'D36A', 'C37A', 'B41C', 'C46D', 'A47B', 'C54B', 'C55D', 'C62D', 'A63D', 'A71C', 'C72B', 'C73A', 'A84B', 'C90B']	23	-9.173659	-6.7913513	-12.883377	-6.0920258
BCCDDDCDCCDDDCDDABCDABCABDBACBDDAADDCBCABACBCDABCACBBCCCCBDBAAABABCBCBBBBACACAACCBBABADBCCAAABBCCBB	['D10C', 'C32D', 'C46D', 'C53B', 'C62A', 'B65A', 'A71B', 'C72B', 'C73B', 'D77C', 'C82B']	11	-9.186443	-8.048793	-14.153606	-6.1048136
BCCDDDCDCBDDBCDDABCBABBABDBACBDCBACACBCABACBCDABCACBCBDCDCDBADDBBBCBCBBBBACCDAACCCBABADBABAAABBCCBB	['D10B', 'D13B', 'D20B', 'C23B', 'A33B', 'D35C', 'D36A', 'C46D', 'C54B', 'C55D', 'C57D', 'B58C', 'C62D', 'A63D', 'A71B', 'C72B', 'C73B', 'A76C', 'C89A', 'C90B']	20	-9.189753	-8.560979	-14.669097	-6.108118
BCCDDDCDCCDDDCDDABBCABCABDBACBDCAACABBCABACBCCABCACBCACCCBDBADDBBBBBABDCBACADAACCDBABADBCBAAABBCCBB	['D10C', 'C19B', 'D20C', 'D35C', 'D36A', 'C37B', 'C54A', 'C62D', 'A63D', 'C67B', 'C69A', 'A71D', 'C73B', 'C82D', 'C90B']	15	-9.25117	-7.9116116	-14.08115	-6.1695385
AAADDDCDCCDCDDCDABCBABCDBDBACBDCAACACBCACACBCDAACACBCACCCBDBACDBBBCBCBDDCACADAACCABABADBCCAAABBCCBB	['B1A', 'C2A', 'C3A', 'D10C', 'D12C', 'C14D', 'D15C', 'D20B', 'A24D', 'D35C', 'D36A', 'B41C', 'C46D', 'B48A', 'C54A', 'A63D', 'A71D', 'C72D', 'C82A']	19	-9.261133	-9.193194	-15.372691	-6.179497
BCCDDDCDCAADBCCCABCCABCABDBACBDDBADAABCABACBCDABCACBCDCCCBDBACDBBACBCBBDCACADAACCABBBADBCBCAABBCCBB	['D10A', 'D11A', 'D13B', 'D15C', 'D16C', 'D20C', 'C32D', 'A33B', 'D36A', 'C37A', 'C46D', 'C54D', 'A63D', 'B66A', 'A71B', 'C72D', 'C82A', 'A84B', 'C90B', 'A91C']	20	-9.2893505	-7.427402	-13.635118	-6.2077155
BCCDDDCDCCDDDCCCABCBABCABDBACBDCAADABBCABACBCCABCACBBDCCCBDBACCBBBCBCBBCAACADAACCBBABADBCBAAABBCCBB	['D10C', 'D15C', 'D16C', 'D20B', 'D36A', 'C37B', 'C53B', 'C54D', 'A63C', 'A71B', 'C73A', 'C82B', 'C90B']	13	-9.316086	-9.038162	-15.272613	-6.2344503
BCCDDDCDCCCDBCDBABCDABCABDBACBDCAADDBBCABADBCDABCACBADCCCBDBACDCBBCBCBBCCACADAACCABBBADBCBCAABBCCBB	['D10C', 'D11C', 'D13B', 'D16B', 'C37B', 'C43D', 'C46D', 'C53A', 'C54D', 'A63D', 'B64C', 'A71B', 'C82A', 'A84B', 'C90B', 'A91C']	16	-9.329652	-7.775242	-14.023263	-6.248021
BCCDDDCDCCDDDCDDABCDABCABDBACBDDAADDABCACACBCDBBCACBCCDCCBDBCCDBBBCBCBCACACACAACCBBABADBCBAAABBCCBB	['D10C', 'C32D', 'C37A', 'B41C', 'C46D', 'A47B', 'C55D', 'A61C', 'A63D', 'A71C', 'C72A', 'D77C', 'C82B', 'C90B']	14	-9.338705	-7.869833	-14.126906	-6.2570734
BCCDDDCDCCDDBCDDABCDABCABDBACBDCBADDBBCABACBCDABCACBCDCCDBDBACDBBBCBCBACAACCCAACCBBABADBABAABBBCCBB	['D10C', 'D13B', 'A33B', 'C37B', 'C46D', 'C54D', 'C57D', 'A63D', 'C73A', 'A76C', 'D77C', 'C82B', 'C89A', 'C90B', 'A93B']	15	-9.343864	-8.974695	-15.236922	-6.262227
BCCDDDCDCCDDBCDDABCDABCABDBACBDCBADDBBCABACBCDABCACBCDCCDBDBACDBBBCBCBACAACCCAACCBBABADBABAABBBCCBB	['D10C', 'D13B', 'A33B', 'C37B', 'C46D', 'C54D', 'C57D', 'A63D', 'C73A', 'A76C', 'D77C', 'C82B', 'C89A', 'C90B', 'A93B']	15	-9.343864	-8.974695	-15.236922	-6.262227
BCCDDDCDCCACDCDDABABADCABDBACBDCCACACBCABADBCCABCACBCDCCCBDBADDBBBCBCBBBBACADAACCBBACADBCBAAABBCCBB	['D10C', 'D11A', 'D12C', 'C19A', 'D20B', 'B22D', 'A33C', 'D35C', 'D36A', 'C43D', 'C54D', 'C62D', 'A63D', 'A71B', 'C72B', 'C73B', 'C82B', 'B85C', 'C90B']	19	-9.3844385	-8.959028	-15.261834	-6.302806
BCCDDDCDCDDDDCCDABCAABCABDBACBDDAACDABCABACBCDBBCACBCCCCCBDBADDBBBCBCBBCBACACAACCABABADBCBAAABCCCBB	['D15C', 'D20A', 'C32D', 'D35C', 'C37A', 'C46D', 'A47B', 'C62D', 'A63D', 'A71B', 'C73B', 'D77C', 'C82A', 'C90B', 'B95C']	15	-9.401356	-7.565473	-13.885197	-6.3197236
BCCDDDCDCBADBCDDADCAABCABDBACBDCAADABBCABACBCDABCACBCDCCCBDBADDBBBCBCBBBBACADAACCBBABADBCBAAABBCCBB	['D10B', 'D11A', 'D13B', 'B18D', 'D20A', 'D36A', 'C37B', 'C46D', 'C54D', 'C62D', 'A63D', 'A71B', 'C72B', 'C73B', 'C82B', 'C90B']	16	-9.450125	-8.211976	-14.580468	-6.368492
BCCDDDCDCCDDDCDDABCCABBABDBACBDDCACACBCABACBCDBBCCCBBDCCCBDBADDCBACBCBDDAACADAACCCBABADBCBAABBBCCBB	['D10C', 'D20C', 'C23B', 'C32D', 'A33C', 'D35C', 'D36A', 'C46D', 'A47B', 'A50C', 'C53B', 'C54D', 'C62D', 'A63D', 'B64C', 'B66A', 'A71D', 'C72D', 'C73A', 'C90B', 'A93B']	21	-9.464531	-8.642126	-15.025022	-6.3828955
BCCDDDCDCBDCBCDDAAABABCABDBACBDCAADDCBCACACBCDABCACBCCDCCCDCADDCBBCBCBACCACCDAACCCBBBADBCBAAABBCCBB	['D10B', 'D12C', 'D13B', 'B18A', 'C19A', 'D20B', 'B41C', 'C46D', 'C55D', 'B58C', 'B60C', 'C62D', 'A63D', 'B64C', 'A76C', 'A84B', 'C90B']	17	-9.472998	-8.908881	-15.3002405	-6.3913593
BCCDDDCDCCDDDCCDABCCDBBABDBACBDCAACABBCABACBCBAACACBBDDCDCDBADCBBBCCABBCCACADAACCBBABADBCCAACBBCCBB	['D10C', 'D15C', 'D20C', 'A21D', 'C23B', 'D35C', 'D36A', 'C37B', 'C46B', 'B48A', 'C53B', 'C54D', 'C55D', 'C57D', 'B58C', 'C62D', 'A63C', 'B68C', 'C69A', 'A71B', 'C82B', 'A93C']	22	-9.509207	-9.508774	-15.936349	-6.427575
AAADDDCDCCDBBCDDACAAABCABDBACBDCAADAABCACACBCBABCACBBDDCCBDBADDBBBCBCBBCBCCADAACCBBABADBCBAAABBCCBB	['B1A', 'C2A', 'C3A', 'D10C', 'D12B', 'D13B', 'B18C', 'C19A', 'D20A', 'D36A', 'C37A', 'B41C', 'C46B', 'C53B', 'C54D', 'C55D', 'C62D', 'A63D', 'A71B', 'C73B', 'A74C', 'C82B', 'C90B']	23	-9.541292	-9.192268	-15.651926	-6.4596577
AAADDDCDCCDDDCCDABCCABCABDBACBDCAACABBCABACBCDABCCCBCADCCBDBADDBBBCBCBDCCACADAACCABABADBCBAABBCCCBB	['B1A', 'C2A', 'C3A', 'D10C', 'D15C', 'D20C', 'D35C', 'D36A', 'C37B', 'C46D', 'A50C', 'C54A', 'C55D', 'C62D', 'A63D', 'A71D', 'C82A', 'C90B', 'A93B', 'B95C']	20	-9.560929	-8.747839	-15.227138	-6.4792986
BCCDDDCDCCCDDCCDADAAADCABDBACBDCAADACBCABACBCDBBCACBCBDCCBDBACDCBBCBCBBBDACADAACCCBBCADBCBAAABBCCBB	['D10C', 'D11C', 'D15C', 'B18D', 'C19A', 'D20A', 'B22D', 'D36A', 'C46D', 'A47B', 'C54B', 'C55D', 'A63D', 'B64C', 'A71B', 'C72B', 'C73D', 'A84B', 'B85C', 'C90B']	20	-9.606183	-7.0287795	-13.553331	-6.524552
BCCDDDCDCCDDBCDDABCDABCABDBACBDCBADDCBCABACBCDABCACBCCCCDCDBBDDBBBCBCBCCBDCCCAACCABABADBABAABBBCCBB	['D10C', 'D13B', 'A33B', 'C46D', 'C57D', 'B58C', 'A61B', 'C62D', 'A63D', 'A71C', 'C73B', 'A74D', 'A76C', 'D77C', 'C82A', 'C89A', 'C90B', 'A93B']	18	-9.622348	-8.937902	-15.478617	-6.5407143
AAADDDCDCBADBCDDABCAABCABDBACBDDDADDCBCABACBCDBBCACBCBDCCBDBADDBBBCBCBABCACADAACCABABADBCBACABBCCBB	['B1A', 'C2A', 'C3A', 'D10B', 'D11A', 'D13B', 'D20A', 'C32D', 'A33D', 'C46D', 'A47B', 'C54B', 'C55D', 'C62D', 'A63D', 'C72B', 'C82A', 'C90B', 'A92C']	19	-9.685228	-8.892751	-15.4963455	-6.603595
BCCDDDCDCCDDDCDDABCAABCABDBACBDCAADDABCABACBCDABCACBCCDCDBDBDDCCBBBBABACAACADABCCCBBBADBCBAAABBCCBB	['D10C', 'D20A', 'C37A', 'C46D', 'C55D', 'C57D', 'A61D', 'C62D', 'A63C', 'B64C', 'C67B', 'C69A', 'C73A', 'A79B', 'A84B', 'C90B']	16	-9.781395	-6.9285917	-13.628354	-6.6997623
BCCDDDCDCCADBCDDABBCABCABDBACBDCCACACBCACACBCDBBCACBBBDCDCDBADDBBBCBCBBBBACADAACCBBABADBCBAAABBCCBB	['D10C', 'D11A', 'D13B', 'C19B', 'D20C', 'A33C', 'D35C', 'D36A', 'B41C', 'C46D', 'A47B', 'C53B', 'C54B', 'C55D', 'C57D', 'B58C', 'C62D', 'A63D', 'A71B', 'C72B', 'C73B', 'C82B', 'C90B']	23	-9.819269	-8.609834	-15.34747	-6.7376366
BCCDDDCDCCDDDCDDABCDABCABDBACBDDBADDBBCABACBCDBBCACBCCCCCBDBACDDBBCBCBCCAACADADCCCBBBADBABAABBBCCBB	['D10C', 'C32D', 'A33B', 'C37B', 'C46D', 'A47B', 'A63D', 'B64D', 'A71C', 'C73A', 'A79D', 'A84B', 'C89A', 'C90B', 'A93B']	15	-9.860959	-8.96514	-15.744463	-6.7793226
AAADDDCDCCADBCDDABCAABCABDBACBDCAACABBCABACBCDABCACBCDDCDCDCACDBBBCBCBBBBACADAACCCBBBADBCBAAABBCCBB	['B1A', 'C2A', 'C3A', 'D10C', 'D11A', 'D13B', 'D20A', 'D35C', 'D36A', 'C37B', 'C46D', 'C54D', 'C55D', 'C57D', 'B58C', 'B60C', 'A63D', 'A71B', 'C72B', 'C73B', 'A84B', 'C90B']	22	-9.86389	-9.443422	-16.22568	-6.782257
BCCDDDCDCCDDBDDDABCDABCABDBACBDDBADDCBCACACBCDBBCACBCADCCBDBACDBBACBCBDCCACACAACCBBABADBCBAAABBCCBB	['D10C', 'D13B', 'C14D', 'C32D', 'A33B', 'B41C', 'C46D', 'A47B', 'C54A', 'C55D', 'A63D', 'B66A', 'A71D', 'D77C', 'C82B', 'C90B']	16	-9.900787	-9.865687	-16.684841	-6.819154
AAADDDCDCCDDDCDDADAAABCCBDBACBDCDADAABCABACBCDABCACBCDCCCBDBADDBBBCBABCCBACADAACCCBBBADBCBAACBBCCBB	['B1A', 'C2A', 'C3A', 'D10C', 'B18D', 'C19A', 'D20A', 'A24C', 'A33D', 'D36A', 'C37A', 'C46D', 'C54D', 'C62D', 'A63D', 'C69A', 'A71C', 'C73B', 'A84B', 'C90B', 'A93C']	21	-9.930427	-7.2688046	-14.117596	-6.848791
BCCBDDCDCADBBCDDABCCABCABDBACBDDAACABBCABADBCDBBCACBDBCCCBDBACDBBBCBCBBCCACADAACCBBABADBABCDABBCCBB	['D4B', 'D10A', 'D12B', 'D13B', 'D20C', 'C32D', 'D35C', 'D36A', 'C37B', 'C43D', 'C46D', 'A47B', 'C53D', 'C54B', 'A63D', 'A71B', 'C82B', 'C89A', 'C90B', 'A91C', 'A92D']	21	-10.078823	-7.8074813	-14.804677	-6.9971957
BCCDDDCDCCDDBCDDABBCABCABDBACBDDBACABBCABADBCDBBCACBBDDCCBDBADDBBBCBCBBCBACACAACCBBABADBCBAAABBCCBB	['D10C', 'D13B', 'C19B', 'D20C', 'C32D', 'A33B', 'D35C', 'D36A', 'C37B', 'C43D', 'C46D', 'A47B', 'C53B', 'C54D', 'C55D', 'C62D', 'A63D', 'A71B', 'C73B', 'D77C', 'C82B', 'C90B']	22	-10.097105	-9.008567	-16.024044	-7.015477
BCCDDDCDCCADBCDDABCDADCABDBACBDCAADDBBCABACBCDBBCACBCBCCCBDBADDBBBCBCBDBBACACAACCCBBBADBABAABBBCCBB	['D10C', 'D11A', 'D13B', 'B22D', 'C37B', 'C46D', 'A47B', 'C54B', 'C62D', 'A63D', 'A71D', 'C72B', 'C73B', 'D77C', 'A84B', 'C89A', 'C90B', 'A93B']	18	-10.126099	-8.278679	-15.323146	-7.044467
BCCDDDCDCCDDBCDDABCCABCABDBACBDCBACBCBCACADBCDABCACBCADCCBDBADDBBACBCBBBCACADAACCABBBADBABADABBCCBB	['D10C', 'D13B', 'D20C', 'A33B', 'D35C', 'D36B', 'B41C', 'C43D', 'C46D', 'C54A', 'C55D', 'C62D', 'A63D', 'B66A', 'A71B', 'C72B', 'C82A', 'A84B', 'C89A', 'C90B', 'A92D']	21	-10.145578	-7.3933945	-14.457344	-7.0639496
AAADDDCDCCDDDCCDABCCABCABDBACBDDBACBBBCABACBCDBBCACBBDDCCBDBADDBBBCBCBBCBACACAACCABACADBCBAAABBCCBC	['B1A', 'C2A', 'C3A', 'D10C', 'D15C', 'D20C', 'C32D', 'A33B', 'D35C', 'D36B', 'C37B', 'C46D', 'A47B', 'C53B', 'C54D', 'C55D', 'C62D', 'A63D', 'A71B', 'C73B', 'D77C', 'C82A', 'B85C', 'C90B', 'B99C']	25	-10.181858	-9.731871	-16.8321	-7.1002293
BCCDDDCDCAACBDCCABCAABCABDBACBDCAADACBCABACBCDBACACBDACCCBDBACCCBBCBABDCCCCADAACCBBABADBCBAABBBCCBB	['D10A', 'D11A', 'D12C', 'D13B', 'C14D', 'D15C', 'D16C', 'D20A', 'D36A', 'C46D', 'A47B', 'B48A', 'C53D', 'C54A', 'A63C', 'B64C', 'C69A', 'A71D', 'A74C', 'C82B', 'C90B', 'A93B']	22	-10.225386	-8.059769	-15.203526	-7.143757
BCCDDDCDCADBDDDDABCDABCABDBACBDCBADBBBCABACBCDBBCACBBDCCCBDBADDBBBCBCBBABACADAACCBBABADBCBADABCCCBB	['D10A', 'D12B', 'C14D', 'A33B', 'D36B', 'C37B', 'C46D', 'A47B', 'C53B', 'C54D', 'C62D', 'A63D', 'A71B', 'C72A', 'C73B', 'C82B', 'C90B', 'A92D', 'B95C']	19	-10.241962	-10.171755	-17.332085	-7.16033
BCCDDDCDCCDDBCCDABCAABCABDBACBDCAADDCBCABACBCDBBCACBCDDCCBDBADDBBBBBCBABAACACAACCCBBBADBCBAABBBCCBB	['D10C', 'D13B', 'D15C', 'D20A', 'C46D', 'A47B', 'C54D', 'C55D', 'C62D', 'A63D', 'C67B', 'C72B', 'C73A', 'D77C', 'A84B', 'C90B', 'A93B']	17	-10.254549	-8.979532	-16.15245	-7.1729183
BCCDDDCDCCDDBCDDABCDABCABDBACBDDBADDABCABACBCDBBCACBBBDCCBDBACDBBBCBCBACAACADAACCBBABADBCBAABBCCCBB	['D10C', 'D13B', 'C32D', 'A33B', 'C37A', 'C46D', 'A47B', 'C53B', 'C54B', 'C55D', 'A63D', 'C73A', 'C82B', 'C90B', 'A93B', 'B95C']	16	-10.332121	-7.9249973	-15.175483	-7.2504854
BCCDDDCDCCADDCCDABAAABCABDBACBDCAABACBCABACBCDABCCCBCDDCCCDBADDBBBCBCBBDBACADAACCBBACADBABAAABBCCBB	['D10C', 'D11A', 'D15C', 'C19A', 'D20A', 'D35B', 'D36A', 'C46D', 'A50C', 'C54D', 'C55D', 'B58C', 'C62D', 'A63D', 'A71B', 'C72D', 'C73B', 'C82B', 'B85C', 'C89A', 'C90B']	21	-10.352769	-9.405885	-16.677021	-7.2711363
AAADDDCDCCCDBCDDABBCABCABDBACBDDAACACBCABADBCDBBCACBCBCCCBDBACDBBBCBCBDBBACACAACCDBABADBABAABBBCCBB	['B1A', 'C2A', 'C3A', 'D10C', 'D11C', 'D13B', 'C19B', 'D20C', 'C32D', 'D35C', 'D36A', 'C43D', 'C46D', 'A47B', 'C54B', 'A63D', 'A71D', 'C72B', 'C73B', 'D77C', 'C82D', 'C89A', 'C90B', 'A93B']	24	-10.39111	-8.676216	-15.985694	-7.309478
BCCDDDCDCCDDDCDDADBDABCABDBACBDCAADDABCABADBCCAACACBCDCCCBDBDDACBBCBCBCDCCCACAACCABABADBCBAABBBCCBB	['D10C', 'B18D', 'C19B', 'C37A', 'C43D', 'B48A', 'C54D', 'A61D', 'C62D', 'B64C', 'A71C', 'C72D', 'A74C', 'D77C', 'C82A', 'C90B', 'A93B']	17	-10.41715	-7.754964	-15.090483	-7.335519
BCCDDDCDCCDDBCDDABCAABCABDBACBDCAADDBBCABACBCDBBCACBCDCCCBDCCDDBBBBBCBCAAACADACCCCBBBADBCBCABBBCCBB	['D10C', 'D13B', 'D20A', 'C37B', 'C46D', 'A47B', 'C54D', 'B60C', 'A61C', 'C62D', 'A63D', 'C67B', 'A71C', 'C72A', 'C73A', 'A79C', 'A84B', 'C90B', 'A91C', 'A93B']	20	-10.432419	-9.426779	-16.777561	-7.3507824
BCCDDDCDCDDDDCCDABCCABCABDBACBDDBACABBCABADBCDBBCACBCBDCDBDBACDBBBCBCBBCBACADAACCBBABADBABAABBBCCBB	['D15C', 'D20C', 'C32D', 'A33B', 'D35C', 'D36A', 'C37B', 'C43D', 'C46D', 'A47B', 'C54B', 'C55D', 'C57D', 'A63D', 'A71B', 'C73B', 'C82B', 'C89A', 'C90B', 'A93B']	20	-10.443953	-9.898415	-17.260733	-7.362318
BCCDDDCDCBDDBCDDADCAABCABDBACBDCAADACBCABACBCDABCACBCDDCCCDBADDCBBCBCCBBAACCDAACCABABADBCBAAABBCCBB	['D10B', 'D13B', 'B18D', 'D20A', 'D36A', 'C46D', 'C54D', 'C55D', 'B58C', 'C62D', 'A63D', 'B64C', 'B70C', 'A71B', 'C72B', 'C73A', 'A76C', 'C82A', 'C90B']	19	-10.474647	-6.8144097	-14.207424	-7.3930144
BCCDDDCDCCADDCCBABCAABCABDBACBDCAADABBCABACBCDBBCACBCBCCCBDBACDBBBCBCBBCDACCDAACCDBBCADBABAAABBCCBB	['D10C', 'D11A', 'D15C', 'D16B', 'D20A', 'D36A', 'C37B', 'C46D', 'A47B', 'C54B', 'A63D', 'A71B', 'C73D', 'A76C', 'C82D', 'A84B', 'B85C', 'C89A', 'C90B']	19	-10.65973	-9.140097	-16.718195	-7.5780983
AAADDDCDCCADDCCCABAAABCABDBACBDCAACABBCABACBCDABCACBCDDCCBDBADBBBBCBCBDCBACADAACCBBABADBCBAABBBCCBB	['B1A', 'C2A', 'C3A', 'D10C', 'D11A', 'D15C', 'D16C', 'C19A', 'D20A', 'D35C', 'D36A', 'C37B', 'C46D', 'C54D', 'C55D', 'C62D', 'A63B', 'A71D', 'C73B', 'C82B', 'C90B', 'A93B']	22	-10.812119	-9.341424	-17.07191	-7.730487
AAADDDCDCCADDCCDADCAABCABDBACBDCAACABBCABACBCDABCACBCDCCCBDBADDBBBCBCBBCBACADABCCABBCADBABAAABBCCBB	['B1A', 'C2A', 'C3A', 'D10C', 'D11A', 'D15C', 'B18D', 'D20A', 'D35C', 'D36A', 'C37B', 'C46D', 'C54D', 'C62D', 'A63D', 'A71B', 'C73B', 'A79B', 'C82A', 'A84B', 'B85C', 'C89A', 'C90B']	23	-10.90506	-9.690578	-17.514004	-7.8234253
AAADDDCDCCADBCDBABAAADCABDBACBDDCAADBBCABACBCDBBCACBCBCCCBDCACDBBBCBCADCBACACAACCCBBBADBABAABBBCCBB	['B1A', 'C2A', 'C3A', 'D10C', 'D11A', 'D13B', 'D16B', 'C19A', 'D20A', 'B22D', 'C32D', 'A33C', 'D35A', 'C37B', 'C46D', 'A47B', 'C54B', 'B60C', 'A63D', 'B70A', 'A71D', 'C73B', 'D77C', 'A84B', 'C89A', 'C90B', 'A93B']	27	-10.913919	-10.755045	-18.587328	-7.832283
BCCDDDCDCBDDDCCBABCBABCABDBACBDCAADDCBCACACBCDABCACBCDCCCBDBBDDBBBCBCBCABACADAACCABBCADBCBAABBBCCBB	['D10B', 'D15C', 'D16B', 'D20B', 'B41C', 'C46D', 'C54D', 'A61B', 'C62D', 'A63D', 'A71C', 'C72A', 'C73B', 'C82A', 'A84B', 'B85C', 'C90B', 'A93B']	18	-10.969856	-10.251213	-18.139435	-7.8882217
BCCDDDCDCAADBCCDCDCAABCABDBACBDCCABABBCABACBCDBBCACBCDDCDBDCADDBBBCBCBBABACADAACCCBBCADBABAABBBCCBB	['D10A', 'D11A', 'D13B', 'D15C', 'A17C', 'B18D', 'D20A', 'A33C', 'D35B', 'D36A', 'C37B', 'C46D', 'A47B', 'C54D', 'C55D', 'C57D', 'B60C', 'C62D', 'A63D', 'A71B', 'C72A', 'C73B', 'A84B', 'B85C', 'C89A', 'C90B', 'A93B']	27	-11.032541	-10.260838	-18.211742	-7.950905
AAADDDCDCCDDBCDCABCBABCABDBACBDCAACDABCABACBCBAACACBCDCCCCDCDDCCBBCBCBCDCACADAACCBBBBADBCCCAABBCCBB	['B1A', 'C2A', 'C3A', 'D10C', 'D13B', 'D16C', 'D20B', 'D35C', 'C37A', 'C46B', 'B48A', 'C54D', 'B58C', 'B60C', 'A61D', 'C62D', 'A63C', 'B64C', 'A71C', 'C72D', 'C82B', 'A84B', 'A91C']	23	-11.115574	-8.821664	-16.855604	-8.03394
AAADDDCDCCDDDCDDABCDABCABDBACBDDDADDABCABACBCDBBCACBCBCCCBDBACDBBBCBCBBDBACADAACCBBABADBABAABBBCCBB	['B1A', 'C2A', 'C3A', 'D10C', 'C32D', 'A33D', 'C37A', 'C46D', 'A47B', 'C54B', 'A63D', 'A71B', 'C72D', 'C73B', 'C82B', 'C89A', 'C90B', 'A93B']	18	-11.165529	-10.043708	-18.1276	-8.083892
BCCDDDCDCCDDDCCDABCCABCABDBACBDCAACABBCABADBCDABCCCBCDDCDBDCADDBBBCBABDCBACADAACCBBACADBABAABBBCCBB	['D10C', 'D15C', 'D20C', 'D35C', 'D36A', 'C37B', 'C43D', 'C46D', 'A50C', 'C54D', 'C55D', 'C57D', 'B60C', 'C62D', 'A63D', 'C69A', 'A71D', 'C73B', 'C82B', 'B85C', 'C89A', 'C90B', 'A93B']	23	-11.178668	-9.17416	-17.271196	-8.097036
BCCDDDCDCCADDCCDADCAABCABDBACBDCAADABBCABACBCDBBCACBBDDCCBDBACDBBBCBCBBCBACADAACCBBACADBCBAAABBCCBB	['D10C', 'D11A', 'D15C', 'B18D', 'D20A', 'D36A', 'C37B', 'C46D', 'A47B', 'C53B', 'C54D', 'C55D', 'A63D', 'A71B', 'C73B', 'C82B', 'B85C', 'C90B']	18	-11.195646	-9.289672	-17.403687	-8.114015
BCCBDDCDCCDDDCDDABCDABCABDBACBDCBADDCBCACACBCDABCACBCDDCCBDBADDBBBBBCBBBBACADAACCABABADBCBAAABBCCBB	['D4B', 'D10C', 'A33B', 'B41C', 'C46D', 'C54D', 'C55D', 'C62D', 'A63D', 'C67B', 'A71B', 'C72B', 'C73B', 'C82A', 'C90B']	15	-11.238868	-9.567415	-17.72465	-8.157234
BCCDDDCDCCDDCCDDABCDABCABDBACBDCAADDCBCABADBCDBBCACBCDCCCBDBADDCBCBBABADDACCDAACCCBBBADBCBAABBACCBB	['D10C', 'D13C', 'C43D', 'C46D', 'A47B', 'C54D', 'C62D', 'A63D', 'B64C', 'B66C', 'C67B', 'C69A', 'C72D', 'C73D', 'A76C', 'A84B', 'C90B', 'A93B', 'B95A']	19	-11.242855	-9.312231	-17.473452	-8.161221
BCCDDDCDCBDDBCCBABCDABCABDBACBDDAADDBBCABADBCDBBCACBBDDCCBDBACDBBBCBCBBCBACADAACCBBABADBCBAAABBCCBB	['D10B', 'D13B', 'D15C', 'D16B', 'C32D', 'C37B', 'C43D', 'C46D', 'A47B', 'C53B', 'C54D', 'C55D', 'A63D', 'A71B', 'C73B', 'C82B', 'C90B']	17	-11.310539	-10.491514	-18.720419	-8.228905
AAADDDCDCCDDBCDDABCCABCABDBACBDCBACABBCABACBCDABCACBCDDCCBDBADDBBBCBCBCBBACADAACCBBBBADBCBAABBCCCBB	['B1A', 'C2A', 'C3A', 'D10C', 'D13B', 'D20C', 'A33B', 'D35C', 'D36A', 'C37B', 'C46D', 'C54D', 'C55D', 'C62D', 'A63D', 'A71C', 'C72B', 'C73B', 'C82B', 'A84B', 'C90B', 'A93B', 'B95C']	23	-11.3113575	-8.500115	-16.729841	-8.229726
AAADDDCDCCCDBCDDADCAABCABDBACBDCAADABBCABACBCCABCACBCDCCCBDBACDBBBCBCBBCBACADAACCABBBADBABAAABBCCBB	['B1A', 'C2A', 'C3A', 'D10C', 'D11C', 'D13B', 'B18D', 'D20A', 'D36A', 'C37B', 'C54D', 'A63D', 'A71B', 'C73B', 'C82A', 'A84B', 'C89A', 'C90B']	18	-11.362852	-10.3168125	-18.598032	-8.2812195
BCCDDDCDCCCDBCDBABCAABCABDBACBDCAADDBBCABACBCCBACACBBBCCCBDBACDBBBCBDBBCAACCCAACCABABADBABAABBBCCBB	['D10C', 'D11C', 'D13B', 'D16B', 'D20A', 'C37B', 'A47B', 'B48A', 'C53B', 'C54B', 'A63D', 'C69D', 'A71B', 'C73A', 'A76C', 'D77C', 'C82A', 'C89A', 'C90B', 'A93B']	20	-11.46103	-10.209955	-18.589355	-8.3794
AAADDDCDCCDDDCCBABCBABCCBDBACBDCAACACBCACACBCBABCACBCDDCCBDBADDBBBCBCBBBBACADAACCBBABADBCBAAABBCCBB	['B1A', 'C2A', 'C3A', 'D10C', 'D15C', 'D16B', 'D20B', 'A24C', 'D35C', 'D36A', 'B41C', 'C46B', 'C54D', 'C55D', 'C62D', 'A63D', 'A71B', 'C72B', 'C73B', 'C82B', 'C90B']	21	-11.525894	-11.421009	-19.865269	-8.44426
BCCDDDCDCCDDDCCDABCAABCABDBACBDCAADABBCABACBCDABCACBCDCCCBDBDDDBBBBBCBBBBACCDAACCBBABADBCBAAABBCCBB	['D10C', 'D15C', 'D20A', 'D36A', 'C37B', 'C46D', 'C54D', 'A61D', 'C62D', 'A63D', 'C67B', 'A71B', 'C72B', 'C73B', 'A76C', 'C82B', 'C90B']	17	-11.534971	-9.116089	-17.56943	-8.453341
BCCDDDCDCADABCDBABCAABCABDBACBDDAADACBCABADBCDBBCACBBDDCCBDBACDBBBCBCBBCBACADAACCBBABADBABAAABBCCBB	['D10A', 'D12A', 'D13B', 'D16B', 'D20A', 'C32D', 'D36A', 'C43D', 'C46D', 'A47B', 'C53B', 'C54D', 'C55D', 'A63D', 'A71B', 'C73B', 'C82B', 'C89A', 'C90B']	19	-11.564327	-10.900803	-19.3835	-8.482697
AAADDDCDCCDDDCCDABCDABCABDBACBDCAADDBBCABACBCDABCACBBDDCCCDBADDBBBCBCBBBBACADAACCBBACADBCBAAABBCCBB	['B1A', 'C2A', 'C3A', 'D10C', 'D15C', 'C37B', 'C46D', 'C53B', 'C54D', 'C55D', 'B58C', 'C62D', 'A63D', 'A71B', 'C72B', 'C73B', 'C82B', 'B85C', 'C90B']	19	-11.607802	-11.037363	-19.563534	-8.526171
BCCDDDCDCCACDCDAABABABCABDBACBDDAADDCBCABADBCDABCACBCDCCCBDBACDCBBBBABBCAACADAACCBBABADBCBAAABBCCBB	['D10C', 'D11A', 'D12C', 'D16A', 'C19A', 'D20B', 'C32D', 'C43D', 'C46D', 'C54D', 'A63D', 'B64C', 'C67B', 'C69A', 'A71B', 'C73A', 'C82B', 'C90B']	18	-11.915946	-9.653692	-18.487999	-8.834307
AAADDDCDCADDDCCCADCBABCABDBACBDCAADACBAABADBCDBBCACBBBDCCBDCADDBBBCBCBACAACADAACCBBACADBABAAABBCCBB	['B1A', 'C2A', 'C3A', 'D10A', 'D15C', 'D16C', 'B18D', 'D20B', 'D36A', 'C39A', 'C43D', 'C46D', 'A47B', 'C53B', 'C54B', 'C55D', 'B60C', 'C62D', 'A63D', 'C73A', 'C82B', 'B85C', 'C89A', 'C90B']	24	-12.603328	-12.272721	-21.794416	-9.521695
BCCDDDCDCBCCBCDDADCAABCABDBACBDCAADABBCACACBCCABCACBCDDCCBDBADDBBBCBCBBCCCCADAACCABBBADBABCDABBCCBB	['D10B', 'D11C', 'D12C', 'D13B', 'B18D', 'D20A', 'D36A', 'C37B', 'B41C', 'C54D', 'C55D', 'C62D', 'A63D', 'A71B', 'A74C', 'C82A', 'A84B', 'C89A', 'C90B', 'A91C', 'A92D']	21	-12.646174	-10.800477	-20.365026	-9.564549
AAADDDCDCCCDDCDBABCDABCABDBACBDCBADDCBCABACBCDABCACBCDDCDBDBACDBBBCBBBBBBACADAACCABBBADBABCABBBCCBB	['B1A', 'C2A', 'C3A', 'D10C', 'D11C', 'D16B', 'A33B', 'C46D', 'C54D', 'C55D', 'C57D', 'A63D', 'C69B', 'A71B', 'C72B', 'C73B', 'C82A', 'A84B', 'C89A', 'C90B', 'A91C', 'A93B']	22	-12.96637	-12.431359	-22.316101	-9.884742
BCCDDDCDCADCDCCDABABABCABDBACBDCAADBCBCABADBCDABCACBCDDCDBDCADDBBBCBABDCBACADAACCBBBBADBABAACBCCCBB	['D10A', 'D12C', 'D15C', 'C19A', 'D20B', 'D36B', 'C43D', 'C46D', 'C54D', 'C55D', 'C57D', 'B60C', 'C62D', 'A63D', 'C69A', 'A71D', 'C73B', 'C82B', 'A84B', 'C89A', 'C90B', 'A93C', 'B95C']	23	-14.965744	-11.353495	-23.237608	-11.884113
